model,kind,ndim,matrix_size,temperature,tolerance,method,configuration,stage,repeat,run_status,accuracy_status,strict_filling_status,reason,wall_s,density_error,physical_charge_error,physical_charge_error_bound,reference_density_change,reference_charge_change,reference_qualified,density_target,physical_filling_target,root_tolerance,charge_tolerance,solver_filling_residual,density_grid_filling_residual,reported_density_error,reported_charge_error,eigh_matrices,eigvalsh_matrices,total_diagonalizations,eigh_s,eigvalsh_s,lapack_full_s_per_matrix,lapack_values_s_per_matrix,lapack_mixed_floor_s,lapack_overhead_ratio,lapack_full_equivalent_s,full_equivalent_ratio,measured_eigensolve_fraction,non_eigensolve_s,peak_rss_mib,kernel_points,charge_points,density_points,final_points,refinements,lapack_interpretation,source_sha256,file
alias1,normal,1,1,0.002,1e-05,gauss,gauss,cold-controls,,error,unknown,unknown,calculation did not complete successfully,0.012991631869226694,,,,,,,1e-05,1e-05,2.5e-06,2.5e-06,,,,,1016,0,1016,0.00017541786655783653,0.0,1.2768578017130494e-07,9.181530913338065e-08,0.00012972875265404582,100.14458324340889,0.00012972875265404582,100.14458324340889,0.013502373552728908,0.012816214002668858,81.99609375,,8992,1016,,,scalar control: do not infer dense LAPACK efficiency,8881001d4a6f9b3a7d9009c3e36c82d12b89f2146f109cc1575e268d853da4a6,/home/tinkerer/.codex/worktrees/a93c/meanfi/build/periodic-study/runs/alias1--T0.002--e1e-05--gauss.json
alias1,normal,1,1,0.002,1e-05,gk21-derivative,gk21-derivative,cold-controls,,success,pass,pass,passes declared density/filling targets with empirical reference margin,0.1180582377128303,1.716710107402264e-11,1.7531587293007078e-11,,2.2954156323331077e-09,2.7228606591656046e-09,True,1e-05,1e-05,2.5e-06,2.5e-06,1.716715658517387e-11,1.716715658517387e-11,4.846856298843439e-07,4.846851385517846e-07,18123,0,18123,0.003908742684870958,0.0,1.2768578017130494e-07,9.181530913338065e-08,0.0023140493940445594,51.01802840365687,0.0023140493940445594,51.01802840365687,0.033108597592137065,0.11414949502795935,82.29296875,18123,40677,9072,9072,431,scalar control: do not infer dense LAPACK efficiency,8881001d4a6f9b3a7d9009c3e36c82d12b89f2146f109cc1575e268d853da4a6,/home/tinkerer/.codex/worktrees/a93c/meanfi/build/periodic-study/runs/alias1--T0.002--e1e-05--gk21-derivative.json
alias1,normal,1,1,0.002,1e-05,gm-derivative,gm-derivative,cold-controls,,success,pass,pass,passes declared density/filling targets with empirical reference margin,0.1210036356933415,1.716710107402264e-11,1.7531587293007078e-11,,2.2954156323331077e-09,2.7228606591656046e-09,True,1e-05,1e-05,2.5e-06,2.5e-06,1.716715658517387e-11,1.716715658517387e-11,4.846856298843439e-07,4.846851385517846e-07,18123,0,18123,0.00393189350143075,0.0,1.2768578017130494e-07,9.181530913338065e-08,0.0023140493940445594,52.29086120838933,0.0023140493940445594,52.29086120838933,0.032494011265870676,0.11707174219191074,81.31640625,18123,40677,9072,9072,431,scalar control: do not infer dense LAPACK efficiency,8881001d4a6f9b3a7d9009c3e36c82d12b89f2146f109cc1575e268d853da4a6,/home/tinkerer/.codex/worktrees/a93c/meanfi/build/periodic-study/runs/alias1--T0.002--e1e-05--gm-derivative.json
alias1,normal,1,1,0.002,1e-05,periodic,periodic,cold-controls,,error,unknown,unknown,calculation did not complete successfully,0.01823819102719426,,,,,,,1e-05,1e-05,2.5e-06,2.5e-06,,,,,528,0,528,0.00015164492651820183,0.0,1.2768578017130494e-07,9.181530913338065e-08,6.741809193044901e-05,270.5236903769014,6.741809193044901e-05,270.5236903769014,0.00831469120441221,0.01808654610067606,81.3359375,,11080,1032,,,scalar control: do not infer dense LAPACK efficiency,8881001d4a6f9b3a7d9009c3e36c82d12b89f2146f109cc1575e268d853da4a6,/home/tinkerer/.codex/worktrees/a93c/meanfi/build/periodic-study/runs/alias1--T0.002--e1e-05--periodic.json
alias1,normal,1,1,0.002,1e-05,periodic,periodic (max_n=65536),extended-point-limits,extended-points,success,pass,pass,passes declared density/filling targets with empirical reference margin,0.1681549921631813,2.424008109902509e-06,2.4240081027970817e-06,,2.2954156323331077e-09,2.6305501110712726e-09,True,1e-05,1e-05,2.5e-06,2.5e-06,2.424008109846998e-06,2.424008109846998e-06,4.811170906116047e-09,4.811171017138349e-09,131088,0,131088,0.007093694061040878,0.0,1.2768578017130494e-07,9.181530913338065e-08,0.016738073551096022,10.0462572141207,0.016738073551096022,10.0462572141207,0.04218545027885346,0.16106129810214043,83.953125,131088,470856,196616,65536,13,scalar control: do not infer dense LAPACK efficiency,8881001d4a6f9b3a7d9009c3e36c82d12b89f2146f109cc1575e268d853da4a6,/home/tinkerer/.codex/worktrees/a93c/meanfi/build/periodic-study/runs/alias1--T0.002--e1e-05--periodic--rextended-points.json
alias1,normal,1,1,0.05,1e-05,gauss,gauss,controls,,error,unknown,unknown,calculation did not complete successfully,0.01327952602878213,,,,,,,1e-05,1e-05,2.5e-06,2.5e-06,,,,,1016,0,1016,0.00017570285126566887,0.0,1.2768578017130494e-07,9.181530913338065e-08,0.00012972875265404582,102.36378410417086,0.00012972875265404582,102.36378410417086,0.013231108616741998,0.01310382317751646,81.703125,,5736,1016,,,scalar control: do not infer dense LAPACK efficiency,8a9aaa0b12b444025a5422a427af22b3ecf515296748655c1c1d4dcc9434fb2c,/home/tinkerer/.codex/worktrees/a93c/meanfi/build/periodic-study/runs/alias1--T0.05--e1e-05--gauss.json
alias1,normal,1,1,0.05,1e-05,gk21-derivative,gk21-derivative,controls,,success,pass,pass,passes declared density/filling targets with empirical reference margin,0.03819717513397336,2.2212287564826738e-11,2.2211177341802113e-11,,2.080150526487336e-16,0.0,True,1e-05,1e-05,2.5e-06,2.5e-06,2.2210955297197188e-11,2.2210955297197188e-11,1.4666829668039112e-09,1.3991799624510606e-09,5691,0,5691,0.0014257472939789295,0.0,1.2768578017130494e-07,9.181530913338065e-08,0.0007266597749548964,52.565418439935314,0.0007266597749548964,52.565418439935314,0.03732598782444622,0.03677142783999443,81.16796875,5691,14301,2856,2856,135,scalar control: do not infer dense LAPACK efficiency,8a9aaa0b12b444025a5422a427af22b3ecf515296748655c1c1d4dcc9434fb2c,/home/tinkerer/.codex/worktrees/a93c/meanfi/build/periodic-study/runs/alias1--T0.05--e1e-05--gk21-derivative.json
alias1,normal,1,1,0.05,1e-05,gm-derivative,gm-derivative,controls,,success,pass,pass,passes declared density/filling targets with empirical reference margin,0.03795260889455676,2.2212287564826738e-11,2.2211177341802113e-11,,2.080150526487336e-16,0.0,True,1e-05,1e-05,2.5e-06,2.5e-06,2.2210955297197188e-11,2.2210955297197188e-11,1.4666829668039112e-09,1.3991799624510606e-09,5691,0,5691,0.0013729282654821873,0.0,1.2768578017130494e-07,9.181530913338065e-08,0.0007266597749548964,52.228856202907984,0.0007266597749548964,52.228856202907984,0.03617480604025341,0.036579680629074574,81.26171875,5691,14301,2856,2856,135,scalar control: do not infer dense LAPACK efficiency,8a9aaa0b12b444025a5422a427af22b3ecf515296748655c1c1d4dcc9434fb2c,/home/tinkerer/.codex/worktrees/a93c/meanfi/build/periodic-study/runs/alias1--T0.05--e1e-05--gm-derivative.json
alias1,normal,1,1,0.05,1e-05,periodic,periodic,controls,,error,unknown,unknown,calculation did not complete successfully,0.01627988088876009,,,,,,,1e-05,1e-05,2.5e-06,2.5e-06,,,,,528,0,528,0.00014906097203493118,0.0,1.2768578017130494e-07,9.181530913338065e-08,6.741809193044901e-05,241.47644085737426,6.741809193044901e-05,241.47644085737426,0.00915614635349362,0.01613081991672516,80.99609375,,7112,1032,,,scalar control: do not infer dense LAPACK efficiency,8a9aaa0b12b444025a5422a427af22b3ecf515296748655c1c1d4dcc9434fb2c,/home/tinkerer/.codex/worktrees/a93c/meanfi/build/periodic-study/runs/alias1--T0.05--e1e-05--periodic.json
alias1,normal,1,1,0.05,1e-05,periodic,periodic (max_n=8192),alias-guard,max8192,success,pass,pass,passes declared density/filling targets with empirical reference margin,0.012407589703798294,2.0720923613049003e-06,2.0721590149874736e-06,,2.080150526487336e-16,5.551115123125783e-17,True,1e-05,1e-05,2.5e-06,2.5e-06,2.072092362692679e-06,2.072092362692679e-06,2.117341750873525e-06,2.1173417507069914e-06,4112,0,4112,0.00036570848897099495,0.0,1.2768578017130494e-07,9.181530913338065e-08,0.0005250439280644059,23.631526888691653,0.0005250439280644059,23.631526888691653,0.029474579487347316,0.012041881214827299,81.40625,4112,17352,6152,2048,8,scalar control: do not infer dense LAPACK efficiency,8881001d4a6f9b3a7d9009c3e36c82d12b89f2146f109cc1575e268d853da4a6,/home/tinkerer/.codex/worktrees/a93c/meanfi/build/periodic-study/runs/alias1--T0.05--e1e-05--periodic--rmax8192.json
alias1,normal,1,1,0.05,1e-05,periodic-unvalidated,periodic-unvalidated,alias-guard,,success,fail,fail,actual reference error exceeds overall target beyond reference variation,0.001370701938867569,0.6606790047353706,0.556053597756652,,2.080150526487336e-16,0.0,True,1e-05,1e-05,2.5e-06,2.5e-06,1.3706874539276548e-06,1.3706874539276548e-06,2.0962416264466657e-16,0.0,16,0,16,5.8904290199279785e-05,0.0,1.2768578017130494e-07,9.181530913338065e-08,2.042972482740879e-06,670.9350960168671,2.042972482740879e-06,670.9350960168671,0.04297381402111729,0.0013117976486682892,70.56640625,16,136,24,16,1,scalar control: do not infer dense LAPACK efficiency,8881001d4a6f9b3a7d9009c3e36c82d12b89f2146f109cc1575e268d853da4a6,/home/tinkerer/.codex/worktrees/a93c/meanfi/build/periodic-study/runs/alias1--T0.05--e1e-05--periodic-unvalidated.json
anisotropic48,normal,2,48,0.0,0.0001,fermi,fermi (max_ref=100000),zero-temperature-context,,success,unknown,unknown,T=0 context; finite-temperature references do not apply,8.157759312074631,,,,,,,0.0001,0.0001,2.5e-05,2.5e-05,9.62494439704642e-09,9.62494439704642e-09,9.872634796453525e-05,2.4986795963576037e-05,,0,,0.0,0.0,0.00019601790700107813,9.633726585889235e-05,,,,,0.0,8.157759312074631,335.65234375,6625,,,6625,5436,representative sampled LAPACK cost; not a rigorous lower bound or exact node replay,8881001d4a6f9b3a7d9009c3e36c82d12b89f2146f109cc1575e268d853da4a6,/home/tinkerer/.codex/worktrees/a93c/meanfi/build/periodic-study/runs/anisotropic48--T0--e0.0001--fermi.json
anisotropic48,normal,2,48,0.01,1e-05,gauss-bounded,gauss-bounded,gauss-temperature,,timeout,unknown,unknown,calculation did not complete successfully,119.78063130192459,,,,,,,1e-05,1e-05,2.5e-06,2.5e-06,,,,,282688,305152,587840,57.26947373477742,29.658806085120887,0.00019601790700107813,9.633726585889235e-05,84.80941944569349,1.4123505630011346,115.22716645151377,1.0395172856422437,0.7257290170794214,32.85235148202628,704.75,,1164544,87360,,,representative sampled LAPACK cost; not a rigorous lower bound or exact node replay,8881001d4a6f9b3a7d9009c3e36c82d12b89f2146f109cc1575e268d853da4a6,/home/tinkerer/.codex/worktrees/a93c/meanfi/build/periodic-study/runs/anisotropic48--T0.01--e1e-05--gauss-bounded.json
anisotropic48,normal,2,48,0.01,1e-05,gk21-derivative,gk21-derivative,temperature,,memory_limit,unknown,unknown,calculation did not complete successfully,70.16119698993862,,,,,,,1e-05,1e-05,2.5e-06,2.5e-06,,,,,,0,,0.0,0.0,0.00019601790700107813,9.633726585889235e-05,,,,,0.0,70.16119698993862,6163.46484375,,,,,,representative sampled LAPACK cost; not a rigorous lower bound or exact node replay,8881001d4a6f9b3a7d9009c3e36c82d12b89f2146f109cc1575e268d853da4a6,/home/tinkerer/.codex/worktrees/a93c/meanfi/build/periodic-study/runs/anisotropic48--T0.01--e1e-05--gk21-derivative.json
anisotropic48,normal,2,48,0.01,1e-05,gk21-lean,gk21-lean,lean-cold,,success,pass,unknown,passes declared density/filling targets with empirical reference margin,60.75748615991324,6.712393085805957e-09,2.6072592262949e-07,,1.3369290586297618e-08,3.6909731804257717e-07,True,1e-05,1e-05,2.5e-06,2.5e-06,2.607314684155426e-07,2.60614761771194e-07,1.4240308257029809e-07,2.456128309108863e-06,118629,233289,351918,23.975402167532593,22.668652766849846,0.00019601790700107813,9.633726585889235e-05,45.727832704586035,1.328676269273962,68.98222979600541,0.880770110499263,0.7677087694447338,14.113431225530803,423.00390625,,708687,118629,89082,,representative sampled LAPACK cost; not a rigorous lower bound or exact node replay,8881001d4a6f9b3a7d9009c3e36c82d12b89f2146f109cc1575e268d853da4a6,/home/tinkerer/.codex/worktrees/a93c/meanfi/build/periodic-study/runs/anisotropic48--T0.01--e1e-05--gk21-lean.json
anisotropic48,normal,2,48,0.01,1e-05,gm-derivative,gm-derivative,temperature,,success,pass,unknown,passes declared density/filling targets with empirical reference margin,44.34858541097492,7.127913148607945e-09,2.5810026471617675e-07,,1.3369290586297618e-08,3.6909726830458567e-07,True,1e-05,1e-05,2.5e-06,2.5e-06,2.6093183080888593e-07,2.6093183080888593e-07,1.1546693348499397e-07,1.6207537331413592e-06,141117,0,141117,28.733788833022118,0.0,0.00019601790700107813,9.633726585889235e-05,27.661458982271142,1.6032626998958708,27.661458982271142,1.6032626998958708,0.647907674320349,15.614796577952802,3998.2890625,141117,348211,105842,105842,2075,representative sampled LAPACK cost; not a rigorous lower bound or exact node replay,8881001d4a6f9b3a7d9009c3e36c82d12b89f2146f109cc1575e268d853da4a6,/home/tinkerer/.codex/worktrees/a93c/meanfi/build/periodic-study/runs/anisotropic48--T0.01--e1e-05--gm-derivative.json
anisotropic48,normal,2,48,0.01,1e-05,gm-lean,gm-lean,lean-cold,,success,pass,unknown,passes declared density/filling targets with empirical reference margin,36.93943057116121,6.975915289864076e-09,2.5810025050532204e-07,,1.3369290586297618e-08,3.69097264751872e-07,True,1e-05,1e-05,2.5e-06,2.5e-06,2.609318237034586e-07,2.497947839685821e-07,1.9131385710515273e-07,2.495602014138001e-06,72981,141117,214098,14.80056093307212,14.475812629796565,0.00019601790700107813,9.633726585889235e-05,27.900408817054995,1.3239745271610799,41.967041853116825,0.8802009610409979,0.7925507543076447,7.663057008292526,281.8046875,,421192,72981,54740,,representative sampled LAPACK cost; not a rigorous lower bound or exact node replay,8881001d4a6f9b3a7d9009c3e36c82d12b89f2146f109cc1575e268d853da4a6,/home/tinkerer/.codex/worktrees/a93c/meanfi/build/periodic-study/runs/anisotropic48--T0.01--e1e-05--gm-lean.json
anisotropic48,normal,2,48,0.01,1e-05,periodic,periodic,temperature,,success,pass,unknown,passes declared density/filling targets with empirical reference margin,57.50934855500236,7.01738500641369e-09,2.7254273859966816e-07,,1.3369290586297618e-08,3.6908693346049404e-07,True,1e-05,1e-05,2.5e-06,2.5e-06,2.7254059631331984e-07,2.7254059631331984e-07,2.3579114481232788e-08,2.7265879509741353e-07,133184,126528,259712,28.774479238316417,12.916216291021556,0.00019601790700107813,9.633726585889235e-05,38.29581050062552,1.5017138377072083,50.908202663064,1.1296676281350582,0.7249377114655488,15.81865302566439,698.87890625,259712,285376,152896,65536,5,representative sampled LAPACK cost; not a rigorous lower bound or exact node replay,8881001d4a6f9b3a7d9009c3e36c82d12b89f2146f109cc1575e268d853da4a6,/home/tinkerer/.codex/worktrees/a93c/meanfi/build/periodic-study/runs/anisotropic48--T0.01--e1e-05--periodic.json
anisotropic48,normal,2,48,0.01,1e-05,periodic-anisotropic,periodic-anisotropic (max_ref=30),anisotropic-refinement,,success,pass,unknown,passes declared density/filling targets with empirical reference margin,1.5560813629999757,7.017386005614412e-09,2.7254253964770214e-07,,1.3369290586297618e-08,3.6908693346049404e-07,True,1e-05,1e-05,2.5e-06,2.5e-06,2.725405892078925e-07,2.725405892078925e-07,2.3579122870355597e-08,2.7266045421470153e-07,4096,0,4096,0.8513666670769453,0.0,0.00019601790700107813,9.633726585889235e-05,0.802889347076416,1.9381018924540216,0.802889347076416,1.9381018924540216,0.5471222053810811,0.7047146959230304,245.69921875,,20736,6080,2048,5,representative sampled LAPACK cost; not a rigorous lower bound or exact node replay,8881001d4a6f9b3a7d9009c3e36c82d12b89f2146f109cc1575e268d853da4a6,/home/tinkerer/.codex/worktrees/a93c/meanfi/build/periodic-study/runs/anisotropic48--T0.01--e1e-05--periodic-anisotropic.json
anisotropic48,normal,2,48,0.01,1e-05,periodic-eigenvalue-priority,periodic-eigenvalue-priority,cold-cache-policy,,success,pass,unknown,passes declared density/filling targets with empirical reference margin,47.82900781882927,7.01738500641369e-09,2.7254273859966816e-07,,1.3369290586297618e-08,3.6908693346049404e-07,True,1e-05,1e-05,2.5e-06,2.5e-06,2.7254059631331984e-07,2.7254059631331984e-07,2.3579114481232788e-08,2.7265879509741353e-07,134400,50496,184896,27.4839656916447,4.913314065895975,0.00019601790700107813,9.633726585889235e-05,31.20945327775553,1.532516683107656,36.24292693287134,1.3196783997997046,0.6773562997638967,15.431728061288595,703.71875,184896,285376,152896,65536,5,representative sampled LAPACK cost; not a rigorous lower bound or exact node replay,8881001d4a6f9b3a7d9009c3e36c82d12b89f2146f109cc1575e268d853da4a6,/home/tinkerer/.codex/worktrees/a93c/meanfi/build/periodic-study/runs/anisotropic48--T0.01--e1e-05--periodic-eigenvalue-priority.json
anisotropic48,normal,2,48,0.05,1e-07,gauss-bounded,gauss-bounded,gauss-tolerance,,success,pass,pass,passes declared density/filling targets with empirical reference margin,7.517168671824038,1.4738210651898953e-13,5.5564441936439835e-12,,6.084713528791088e-16,1.0658141036401503e-14,True,1e-07,1e-07,2.5e-08,2.5e-08,5.659472890329198e-12,5.659472890329198e-12,1.074140776324839e-12,5.5564441936439835e-12,21824,2048,23872,4.794182274024934,0.19650985533371568,0.00019601790700107813,9.633726585889235e-05,4.475193522870541,1.679741587354254,4.679339475929737,1.6064593540374528,0.6639058330651585,2.5264765424653888,690.25390625,,77824,21824,16384,,representative sampled LAPACK cost; not a rigorous lower bound or exact node replay,8881001d4a6f9b3a7d9009c3e36c82d12b89f2146f109cc1575e268d853da4a6,/home/tinkerer/.codex/worktrees/a93c/meanfi/build/periodic-study/runs/anisotropic48--T0.05--e1e-07--gauss-bounded.json
anisotropic48,normal,2,48,0.05,1e-07,gk21-derivative,gk21-derivative,tolerance,,success,pass,pass,passes declared density/filling targets with empirical reference margin,10.262361275963485,6.174294409078129e-11,2.375504237761561e-09,,6.084713528791088e-16,7.105427357601002e-15,True,1e-07,1e-07,2.5e-08,2.5e-08,2.375500685047882e-09,2.375500685047882e-09,3.071503476951245e-10,7.545455260604683e-09,32193,0,32193,6.59815769828856,0.0,0.00019601790700107813,9.633726585889235e-05,6.310404480085708,1.6262604573683526,6.310404480085708,1.6262604573683526,0.6429473218549392,3.6642035776749253,1046.85546875,32193,99225,24255,24255,18,representative sampled LAPACK cost; not a rigorous lower bound or exact node replay,8881001d4a6f9b3a7d9009c3e36c82d12b89f2146f109cc1575e268d853da4a6,/home/tinkerer/.codex/worktrees/a93c/meanfi/build/periodic-study/runs/anisotropic48--T0.05--e1e-07--gk21-derivative.json
anisotropic48,normal,2,48,0.05,1e-07,gm-derivative,gm-derivative,tolerance,,success,pass,pass,passes declared density/filling targets with empirical reference margin,19.695565215777606,6.174105671163943e-11,2.3811601579382113e-09,,6.084713528791088e-16,1.0658141036401503e-14,True,1e-07,1e-07,2.5e-08,2.5e-08,2.3754900269068457e-09,2.3754900269068457e-09,8.765539246053182e-10,2.4988389179907144e-08,61149,0,61149,12.694487516768277,0.0,0.00019601790700107813,9.633726585889235e-05,11.986298995208926,1.6431731949662,11.986298995208926,1.6431731949662,0.6445353244596937,7.001077699009329,1833.6015625,61149,166906,45866,45866,899,representative sampled LAPACK cost; not a rigorous lower bound or exact node replay,8881001d4a6f9b3a7d9009c3e36c82d12b89f2146f109cc1575e268d853da4a6,/home/tinkerer/.codex/worktrees/a93c/meanfi/build/periodic-study/runs/anisotropic48--T0.05--e1e-07--gm-derivative.json
anisotropic48,normal,2,48,0.05,1e-07,periodic,periodic,tolerance,,success,pass,pass,passes declared density/filling targets with empirical reference margin,10.772089810110629,1.4988010832439613e-15,2.1316282072803006e-14,,6.084713528791088e-16,7.105427357601002e-15,True,1e-07,1e-07,2.5e-08,2.5e-08,2.842170943040401e-14,2.842170943040401e-14,1.609823385706477e-15,2.842170943040401e-14,32768,2112,34880,6.771988146007061,0.20517611969262362,0.00019601790700107813,9.633726585889235e-05,6.626579082105309,1.62558835813188,6.837104596197605,1.5755338621119575,0.6477075840150306,3.794925544410944,698.7265625,34880,71296,38208,16384,4,representative sampled LAPACK cost; not a rigorous lower bound or exact node replay,8881001d4a6f9b3a7d9009c3e36c82d12b89f2146f109cc1575e268d853da4a6,/home/tinkerer/.codex/worktrees/a93c/meanfi/build/periodic-study/runs/anisotropic48--T0.05--e1e-07--periodic.json
anisotropic48,normal,2,48,0.05,1e-07,periodic-anisotropic,periodic-anisotropic (max_ref=30),anisotropic-refinement,,success,pass,pass,passes declared density/filling targets with empirical reference margin,1.0783143299631774,1.2767564793897714e-15,2.1316282072803006e-14,,6.084713528791088e-16,7.105427357601002e-15,True,1e-07,1e-07,2.5e-08,2.5e-08,3.197442310920451e-14,3.197442310920451e-14,1.4988010832439613e-15,4.973799150320701e-14,2048,0,2048,0.6193831125274301,0.0,0.00019601790700107813,9.633726585889235e-05,0.401444673538208,2.6860845367787585,0.401444673538208,2.6860845367787585,0.5743994077761917,0.4589312174357474,213.16015625,,10176,3008,1024,4,representative sampled LAPACK cost; not a rigorous lower bound or exact node replay,8881001d4a6f9b3a7d9009c3e36c82d12b89f2146f109cc1575e268d853da4a6,/home/tinkerer/.codex/worktrees/a93c/meanfi/build/periodic-study/runs/anisotropic48--T0.05--e1e-07--periodic-anisotropic.json
anisotropic48,normal,2,48,0.05,1e-05,gauss,gauss,baseline,,success,pass,pass,passes declared density/filling targets with empirical reference margin,6.816332476213574,1.4727108421652702e-13,5.5493387662863825e-12,,6.084713528791088e-16,1.0658141036401503e-14,True,1e-05,1e-05,2.5e-06,2.5e-06,5.6488147492927965e-12,5.6488147492927965e-12,1.0740852651736077e-12,5.5493387662863825e-12,21824,0,21824,4.54540087049827,0.0,0.00019601790700107813,9.633726585889235e-05,4.277894802391529,1.593384781786347,4.277894802391529,1.593384781786347,0.6668396658114906,2.2709316057153046,743.34765625,,76800,21824,16384,,representative sampled LAPACK cost; not a rigorous lower bound or exact node replay,8a9aaa0b12b444025a5422a427af22b3ecf515296748655c1c1d4dcc9434fb2c,/home/tinkerer/.codex/worktrees/a93c/meanfi/build/periodic-study/runs/anisotropic48--T0.05--e1e-05--gauss.json
anisotropic48,normal,2,48,0.05,1e-05,gauss-bounded,gauss-bounded,bounded-gauss,,success,pass,pass,passes declared density/filling targets with empirical reference margin,7.781800298020244,1.4727108421652702e-13,5.5493387662863825e-12,,6.084713528791088e-16,1.0658141036401503e-14,True,1e-05,1e-05,2.5e-06,2.5e-06,5.652367462971597e-12,5.652367462971597e-12,1.0740852651736077e-12,5.552891479965183e-12,21824,2048,23872,4.955696396064013,0.19625985762104392,0.00019601790700107813,9.633726585889235e-05,4.475193522870541,1.7388745890543598,4.679339475929737,1.6630125550944515,0.6620519746562705,2.6298440443351865,670.546875,,76800,21824,16384,,representative sampled LAPACK cost; not a rigorous lower bound or exact node replay,8881001d4a6f9b3a7d9009c3e36c82d12b89f2146f109cc1575e268d853da4a6,/home/tinkerer/.codex/worktrees/a93c/meanfi/build/periodic-study/runs/anisotropic48--T0.05--e1e-05--gauss-bounded.json
anisotropic48,normal,2,48,0.05,1e-05,gk21,gk21,optimizations,,success,pass,pass,passes declared density/filling targets with empirical reference margin,10.191151367034763,6.174283306847883e-11,2.375500685047882e-09,,6.084713528791088e-16,7.105427357601002e-15,True,1e-05,1e-05,2.5e-06,2.5e-06,2.3754971323342033e-09,2.3754971323342033e-09,3.0715035203022897e-10,7.545454927537776e-09,32193,0,32193,6.5383895030245185,0.0,0.00019601790700107813,9.633726585889235e-05,6.310404480085708,1.6149759336657206,6.310404480085708,1.6149759336657206,0.6415751535370375,3.6527618640102446,1046.71484375,32193,99225,24255,24255,18,representative sampled LAPACK cost; not a rigorous lower bound or exact node replay,8a9aaa0b12b444025a5422a427af22b3ecf515296748655c1c1d4dcc9434fb2c,/home/tinkerer/.codex/worktrees/a93c/meanfi/build/periodic-study/runs/anisotropic48--T0.05--e1e-05--gk21.json
anisotropic48,normal,2,48,0.05,1e-05,gk21-charge-only,gk21-charge-only,optimizations,,success,pass,pass,passes declared density/filling targets with empirical reference margin,3.0389784849248827,2.1896049529068762e-08,8.424410467000598e-07,,6.084713528791088e-16,7.105427357601002e-15,True,1e-05,1e-05,2.5e-06,2.5e-06,8.424411497287565e-07,8.424411497287565e-07,5.07485920023254e-08,1.0249342117241156e-06,9261,0,9261,1.9317522095516324,0.0,0.00019601790700107813,9.633726585889235e-05,1.8153218367369846,1.6740714640371448,1.8153218367369846,1.6740714640371448,0.6356584026949376,1.1072262753732502,427.734375,9261,38367,7056,7056,5,representative sampled LAPACK cost; not a rigorous lower bound or exact node replay,8a9aaa0b12b444025a5422a427af22b3ecf515296748655c1c1d4dcc9434fb2c,/home/tinkerer/.codex/worktrees/a93c/meanfi/build/periodic-study/runs/anisotropic48--T0.05--e1e-05--gk21-charge-only.json
anisotropic48,normal,2,48,0.05,1e-05,gk21-derivative,gk21-derivative,repeatability,2,success,pass,pass,passes declared density/filling targets with empirical reference margin,3.626283338293433,6.171357869177996e-11,2.3756037137445674e-09,,6.084713528791088e-16,7.105427357601002e-15,True,1e-05,1e-05,2.5e-06,2.5e-06,2.3755077904752397e-09,2.3755077904752397e-09,5.074929256346228e-08,1.0249484647673057e-06,9261,0,9261,2.4580019819550216,0.0,0.00019601790700107813,9.633726585889235e-05,1.8153218367369846,1.9975980373880295,1.8153218367369846,1.9975980373880295,0.6778295440950798,1.1682813563384116,428.08984375,9261,31311,7056,7056,5,representative sampled LAPACK cost; not a rigorous lower bound or exact node replay,8881001d4a6f9b3a7d9009c3e36c82d12b89f2146f109cc1575e268d853da4a6,/home/tinkerer/.codex/worktrees/a93c/meanfi/build/periodic-study/runs/anisotropic48--T0.05--e1e-05--gk21-derivative--r2.json
anisotropic48,normal,2,48,0.05,1e-05,gk21-derivative,gk21-derivative,repeatability,3,success,pass,pass,passes declared density/filling targets with empirical reference margin,2.95498665003106,6.171357869177996e-11,2.3756037137445674e-09,,6.084713528791088e-16,7.105427357601002e-15,True,1e-05,1e-05,2.5e-06,2.5e-06,2.3755077904752397e-09,2.3755077904752397e-09,5.074929256346228e-08,1.0249484647673057e-06,9261,0,9261,1.8673774357885122,0.0,0.00019601790700107813,9.633726585889235e-05,1.8153218367369846,1.6278031752995419,1.8153218367369846,1.6278031752995419,0.6319410734965196,1.0876092142425478,429.63671875,9261,31311,7056,7056,5,representative sampled LAPACK cost; not a rigorous lower bound or exact node replay,8881001d4a6f9b3a7d9009c3e36c82d12b89f2146f109cc1575e268d853da4a6,/home/tinkerer/.codex/worktrees/a93c/meanfi/build/periodic-study/runs/anisotropic48--T0.05--e1e-05--gk21-derivative--r3.json
anisotropic48,normal,2,48,0.05,1e-05,gk21-derivative,gk21-derivative,baseline,,success,pass,pass,passes declared density/filling targets with empirical reference margin,2.9508340102620423,6.171357869177996e-11,2.3756037137445674e-09,,6.084713528791088e-16,7.105427357601002e-15,True,1e-05,1e-05,2.5e-06,2.5e-06,2.3755077904752397e-09,2.3755077904752397e-09,5.074929256346228e-08,1.0249484647673057e-06,9261,0,9261,1.8632883238606155,0.0,0.00019601790700107813,9.633726585889235e-05,1.8153218367369846,1.625515625133516,1.8153218367369846,1.625515625133516,0.6314446415422569,1.0875456864014268,429.1640625,9261,31311,7056,7056,5,representative sampled LAPACK cost; not a rigorous lower bound or exact node replay,8a9aaa0b12b444025a5422a427af22b3ecf515296748655c1c1d4dcc9434fb2c,/home/tinkerer/.codex/worktrees/a93c/meanfi/build/periodic-study/runs/anisotropic48--T0.05--e1e-05--gk21-derivative.json
anisotropic48,normal,2,48,0.05,1e-05,gk21-fresh,gk21-fresh,optimizations,,success,pass,pass,passes declared density/filling targets with empirical reference margin,10.807774336077273,6.171096966767209e-11,2.375500685047882e-09,,6.084713528791088e-16,7.105427357601002e-15,True,1e-05,1e-05,2.5e-06,2.5e-06,2.3754971323342033e-09,2.3754971323342033e-09,5.074929254958449e-08,7.545454927537776e-09,41454,0,41454,8.467580169904977,0.0,0.00019601790700107813,9.633726585889235e-05,8.125726316822693,1.330068711974945,8.125726316822693,1.330068711974945,0.7834712223440373,2.340194166172296,1315.609375,41454,99225,9261,7056,23,representative sampled LAPACK cost; not a rigorous lower bound or exact node replay,8a9aaa0b12b444025a5422a427af22b3ecf515296748655c1c1d4dcc9434fb2c,/home/tinkerer/.codex/worktrees/a93c/meanfi/build/periodic-study/runs/anisotropic48--T0.05--e1e-05--gk21-fresh.json
anisotropic48,normal,2,48,0.05,1e-05,gk21-lean,gk21-lean,lean-adaptive,,success,pass,pass,passes declared density/filling targets with empirical reference margin,4.048119126819074,6.171363420293119e-11,2.375610819171925e-09,,6.084713528791088e-16,7.105427357601002e-15,True,1e-05,1e-05,2.5e-06,2.5e-06,2.3755077904752397e-09,2.3755148959025973e-09,5.074929271813744e-08,1.0249484665109777e-06,9261,9261,18522,1.8933903379365802,1.093728999607265,0.00019601790700107813,9.633726585889235e-05,2.7075012558561866,1.4951494918287478,3.630643673473969,1.1149866224535456,0.7379030221106808,1.060999789275229,192.4140625,,40572,9261,7056,,representative sampled LAPACK cost; not a rigorous lower bound or exact node replay,8881001d4a6f9b3a7d9009c3e36c82d12b89f2146f109cc1575e268d853da4a6,/home/tinkerer/.codex/worktrees/a93c/meanfi/build/periodic-study/runs/anisotropic48--T0.05--e1e-05--gk21-lean.json
anisotropic48,normal,2,48,0.05,1e-05,gm,gm,optimizations,,success,pass,pass,passes declared density/filling targets with empirical reference margin,18.579882115125656,6.172889976951978e-11,2.3884219046976796e-09,,6.084713528791088e-16,1.0658141036401503e-14,True,1e-05,1e-05,2.5e-06,2.5e-06,2.375482921479488e-09,2.375482921479488e-09,2.356784318307474e-09,5.751971880740836e-08,52649,0,52649,12.22625295445323,0.0,0.00019601790700107813,9.633726585889235e-05,10.320146785699762,1.8003505668030901,10.320146785699762,1.8003505668030901,0.6580371650743675,6.353629160672426,1595.453125,52649,143514,39491,39491,774,representative sampled LAPACK cost; not a rigorous lower bound or exact node replay,8a9aaa0b12b444025a5422a427af22b3ecf515296748655c1c1d4dcc9434fb2c,/home/tinkerer/.codex/worktrees/a93c/meanfi/build/periodic-study/runs/anisotropic48--T0.05--e1e-05--gm.json
anisotropic48,normal,2,48,0.05,1e-05,gm-charge-only,gm-charge-only,optimizations,,success,pass,pass,passes declared density/filling targets with empirical reference margin,5.372247218154371,2.1970820218708553e-08,8.500592727500589e-07,,6.084713528791088e-16,7.105427357601002e-15,True,1e-05,1e-05,2.5e-06,2.5e-06,8.42456827854221e-07,8.42456827854221e-07,7.259237331352366e-08,1.8123714347652309e-06,16745,0,16745,3.4349239636212587,0.0,0.00019601790700107813,9.633726585889235e-05,3.2823198527330533,1.6367226410555695,3.2823198527330533,1.6367226410555695,0.6393830782793579,1.937323254533112,621.16015625,16745,55250,12563,12563,246,representative sampled LAPACK cost; not a rigorous lower bound or exact node replay,8a9aaa0b12b444025a5422a427af22b3ecf515296748655c1c1d4dcc9434fb2c,/home/tinkerer/.codex/worktrees/a93c/meanfi/build/periodic-study/runs/anisotropic48--T0.05--e1e-05--gm-charge-only.json
anisotropic48,normal,2,48,0.05,1e-05,gm-derivative,gm-derivative,repeatability,2,success,pass,pass,passes declared density/filling targets with empirical reference margin,4.572358807083219,4.16283940863416e-10,6.196394508606318e-09,,6.084713528791088e-16,7.105427357601002e-15,True,1e-05,1e-05,2.5e-06,2.5e-06,2.375255547804045e-09,2.375255547804045e-09,1.163002327786173e-07,2.3847116093524134e-06,14229,0,14229,2.9180179215036333,0.0,0.00019601790700107813,9.633726585889235e-05,2.7891387987183407,1.6393443055556434,2.7891387987183407,1.6393443055556434,0.638186556353193,1.654340885579586,552.8515625,14229,38692,10676,10676,209,representative sampled LAPACK cost; not a rigorous lower bound or exact node replay,8881001d4a6f9b3a7d9009c3e36c82d12b89f2146f109cc1575e268d853da4a6,/home/tinkerer/.codex/worktrees/a93c/meanfi/build/periodic-study/runs/anisotropic48--T0.05--e1e-05--gm-derivative--r2.json
anisotropic48,normal,2,48,0.05,1e-05,gm-derivative,gm-derivative,repeatability,3,success,pass,pass,passes declared density/filling targets with empirical reference margin,4.558147872798145,4.16283940863416e-10,6.196394508606318e-09,,6.084713528791088e-16,7.105427357601002e-15,True,1e-05,1e-05,2.5e-06,2.5e-06,2.375255547804045e-09,2.375255547804045e-09,1.163002327786173e-07,2.3847116093524134e-06,14229,0,14229,2.9195030769333243,0.0,0.00019601790700107813,9.633726585889235e-05,2.7891387987183407,1.6342492079966389,2.7891387987183407,1.6342492079966389,0.6405020544322768,1.6386447958648205,552.6015625,14229,38692,10676,10676,209,representative sampled LAPACK cost; not a rigorous lower bound or exact node replay,8881001d4a6f9b3a7d9009c3e36c82d12b89f2146f109cc1575e268d853da4a6,/home/tinkerer/.codex/worktrees/a93c/meanfi/build/periodic-study/runs/anisotropic48--T0.05--e1e-05--gm-derivative--r3.json
anisotropic48,normal,2,48,0.05,1e-05,gm-derivative,gm-derivative,baseline,,success,pass,pass,passes declared density/filling targets with empirical reference margin,4.604471690021455,4.16283940863416e-10,6.196394508606318e-09,,6.084713528791088e-16,7.105427357601002e-15,True,1e-05,1e-05,2.5e-06,2.5e-06,2.375255547804045e-09,2.375255547804045e-09,1.163002327786173e-07,2.3847116093524134e-06,14229,0,14229,2.9368800837546587,0.0,0.00019601790700107813,9.633726585889235e-05,2.7891387987183407,1.6508578533765665,2.7891387987183407,1.6508578533765665,0.6378321513235266,1.6675916062667966,552.78125,14229,38692,10676,10676,209,representative sampled LAPACK cost; not a rigorous lower bound or exact node replay,8a9aaa0b12b444025a5422a427af22b3ecf515296748655c1c1d4dcc9434fb2c,/home/tinkerer/.codex/worktrees/a93c/meanfi/build/periodic-study/runs/anisotropic48--T0.05--e1e-05--gm-derivative.json
anisotropic48,normal,2,48,0.05,1e-05,gm-fresh,gm-fresh,optimizations,,success,pass,pass,passes declared density/filling targets with empirical reference margin,14.821243023034185,9.715308779689735e-08,2.3884219046976796e-09,,6.084713528791088e-16,1.0658141036401503e-14,True,1e-05,1e-05,2.5e-06,2.5e-06,2.375482921479488e-09,2.375482921479488e-09,9.853272101262951e-06,5.751971880740836e-08,55386,0,55386,12.182705831713974,0.0,0.00019601790700107813,9.633726585889235e-05,10.856647797161713,1.3651767377872337,10.856647797161713,1.3651767377872337,0.8219759849278787,2.6385371913202107,1585.66015625,55386,143514,2737,2057,814,representative sampled LAPACK cost; not a rigorous lower bound or exact node replay,8a9aaa0b12b444025a5422a427af22b3ecf515296748655c1c1d4dcc9434fb2c,/home/tinkerer/.codex/worktrees/a93c/meanfi/build/periodic-study/runs/anisotropic48--T0.05--e1e-05--gm-fresh.json
anisotropic48,normal,2,48,0.05,1e-05,gm-lean,gm-lean,lean-adaptive,,success,pass,pass,passes declared density/filling targets with empirical reference margin,4.343802547082305,1.3764825390616409e-09,6.196376745037924e-09,,6.084713528791088e-16,1.0658141036401503e-14,True,1e-05,1e-05,2.5e-06,2.5e-06,2.3752768640861177e-09,2.3945418092807813e-08,2.002293854572663e-07,2.378279479571575e-06,9809,14229,24038,1.9827625704929233,1.4002737924456596,0.00019601790700107813,9.633726585889235e-05,3.2935226056797546,1.3188925861906393,4.711878448491916,0.9218834047963573,0.7788190937018856,0.9607661841437221,115.546875,,48501,9809,7361,,representative sampled LAPACK cost; not a rigorous lower bound or exact node replay,8881001d4a6f9b3a7d9009c3e36c82d12b89f2146f109cc1575e268d853da4a6,/home/tinkerer/.codex/worktrees/a93c/meanfi/build/periodic-study/runs/anisotropic48--T0.05--e1e-05--gm-lean.json
anisotropic48,normal,2,48,0.05,1e-05,periodic,periodic,repeatability,2,success,pass,pass,passes declared density/filling targets with empirical reference margin,2.6510556265711784,2.1342590472706036e-09,8.211484114895029e-08,,6.084713528791088e-16,1.0658141036401503e-14,True,1e-05,1e-05,2.5e-06,2.5e-06,8.211481627995454e-08,8.211481627995454e-08,5.755292175994853e-09,7.970496795906001e-08,8192,0,8192,1.6913199597038329,0.0,0.00019601790700107813,9.633726585889235e-05,1.605778694152832,1.650947067752576,1.605778694152832,1.650947067752576,0.6379798080251344,0.9597356668673456,467.26171875,8192,18048,9536,4096,3,representative sampled LAPACK cost; not a rigorous lower bound or exact node replay,8881001d4a6f9b3a7d9009c3e36c82d12b89f2146f109cc1575e268d853da4a6,/home/tinkerer/.codex/worktrees/a93c/meanfi/build/periodic-study/runs/anisotropic48--T0.05--e1e-05--periodic--r2.json
anisotropic48,normal,2,48,0.05,1e-05,periodic,periodic,repeatability,3,success,pass,pass,passes declared density/filling targets with empirical reference margin,2.645147548057139,2.1342590472706036e-09,8.211484114895029e-08,,6.084713528791088e-16,1.0658141036401503e-14,True,1e-05,1e-05,2.5e-06,2.5e-06,8.211481627995454e-08,8.211481627995454e-08,5.755292175994853e-09,7.970496795906001e-08,8192,0,8192,1.687034109607339,0.0,0.00019601790700107813,9.633726585889235e-05,1.605778694152832,1.6472678070078963,1.605778694152832,1.6472678070078963,0.637784501226204,0.9581134384498,436.984375,8192,18048,9536,4096,3,representative sampled LAPACK cost; not a rigorous lower bound or exact node replay,8881001d4a6f9b3a7d9009c3e36c82d12b89f2146f109cc1575e268d853da4a6,/home/tinkerer/.codex/worktrees/a93c/meanfi/build/periodic-study/runs/anisotropic48--T0.05--e1e-05--periodic--r3.json
anisotropic48,normal,2,48,0.05,1e-05,periodic,periodic,baseline,,success,pass,pass,passes declared density/filling targets with empirical reference margin,2.651763293892145,2.1342590472706036e-09,8.211484114895029e-08,,6.084713528791088e-16,1.0658141036401503e-14,True,1e-05,1e-05,2.5e-06,2.5e-06,8.211481627995454e-08,8.211481627995454e-08,5.755292175994853e-09,7.970496795906001e-08,8192,0,8192,1.69419539347291,0.0,0.00019601790700107813,9.633726585889235e-05,1.605778694152832,1.6513877681576463,1.605778694152832,1.6513877681576463,0.6388939002870961,0.9575679004192352,424.4765625,8192,18048,9536,4096,3,representative sampled LAPACK cost; not a rigorous lower bound or exact node replay,8a9aaa0b12b444025a5422a427af22b3ecf515296748655c1c1d4dcc9434fb2c,/home/tinkerer/.codex/worktrees/a93c/meanfi/build/periodic-study/runs/anisotropic48--T0.05--e1e-05--periodic.json
anisotropic48,normal,2,48,0.05,1e-05,periodic-anisotropic,periodic-anisotropic (max_ref=30),repeatability,2,success,pass,pass,passes declared density/filling targets with empirical reference margin,0.3872922072187066,2.1342590472706036e-09,8.211484825437765e-08,,6.084713528791088e-16,1.0658141036401503e-14,True,1e-05,1e-05,2.5e-06,2.5e-06,8.21148233853819e-08,8.21148233853819e-08,5.755292172625706e-09,7.970498216991473e-08,1024,0,1024,0.20920506725087762,0.0,0.00019601790700107813,9.633726585889235e-05,0.200722336769104,1.9294923198518692,0.200722336769104,1.9294923198518692,0.540173706962139,0.178087139967829,135.6640625,,5056,1472,512,3,representative sampled LAPACK cost; not a rigorous lower bound or exact node replay,8881001d4a6f9b3a7d9009c3e36c82d12b89f2146f109cc1575e268d853da4a6,/home/tinkerer/.codex/worktrees/a93c/meanfi/build/periodic-study/runs/anisotropic48--T0.05--e1e-05--periodic-anisotropic--r2.json
anisotropic48,normal,2,48,0.05,1e-05,periodic-anisotropic,periodic-anisotropic (max_ref=30),repeatability,3,success,pass,pass,passes declared density/filling targets with empirical reference margin,0.3875579880550504,2.1342590472706036e-09,8.211484825437765e-08,,6.084713528791088e-16,1.0658141036401503e-14,True,1e-05,1e-05,2.5e-06,2.5e-06,8.21148233853819e-08,8.21148233853819e-08,5.755292172625706e-09,7.970498216991473e-08,1024,0,1024,0.20992116583511233,0.0,0.00019601790700107813,9.633726585889235e-05,0.200722336769104,1.9308164417240128,0.200722336769104,1.9308164417240128,0.5416509846399921,0.17763682221993804,135.58984375,,5056,1472,512,3,representative sampled LAPACK cost; not a rigorous lower bound or exact node replay,8881001d4a6f9b3a7d9009c3e36c82d12b89f2146f109cc1575e268d853da4a6,/home/tinkerer/.codex/worktrees/a93c/meanfi/build/periodic-study/runs/anisotropic48--T0.05--e1e-05--periodic-anisotropic--r3.json
anisotropic48,normal,2,48,0.05,1e-05,periodic-anisotropic,periodic-anisotropic (max_ref=30),anisotropic-refinement,,success,pass,pass,passes declared density/filling targets with empirical reference margin,0.4002521657384932,2.1342590472706036e-09,8.211484825437765e-08,,6.084713528791088e-16,1.0658141036401503e-14,True,1e-05,1e-05,2.5e-06,2.5e-06,8.21148233853819e-08,8.21148233853819e-08,5.755292172625706e-09,7.970498216991473e-08,1024,0,1024,0.2189066167920828,0.0,0.00019601790700107813,9.633726585889235e-05,0.200722336769104,1.99405891831019,0.200722336769104,1.99405891831019,0.5469217546598025,0.18134554894641042,202.73828125,,5056,1472,512,3,representative sampled LAPACK cost; not a rigorous lower bound or exact node replay,8881001d4a6f9b3a7d9009c3e36c82d12b89f2146f109cc1575e268d853da4a6,/home/tinkerer/.codex/worktrees/a93c/meanfi/build/periodic-study/runs/anisotropic48--T0.05--e1e-05--periodic-anisotropic.json
anisotropic48,normal,2,48,0.05,0.001,gauss-bounded,gauss-bounded,gauss-tolerance,,success,pass,pass,passes declared density/filling targets with empirical reference margin,1.6926531121134758,1.0095206803839574e-07,3.884071592352711e-06,,6.084713528791088e-16,1.0658141036401503e-14,True,0.001,0.001,0.00025,0.00025,3.884077038662781e-06,3.884077038662781e-06,2.8018598272755435e-07,3.961304340549532e-06,5440,0,5440,1.0848309556022286,0.0,0.00019601790700107813,9.633726585889235e-05,1.066337414085865,1.5873522674476634,1.066337414085865,1.5873522674476634,0.6409056574194875,0.6078221565112472,286.09375,,19136,5440,4096,,representative sampled LAPACK cost; not a rigorous lower bound or exact node replay,8881001d4a6f9b3a7d9009c3e36c82d12b89f2146f109cc1575e268d853da4a6,/home/tinkerer/.codex/worktrees/a93c/meanfi/build/periodic-study/runs/anisotropic48--T0.05--e0.001--gauss-bounded.json
anisotropic48,normal,2,48,0.05,0.001,gk21-derivative,gk21-derivative,tolerance,,success,pass,pass,passes declared density/filling targets with empirical reference margin,2.9602112411521375,6.174055711127835e-11,2.3766482115661347e-09,,6.084713528791088e-16,1.0658141036401503e-14,True,0.001,0.001,0.00025,0.00025,2.3765487355831283e-09,2.3765487355831283e-09,5.0749292612034536e-08,1.0249484647673057e-06,9261,0,9261,1.8974879626184702,0.0,0.00019601790700107813,9.633726585889235e-05,1.8153218367369846,1.6306812275629734,1.8153218367369846,1.6306812275629734,0.6409974856659058,1.0627232785336673,424.9375,9261,24696,7056,7056,5,representative sampled LAPACK cost; not a rigorous lower bound or exact node replay,8881001d4a6f9b3a7d9009c3e36c82d12b89f2146f109cc1575e268d853da4a6,/home/tinkerer/.codex/worktrees/a93c/meanfi/build/periodic-study/runs/anisotropic48--T0.05--e0.001--gk21-derivative.json
anisotropic48,normal,2,48,0.05,0.001,gm-derivative,gm-derivative,tolerance,,success,pass,pass,passes declared density/filling targets with empirical reference margin,1.7001905548386276,7.516645398448031e-08,1.9058899098922666e-06,,6.084713528791088e-16,1.0658141036401503e-14,True,0.001,0.001,0.00025,0.00025,2.3638513368950953e-09,2.3638513368950953e-09,8.303845474101623e-06,0.00024111063739268301,3349,0,3349,1.1928073982708156,0.0,0.00019601790700107813,9.633726585889235e-05,0.6564639705466107,2.589922114724664,0.6564639705466107,2.589922114724664,0.7015727706968882,0.507383156567812,259.546875,3349,9350,2516,2516,49,representative sampled LAPACK cost; not a rigorous lower bound or exact node replay,8881001d4a6f9b3a7d9009c3e36c82d12b89f2146f109cc1575e268d853da4a6,/home/tinkerer/.codex/worktrees/a93c/meanfi/build/periodic-study/runs/anisotropic48--T0.05--e0.001--gm-derivative.json
anisotropic48,normal,2,48,0.05,0.001,periodic,periodic,tolerance,,success,pass,pass,passes declared density/filling targets with empirical reference margin,2.6555022969841957,2.135093990496273e-09,8.2146964786034e-08,,6.084713528791088e-16,7.105427357601002e-15,True,0.001,0.001,0.00025,0.00025,8.214692925889722e-08,8.214692925889722e-08,5.755292175127491e-09,7.970495730091898e-08,8192,0,8192,1.694159997627139,0.0,0.00019601790700107813,9.633726585889235e-05,1.605778694152832,1.6537162354026445,1.605778694152832,1.6537162354026445,0.6379809949895976,0.9613422993570566,416.1796875,8192,17728,9536,4096,3,representative sampled LAPACK cost; not a rigorous lower bound or exact node replay,8881001d4a6f9b3a7d9009c3e36c82d12b89f2146f109cc1575e268d853da4a6,/home/tinkerer/.codex/worktrees/a93c/meanfi/build/periodic-study/runs/anisotropic48--T0.05--e0.001--periodic.json
anisotropic48,normal,2,48,0.2,1e-05,gauss-bounded,gauss-bounded,gauss-temperature,,success,pass,pass,passes declared density/filling targets with empirical reference margin,0.4202656480483711,1.5845047496299003e-11,6.177565126108675e-10,,3.885780608999734e-16,0.0,True,1e-05,1e-05,2.5e-06,2.5e-06,6.177600653245463e-10,6.177600653245463e-10,7.098915899561575e-11,4.496172323342762e-10,1344,0,1344,0.27269591949880123,0.0,0.00019601790700107813,9.633726585889235e-05,0.263448067009449,1.595250452277175,0.263448067009449,1.595250452277175,0.6488655943333606,0.14756972854956985,202.87890625,,4800,1344,1024,,representative sampled LAPACK cost; not a rigorous lower bound or exact node replay,8881001d4a6f9b3a7d9009c3e36c82d12b89f2146f109cc1575e268d853da4a6,/home/tinkerer/.codex/worktrees/a93c/meanfi/build/periodic-study/runs/anisotropic48--T0.2--e1e-05--gauss-bounded.json
anisotropic48,normal,2,48,0.2,1e-05,gk21-derivative,gk21-derivative,temperature,,success,pass,pass,passes declared density/filling targets with empirical reference margin,0.7274627638980746,7.61612994892926e-14,3.0517810500896303e-12,,3.885780608999734e-16,0.0,True,1e-05,1e-05,2.5e-06,2.5e-06,3.0482283364108298e-12,3.0482283364108298e-12,1.1376253845211405e-10,7.701004278715118e-10,2205,0,2205,0.44673681864514947,0.0,0.00019601790700107813,9.633726585889235e-05,0.4322194849373773,1.683086462433488,0.4322194849373773,1.683086462433488,0.614102660390934,0.28072594525292516,180.6484375,2205,7056,1764,1764,1,representative sampled LAPACK cost; not a rigorous lower bound or exact node replay,8881001d4a6f9b3a7d9009c3e36c82d12b89f2146f109cc1575e268d853da4a6,/home/tinkerer/.codex/worktrees/a93c/meanfi/build/periodic-study/runs/anisotropic48--T0.2--e1e-05--gk21-derivative.json
anisotropic48,normal,2,48,0.2,1e-05,gm-derivative,gm-derivative,temperature,,success,pass,pass,passes declared density/filling targets with empirical reference margin,0.4825930302031338,1.5593832648763684e-11,4.638778250409814e-11,,3.885780608999734e-16,0.0,True,1e-05,1e-05,2.5e-06,2.5e-06,3.0446756227320293e-12,3.0446756227320293e-12,7.665640998589035e-08,1.5561003430808462e-06,1445,0,1445,0.29876287188380957,0.0,0.00019601790700107813,9.633726585889235e-05,0.2832458756165579,1.7037954362182512,0.2832458756165579,1.7037954362182512,0.6190782982465657,0.18383015831932425,195.046875,1445,4335,1088,1088,21,representative sampled LAPACK cost; not a rigorous lower bound or exact node replay,8881001d4a6f9b3a7d9009c3e36c82d12b89f2146f109cc1575e268d853da4a6,/home/tinkerer/.codex/worktrees/a93c/meanfi/build/periodic-study/runs/anisotropic48--T0.2--e1e-05--gm-derivative.json
anisotropic48,normal,2,48,0.2,1e-05,periodic,periodic,temperature,,success,pass,pass,passes declared density/filling targets with empirical reference margin,0.1675744061358273,5.837125616192651e-09,2.2754527151391812e-07,,3.885780608999734e-16,3.552713678800501e-15,True,1e-05,1e-05,2.5e-06,2.5e-06,2.2754505479838372e-07,2.2754505479838372e-07,7.180911866001838e-08,2.2754202078090202e-07,512,0,512,0.10429223952814937,0.0,0.00019601790700107813,9.633726585889235e-05,0.100361168384552,1.6697135837810855,0.100361168384552,1.6697135837810855,0.6223637722076447,0.06328216660767794,111.7265625,512,1152,576,256,1,representative sampled LAPACK cost; not a rigorous lower bound or exact node replay,8881001d4a6f9b3a7d9009c3e36c82d12b89f2146f109cc1575e268d853da4a6,/home/tinkerer/.codex/worktrees/a93c/meanfi/build/periodic-study/runs/anisotropic48--T0.2--e1e-05--periodic.json
bdg_chain48,bdg,1,96,0.05,1e-05,gauss,gauss,repeatability,2,success,pass,pass,passes declared density/filling targets with empirical reference margin,0.12520805094391108,5.055570462264569e-09,2.426673759714504e-07,,1.1102230246251565e-16,7.105427357601002e-15,True,1e-05,1e-05,2.5e-06,2.5e-06,2.426673759714504e-07,2.426673759714504e-07,6.106226635438361e-16,7.105427357601002e-15,104,0,104,0.10546168591827154,0.0,0.000936358846956864,0.0004363487460068427,0.09738132008351386,1.2857501914795684,0.09738132008351386,1.2857501914795684,0.8422915708951877,0.019746365025639534,88.0078125,,112,24,16,,representative sampled LAPACK cost; not a rigorous lower bound or exact node replay,8881001d4a6f9b3a7d9009c3e36c82d12b89f2146f109cc1575e268d853da4a6,/home/tinkerer/.codex/worktrees/a93c/meanfi/build/periodic-study/runs/bdg_chain48--T0.05--e1e-05--gauss--r2.json
bdg_chain48,bdg,1,96,0.05,1e-05,gauss,gauss,repeatability,3,success,pass,pass,passes declared density/filling targets with empirical reference margin,0.1251289970241487,5.055570462264569e-09,2.426673759714504e-07,,1.1102230246251565e-16,7.105427357601002e-15,True,1e-05,1e-05,2.5e-06,2.5e-06,2.426673759714504e-07,2.426673759714504e-07,6.106226635438361e-16,7.105427357601002e-15,104,0,104,0.10569371236488223,0.0,0.000936358846956864,0.0004363487460068427,0.09738132008351386,1.2849383939018135,0.09738132008351386,1.2849383939018135,0.8446780113204644,0.019435284659266472,96.6875,,112,24,16,,representative sampled LAPACK cost; not a rigorous lower bound or exact node replay,8881001d4a6f9b3a7d9009c3e36c82d12b89f2146f109cc1575e268d853da4a6,/home/tinkerer/.codex/worktrees/a93c/meanfi/build/periodic-study/runs/bdg_chain48--T0.05--e1e-05--gauss--r3.json
bdg_chain48,bdg,1,96,0.05,1e-05,gauss,gauss,baseline,,success,pass,pass,passes declared density/filling targets with empirical reference margin,0.12513153720647097,5.055570462264569e-09,2.426673759714504e-07,,1.1102230246251565e-16,7.105427357601002e-15,True,1e-05,1e-05,2.5e-06,2.5e-06,2.426673759714504e-07,2.426673759714504e-07,6.106226635438361e-16,7.105427357601002e-15,104,0,104,0.10562529088929296,0.0,0.000936358846956864,0.0004363487460068427,0.09738132008351386,1.2849644788051613,0.09738132008351386,1.2849644788051613,0.8441140678629074,0.01950624631717801,87.90625,,112,24,16,,representative sampled LAPACK cost; not a rigorous lower bound or exact node replay,8a9aaa0b12b444025a5422a427af22b3ecf515296748655c1c1d4dcc9434fb2c,/home/tinkerer/.codex/worktrees/a93c/meanfi/build/periodic-study/runs/bdg_chain48--T0.05--e1e-05--gauss.json
bdg_chain48,bdg,1,96,0.05,1e-05,gk21-charge-only,gk21-charge-only,repeatability,2,success,pass,pass,passes declared density/filling targets with empirical reference margin,0.19021282391622663,5.0555702957311155e-09,2.4266736176059567e-07,,1.1102230246251565e-16,7.105427357601002e-15,True,1e-05,1e-05,2.5e-06,2.5e-06,2.4266736531330935e-07,2.4266736531330935e-07,4.77395906201628e-15,2.2915003497678127e-13,168,0,168,0.16293692775070667,0.0,0.000936358846956864,0.0004363487460068427,0.15730828628875315,1.2091723100147078,0.15730828628875315,1.2091723100147078,0.8566032741434259,0.027275896165519953,97.41015625,21,147,21,21,0,representative sampled LAPACK cost; not a rigorous lower bound or exact node replay,8881001d4a6f9b3a7d9009c3e36c82d12b89f2146f109cc1575e268d853da4a6,/home/tinkerer/.codex/worktrees/a93c/meanfi/build/periodic-study/runs/bdg_chain48--T0.05--e1e-05--gk21-charge-only--r2.json
bdg_chain48,bdg,1,96,0.05,1e-05,gk21-charge-only,gk21-charge-only,repeatability,3,success,pass,pass,passes declared density/filling targets with empirical reference margin,0.19323692005127668,5.0555702957311155e-09,2.4266736176059567e-07,,1.1102230246251565e-16,7.105427357601002e-15,True,1e-05,1e-05,2.5e-06,2.5e-06,2.4266736531330935e-07,2.4266736531330935e-07,4.77395906201628e-15,2.2915003497678127e-13,168,0,168,0.16432469058781862,0.0,0.000936358846956864,0.0004363487460068427,0.15730828628875315,1.228396320436505,0.15730828628875315,1.228396320436505,0.8503793713137944,0.02891222946345806,95.640625,21,147,21,21,0,representative sampled LAPACK cost; not a rigorous lower bound or exact node replay,8881001d4a6f9b3a7d9009c3e36c82d12b89f2146f109cc1575e268d853da4a6,/home/tinkerer/.codex/worktrees/a93c/meanfi/build/periodic-study/runs/bdg_chain48--T0.05--e1e-05--gk21-charge-only--r3.json
bdg_chain48,bdg,1,96,0.05,1e-05,gk21-charge-only,gk21-charge-only,baseline,,success,pass,pass,passes declared density/filling targets with empirical reference margin,0.19017821783199906,5.0555702957311155e-09,2.4266736176059567e-07,,1.1102230246251565e-16,7.105427357601002e-15,True,1e-05,1e-05,2.5e-06,2.5e-06,2.4266736531330935e-07,2.4266736531330935e-07,4.77395906201628e-15,2.2915003497678127e-13,168,0,168,0.16278826026245952,0.0,0.000936358846956864,0.0004363487460068427,0.15730828628875315,1.2089523210678823,0.15730828628875315,1.2089523210678823,0.855977420117926,0.027389957569539547,95.640625,21,147,21,21,0,representative sampled LAPACK cost; not a rigorous lower bound or exact node replay,8a9aaa0b12b444025a5422a427af22b3ecf515296748655c1c1d4dcc9434fb2c,/home/tinkerer/.codex/worktrees/a93c/meanfi/build/periodic-study/runs/bdg_chain48--T0.05--e1e-05--gk21-charge-only.json
bdg_chain48,bdg,1,96,0.05,1e-05,gm-charge-only,gm-charge-only,baseline,,success,pass,pass,passes declared density/filling targets with empirical reference margin,0.190308578312397,5.0555702957311155e-09,2.4266736176059567e-07,,1.1102230246251565e-16,7.105427357601002e-15,True,1e-05,1e-05,2.5e-06,2.5e-06,2.4266736531330935e-07,2.4266736531330935e-07,4.77395906201628e-15,2.2915003497678127e-13,168,0,168,0.1626779423095286,0.0,0.000936358846956864,0.0004363487460068427,0.15730828628875315,1.2097810153692026,0.15730828628875315,1.2097810153692026,0.8548114002643017,0.027630636002868414,97.515625,21,147,21,21,0,representative sampled LAPACK cost; not a rigorous lower bound or exact node replay,8a9aaa0b12b444025a5422a427af22b3ecf515296748655c1c1d4dcc9434fb2c,/home/tinkerer/.codex/worktrees/a93c/meanfi/build/periodic-study/runs/bdg_chain48--T0.05--e1e-05--gm-charge-only.json
bdg_chain48,bdg,1,96,0.05,1e-05,periodic,periodic,repeatability,2,success,pass,pass,passes declared density/filling targets with empirical reference margin,0.1459618671797216,5.055570351242267e-09,2.42667368866023e-07,,1.1102230246251565e-16,3.552713678800501e-15,True,1e-05,1e-05,2.5e-06,2.5e-06,2.42667368866023e-07,2.42667368866023e-07,2.2204570932897757e-16,0.0,120,0,120,0.1177804577164352,0.0,0.000936358846956864,0.0004363487460068427,0.11236306163482368,1.2990200254073971,0.11236306163482368,1.2990200254073971,0.8069262197873444,0.0281814094632864,92.14453125,120,104,40,16,1,representative sampled LAPACK cost; not a rigorous lower bound or exact node replay,8881001d4a6f9b3a7d9009c3e36c82d12b89f2146f109cc1575e268d853da4a6,/home/tinkerer/.codex/worktrees/a93c/meanfi/build/periodic-study/runs/bdg_chain48--T0.05--e1e-05--periodic--r2.json
bdg_chain48,bdg,1,96,0.05,1e-05,periodic,periodic,repeatability,3,success,pass,pass,passes declared density/filling targets with empirical reference margin,0.14368706522509456,5.055570351242267e-09,2.42667368866023e-07,,1.1102230246251565e-16,3.552713678800501e-15,True,1e-05,1e-05,2.5e-06,2.5e-06,2.42667368866023e-07,2.42667368866023e-07,2.2204570932897757e-16,0.0,120,0,120,0.1163764912635088,0.0,0.000936358846956864,0.0004363487460068427,0.11236306163482368,1.2787749206413837,0.11236306163482368,1.2787749206413837,0.8099301846077649,0.02731057396158576,92.5703125,120,104,40,16,1,representative sampled LAPACK cost; not a rigorous lower bound or exact node replay,8881001d4a6f9b3a7d9009c3e36c82d12b89f2146f109cc1575e268d853da4a6,/home/tinkerer/.codex/worktrees/a93c/meanfi/build/periodic-study/runs/bdg_chain48--T0.05--e1e-05--periodic--r3.json
bdg_chain48,bdg,1,96,0.05,1e-05,periodic,periodic,baseline,,success,pass,pass,passes declared density/filling targets with empirical reference margin,0.1441219258122146,5.055570351242267e-09,2.42667368866023e-07,,1.1102230246251565e-16,3.552713678800501e-15,True,1e-05,1e-05,2.5e-06,2.5e-06,2.42667368866023e-07,2.42667368866023e-07,2.2204570932897757e-16,0.0,120,0,120,0.11651405179873109,0.0,0.000936358846956864,0.0004363487460068427,0.11236306163482368,1.2826450589305427,0.11236306163482368,1.2826450589305427,0.8084408471653679,0.027607874013483524,90.9765625,120,104,40,16,1,representative sampled LAPACK cost; not a rigorous lower bound or exact node replay,8a9aaa0b12b444025a5422a427af22b3ecf515296748655c1c1d4dcc9434fb2c,/home/tinkerer/.codex/worktrees/a93c/meanfi/build/periodic-study/runs/bdg_chain48--T0.05--e1e-05--periodic.json
bdg_gapped48,bdg,2,96,0.05,1e-07,gk21-charge-only,gk21-charge-only,tolerance,,success,pass,pass,passes declared density/filling targets with empirical reference margin,30.65304963896051,1.1102232141072415e-16,3.552713678800501e-15,,8.503766239064246e-17,3.552713678800501e-15,True,1e-07,1e-07,2.5e-08,2.5e-08,0.0,0.0,3.750512065902673e-11,1.7248564798677535e-09,25578,0,25578,26.687356297392398,0.0,0.0009325470746261999,0.0004418163443915546,23.85268907478894,1.2850982772990236,23.85268907478894,1.2850982772990236,0.8706264665905329,3.9656933415681124,862.26171875,3969,22491,3087,3087,2,representative sampled LAPACK cost; not a rigorous lower bound or exact node replay,8881001d4a6f9b3a7d9009c3e36c82d12b89f2146f109cc1575e268d853da4a6,/home/tinkerer/.codex/worktrees/a93c/meanfi/build/periodic-study/runs/bdg_gapped48--T0.05--e1e-07--gk21-charge-only.json
bdg_gapped48,bdg,2,96,0.05,1e-07,gm-charge-only,gm-charge-only,tolerance,,timeout,unknown,unknown,calculation did not complete successfully,90.10619417903945,,,,,,,1e-07,1e-07,2.5e-08,2.5e-08,,,,,,0,,0.0,0.0,0.0009325470746261999,0.0004418163443915546,,,,,0.0,90.10619417903945,1909.8671875,,,,,,representative sampled LAPACK cost; not a rigorous lower bound or exact node replay,8881001d4a6f9b3a7d9009c3e36c82d12b89f2146f109cc1575e268d853da4a6,/home/tinkerer/.codex/worktrees/a93c/meanfi/build/periodic-study/runs/bdg_gapped48--T0.05--e1e-07--gm-charge-only.json
bdg_gapped48,bdg,2,96,0.05,1e-07,periodic,periodic,tolerance,,success,pass,pass,passes declared density/filling targets with empirical reference margin,7.675696776714176,4.1239234249703187e-13,1.9802826045633992e-11,,8.503766239064246e-17,1.0658141036401503e-14,True,1e-07,1e-07,2.5e-08,2.5e-08,1.979572061827639e-11,1.979572061827639e-11,2.3705759577573938e-12,2.0484947071963688e-11,6016,0,6016,6.190849392674863,0.0,0.0009325470746261999,0.0004418163443915546,5.610203200951219,1.3681673375774963,5.610203200951219,1.3681673375774963,0.8065521050096838,1.4848473840393126,688.3203125,6016,4992,2368,1024,2,representative sampled LAPACK cost; not a rigorous lower bound or exact node replay,8881001d4a6f9b3a7d9009c3e36c82d12b89f2146f109cc1575e268d853da4a6,/home/tinkerer/.codex/worktrees/a93c/meanfi/build/periodic-study/runs/bdg_gapped48--T0.05--e1e-07--periodic.json
bdg_gapped48,bdg,2,96,0.05,1e-05,gauss,gauss,baseline,,success,pass,pass,passes declared density/filling targets with empirical reference margin,5.843760520219803,6.126641582948622e-09,2.940783510041456e-07,,8.503766239064246e-17,1.0658141036401503e-14,True,1e-05,1e-05,2.5e-06,2.5e-06,2.940787879879281e-07,2.940787879879281e-07,6.210327474498456e-09,2.9809569923600066e-07,4992,0,4992,5.075911813881248,0.0,0.0009325470746261999,0.0004418163443915546,4.65527499653399,1.2552986718444519,4.65527499653399,1.2552986718444519,0.8686036664778191,0.7678487063385546,368.3359375,,5248,1344,1024,,representative sampled LAPACK cost; not a rigorous lower bound or exact node replay,8a9aaa0b12b444025a5422a427af22b3ecf515296748655c1c1d4dcc9434fb2c,/home/tinkerer/.codex/worktrees/a93c/meanfi/build/periodic-study/runs/bdg_gapped48--T0.05--e1e-05--gauss.json
bdg_gapped48,bdg,2,96,0.05,1e-05,gk21-charge-only,gk21-charge-only,baseline,,success,pass,pass,passes declared density/filling targets with empirical reference margin,16.0329799647443,1.0377760872870567e-09,4.981325218977872e-08,,8.503766239064246e-17,7.105427357601002e-15,True,1e-05,1e-05,2.5e-06,2.5e-06,4.981325218977872e-08,4.981325218977872e-08,5.000506056749461e-11,2.2997292958848448e-09,14112,0,14112,13.917248141020536,0.0,0.0009325470746261999,0.0004418163443915546,13.160104317124933,1.2183018901970983,13.160104317124933,1.2183018901970983,0.8680387658204433,2.1157318237237632,703.890625,2205,12348,1764,1764,1,representative sampled LAPACK cost; not a rigorous lower bound or exact node replay,8a9aaa0b12b444025a5422a427af22b3ecf515296748655c1c1d4dcc9434fb2c,/home/tinkerer/.codex/worktrees/a93c/meanfi/build/periodic-study/runs/bdg_gapped48--T0.05--e1e-05--gk21-charge-only.json
bdg_gapped48,bdg,2,96,0.05,1e-05,gm-charge-only,gm-charge-only,baseline,,success,pass,pass,passes declared density/filling targets with empirical reference margin,16.43256969982758,1.0377761983093592e-09,4.901188077610641e-08,,8.503766239064246e-17,7.105427357601002e-15,True,1e-05,1e-05,2.5e-06,2.5e-06,4.9813248637065044e-08,4.9813248637065044e-08,7.065503729611889e-08,2.410973511716985e-06,14365,0,14365,14.272795777767897,0.0,0.0009325470746261999,0.0004418163443915546,13.396038727005362,1.2266737977325202,13.396038727005362,1.2266737977325202,0.8685674875255606,2.159773922059685,750.28515625,3145,12002,2363,2363,46,representative sampled LAPACK cost; not a rigorous lower bound or exact node replay,8a9aaa0b12b444025a5422a427af22b3ecf515296748655c1c1d4dcc9434fb2c,/home/tinkerer/.codex/worktrees/a93c/meanfi/build/periodic-study/runs/bdg_gapped48--T0.05--e1e-05--gm-charge-only.json
bdg_gapped48,bdg,2,96,0.05,1e-05,periodic,periodic,baseline,,success,pass,pass,passes declared density/filling targets with empirical reference margin,7.229068611282855,4.11948253287179e-13,1.9774404336203588e-11,,8.503766239064246e-17,0.0,True,1e-05,1e-05,2.5e-06,2.5e-06,1.9770851622524788e-11,1.9770851622524788e-11,2.370548202179823e-12,2.0484947071963688e-11,5952,0,5952,5.81540954997763,0.0,0.0009325470746261999,0.0004418163443915546,5.550520188175142,1.3024128128898085,5.550520188175142,1.3024128128898085,0.8044479673219812,1.413659061305225,616.546875,5952,4928,2368,1024,2,representative sampled LAPACK cost; not a rigorous lower bound or exact node replay,8a9aaa0b12b444025a5422a427af22b3ecf515296748655c1c1d4dcc9434fb2c,/home/tinkerer/.codex/worktrees/a93c/meanfi/build/periodic-study/runs/bdg_gapped48--T0.05--e1e-05--periodic.json
bdg_gapped48,bdg,2,96,0.05,0.001,gk21-charge-only,gk21-charge-only,tolerance,,success,pass,pass,passes declared density/filling targets with empirical reference margin,4.433544713072479,3.016603780603422e-06,0.00014480433681640648,,8.503766239064246e-17,3.552713678800501e-15,True,0.001,0.001,0.00025,0.00025,0.00014479698147340514,0.00014479698147340514,1.1119489992522658e-06,1.696703773035324e-05,3969,0,3969,3.8560052579268813,0.0,0.0009325470746261999,0.0004418163443915546,3.7012793391913874,1.1978411534972306,3.7012793391913874,1.1978411534972306,0.8697341534770813,0.5775394551455975,461.8828125,441,3528,441,441,0,representative sampled LAPACK cost; not a rigorous lower bound or exact node replay,8881001d4a6f9b3a7d9009c3e36c82d12b89f2146f109cc1575e268d853da4a6,/home/tinkerer/.codex/worktrees/a93c/meanfi/build/periodic-study/runs/bdg_gapped48--T0.05--e0.001--gk21-charge-only.json
bdg_gapped48,bdg,2,96,0.05,0.001,gm-charge-only,gm-charge-only,tolerance,,success,pass,pass,passes declared density/filling targets with empirical reference margin,2.0711807389743626,3.016222705598537e-06,0.000145411921486982,,8.503766239064246e-17,3.552713678800501e-15,True,0.001,0.001,0.00025,0.00025,0.00014477868986872977,0.00014477868986872977,5.869117617659608e-06,7.191558695196498e-05,1768,0,1768,1.7874638950452209,0.0,0.0009325470746261999,0.0004418163443915546,1.6487432279391214,1.2562178900126706,1.6487432279391214,1.2562178900126706,0.8630168586496045,0.28371684392914176,464.6796875,357,1496,272,272,5,representative sampled LAPACK cost; not a rigorous lower bound or exact node replay,8881001d4a6f9b3a7d9009c3e36c82d12b89f2146f109cc1575e268d853da4a6,/home/tinkerer/.codex/worktrees/a93c/meanfi/build/periodic-study/runs/bdg_gapped48--T0.05--e0.001--gm-charge-only.json
bdg_gapped48,bdg,2,96,0.05,0.001,periodic,periodic,tolerance,,success,pass,pass,passes declared density/filling targets with empirical reference margin,1.8448540889658034,3.0784719881604694e-06,0.00014776663480731145,,8.503766239064246e-17,3.552713678800501e-15,True,0.001,0.001,0.00025,0.00025,0.00014776665542726164,0.00014776665542726164,1.2123163170563167e-07,3.1713964681046036e-06,1536,0,1536,1.4714708956889808,0.0,0.0009325470746261999,0.0004418163443915546,1.432392306625843,1.287953084104144,1.432392306625843,1.287953084104144,0.7976082794243444,0.37338319327682257,336.71484375,1536,1280,576,256,1,representative sampled LAPACK cost; not a rigorous lower bound or exact node replay,8881001d4a6f9b3a7d9009c3e36c82d12b89f2146f109cc1575e268d853da4a6,/home/tinkerer/.codex/worktrees/a93c/meanfi/build/periodic-study/runs/bdg_gapped48--T0.05--e0.001--periodic.json
bdg_nodal48,bdg,2,96,0.01,1e-05,gauss-bounded,gauss-bounded,cold-bdg-extended,extended,success,pass,pass,passes declared density/filling targets with empirical reference margin,111.77343681408092,8.711421028984034e-10,4.181467971875463e-08,,4.440892098500626e-16,3.552713678800501e-15,True,1e-05,1e-05,2.5e-06,2.5e-06,4.181480406373339e-08,4.181480406373339e-08,8.69358030008982e-10,4.172918011136062e-08,98688,0,98688,97.33277777535841,0.0,0.0009288109940825962,0.0004414351933519356,91.66249938402325,1.2194020189849089,91.66249938402325,1.2194020189849089,0.8708041959670393,14.440659038722515,915.96484375,,82304,21824,16384,,representative sampled LAPACK cost; not a rigorous lower bound or exact node replay,8881001d4a6f9b3a7d9009c3e36c82d12b89f2146f109cc1575e268d853da4a6,/home/tinkerer/.codex/worktrees/a93c/meanfi/build/periodic-study/runs/bdg_nodal48--T0.01--e1e-05--gauss-bounded--rextended.json
bdg_nodal48,bdg,2,96,0.01,1e-05,gk21-charge-only,gk21-charge-only,temperature,,timeout,unknown,unknown,calculation did not complete successfully,90.09108827915043,,,,,,,1e-05,1e-05,2.5e-06,2.5e-06,,,,,,0,,0.0,0.0,0.0009288109940825962,0.0004414351933519356,,,,,0.0,90.09108827915043,3157.640625,,,,,,representative sampled LAPACK cost; not a rigorous lower bound or exact node replay,8881001d4a6f9b3a7d9009c3e36c82d12b89f2146f109cc1575e268d853da4a6,/home/tinkerer/.codex/worktrees/a93c/meanfi/build/periodic-study/runs/bdg_nodal48--T0.01--e1e-05--gk21-charge-only.json
bdg_nodal48,bdg,2,96,0.01,1e-05,gk21-derivative,gk21-derivative,cold-adaptive-followup,,success,pass,pass,passes declared density/filling targets with empirical reference margin,109.43614776199684,9.366951658762446e-13,4.524736141320318e-11,,4.440892098500626e-16,3.552713678800501e-15,True,1e-05,1e-05,2.5e-06,2.5e-06,4.497380245993554e-11,4.497380245993554e-11,8.833250266597083e-10,4.2329218075121133e-08,68355,0,68355,67.63999455841258,0.0,0.0009288109940825962,0.0004414351933519356,63.48887550051586,1.7237058760177228,63.48887550051586,1.7237058760177228,0.6180772618707022,41.796153203584254,2167.94921875,16317,56007,12348,12348,9,representative sampled LAPACK cost; not a rigorous lower bound or exact node replay,8881001d4a6f9b3a7d9009c3e36c82d12b89f2146f109cc1575e268d853da4a6,/home/tinkerer/.codex/worktrees/a93c/meanfi/build/periodic-study/runs/bdg_nodal48--T0.01--e1e-05--gk21-derivative.json
bdg_nodal48,bdg,2,96,0.01,1e-05,gm-charge-only,gm-charge-only,temperature,,timeout,unknown,unknown,calculation did not complete successfully,90.1026925262995,,,,,,,1e-05,1e-05,2.5e-06,2.5e-06,,,,,,0,,0.0,0.0,0.0009288109940825962,0.0004414351933519356,,,,,0.0,90.1026925262995,1901.53125,,,,,,representative sampled LAPACK cost; not a rigorous lower bound or exact node replay,8881001d4a6f9b3a7d9009c3e36c82d12b89f2146f109cc1575e268d853da4a6,/home/tinkerer/.codex/worktrees/a93c/meanfi/build/periodic-study/runs/bdg_nodal48--T0.01--e1e-05--gm-charge-only.json
bdg_nodal48,bdg,2,96,0.01,1e-05,gm-derivative,gm-derivative,cold-adaptive-followup,,success,pass,pass,passes declared density/filling targets with empirical reference margin,58.95689163682982,2.535330227248036e-11,1.1920562315026473e-09,,4.440892098500626e-16,0.0,True,1e-05,1e-05,2.5e-06,2.5e-06,4.497024974625674e-11,4.497024974625674e-11,5.635946237925198e-08,2.447651686537239e-06,39168,0,39168,37.947668726556,0.0,0.0009288109940825962,0.0004414351933519356,36.379669016227126,1.6206000008007808,36.379669016227126,1.6206000008007808,0.6436511097008114,21.00922291027382,1354.609375,8857,32521,6647,6647,130,representative sampled LAPACK cost; not a rigorous lower bound or exact node replay,8881001d4a6f9b3a7d9009c3e36c82d12b89f2146f109cc1575e268d853da4a6,/home/tinkerer/.codex/worktrees/a93c/meanfi/build/periodic-study/runs/bdg_nodal48--T0.01--e1e-05--gm-derivative.json
bdg_nodal48,bdg,2,96,0.01,1e-05,periodic,periodic,temperature,,timeout,unknown,unknown,calculation did not complete successfully,90.03317434201017,,,,,,,1e-05,1e-05,2.5e-06,2.5e-06,,,,,,0,,0.0,0.0,0.0009288109940825962,0.0004414351933519356,,,,,0.0,90.03317434201017,877.796875,,,,,,representative sampled LAPACK cost; not a rigorous lower bound or exact node replay,8881001d4a6f9b3a7d9009c3e36c82d12b89f2146f109cc1575e268d853da4a6,/home/tinkerer/.codex/worktrees/a93c/meanfi/build/periodic-study/runs/bdg_nodal48--T0.01--e1e-05--periodic.json
bdg_nodal48,bdg,2,96,0.01,1e-05,periodic,periodic,cold-bdg-extended,extended,success,pass,pass,passes declared density/filling targets with empirical reference margin,127.82576953107491,3.420624894445723e-11,1.6419079429397243e-09,,4.440892098500626e-16,7.105427357601002e-15,True,1e-05,1e-05,2.5e-06,2.5e-06,1.6419114956534031e-09,1.6419114956534031e-09,3.4254210579121036e-11,1.6441958905488718e-09,106432,0,106432,104.01344042830169,0.0,0.0009288109940825962,0.0004414351933519356,98.85521172219887,1.2930605003435587,98.85521172219887,1.2930605003435587,0.8137126090448894,23.81232910277322,898.625,106432,76608,38208,16384,4,representative sampled LAPACK cost; not a rigorous lower bound or exact node replay,8881001d4a6f9b3a7d9009c3e36c82d12b89f2146f109cc1575e268d853da4a6,/home/tinkerer/.codex/worktrees/a93c/meanfi/build/periodic-study/runs/bdg_nodal48--T0.01--e1e-05--periodic--rextended.json
bdg_nodal48,bdg,2,96,0.01,1e-05,periodic-anisotropic,periodic-anisotropic (max_ref=30),cold-bdg-extended,extended,success,pass,pass,passes declared density/filling targets with empirical reference margin,40.729887465946376,1.8108840538211268e-09,8.693807629356343e-08,,4.440892098500626e-16,3.552713678800501e-15,True,1e-05,1e-05,2.5e-06,2.5e-06,8.692245145880406e-08,8.692245145880406e-08,2.1211513531738113e-08,8.691823438766733e-08,33178,0,33178,32.2944091479294,0.0,0.0009288109940825962,0.0004414351933519356,30.816091161672375,1.321708429932357,30.816091161672375,1.321708429932357,0.7928921771495256,8.435478318016976,931.27734375,,40832,12224,4096,6,representative sampled LAPACK cost; not a rigorous lower bound or exact node replay,8881001d4a6f9b3a7d9009c3e36c82d12b89f2146f109cc1575e268d853da4a6,/home/tinkerer/.codex/worktrees/a93c/meanfi/build/periodic-study/runs/bdg_nodal48--T0.01--e1e-05--periodic-anisotropic--rextended.json
bdg_nodal48,bdg,2,96,0.05,1e-05,gauss,gauss,baseline,,success,pass,pass,passes declared density/filling targets with empirical reference margin,6.706353914923966,3.4962480133238216e-09,1.678200156618459e-07,,1.131409202063331e-16,3.552713678800501e-15,True,1e-05,1e-05,2.5e-06,2.5e-06,1.6781990552772186e-07,1.6781990552772186e-07,3.4907149948359972e-09,1.6755432241666313e-07,4928,0,4928,5.793464199639857,0.0,0.0009288109940825962,0.0004414351933519356,4.577180578839034,1.4651713646449536,4.577180578839034,1.4651713646449536,0.8638768954241123,0.9128897152841091,524.52734375,,5184,1344,1024,,representative sampled LAPACK cost; not a rigorous lower bound or exact node replay,8a9aaa0b12b444025a5422a427af22b3ecf515296748655c1c1d4dcc9434fb2c,/home/tinkerer/.codex/worktrees/a93c/meanfi/build/periodic-study/runs/bdg_nodal48--T0.05--e1e-05--gauss.json
bdg_nodal48,bdg,2,96,0.05,1e-05,gk21,gk21,optimizations,,success,pass,pass,passes declared density/filling targets with empirical reference margin,46.02082587266341,1.459943277382336e-14,7.140954494389007e-13,,1.131409202063331e-16,7.105427357601002e-15,True,1e-05,1e-05,2.5e-06,2.5e-06,6.892264536872972e-13,6.892264536872972e-13,5.18526158953083e-10,2.4324906755524012e-08,29106,0,29106,30.31668732734397,0.0,0.0009288109940825962,0.0004414351933519356,27.033972793768044,1.7023330689772787,27.033972793768044,1.7023330689772787,0.6587601754742135,15.704138545319438,1218.63671875,7497,23373,5733,5733,4,representative sampled LAPACK cost; not a rigorous lower bound or exact node replay,8a9aaa0b12b444025a5422a427af22b3ecf515296748655c1c1d4dcc9434fb2c,/home/tinkerer/.codex/worktrees/a93c/meanfi/build/periodic-study/runs/bdg_nodal48--T0.05--e1e-05--gk21.json
bdg_nodal48,bdg,2,96,0.05,1e-05,gk21-charge-only,gk21-charge-only,baseline,,success,pass,pass,passes declared density/filling targets with empirical reference margin,43.18717734282836,8.21614143386995e-09,3.943747657331187e-07,,1.131409202063331e-16,3.552713678800501e-15,True,1e-05,1e-05,2.5e-06,2.5e-06,3.943747799439734e-07,3.943747799439734e-07,5.18527473688415e-10,2.4324979142065217e-08,37485,0,37485,37.05996347311884,0.0,0.0009288109940825962,0.0004414351933519356,34.81648011318612,1.2404234202432196,34.81648011318612,1.2404234202432196,0.8581242339347513,6.1272138697095215,1260.34375,7497,31752,5733,5733,4,representative sampled LAPACK cost; not a rigorous lower bound or exact node replay,8a9aaa0b12b444025a5422a427af22b3ecf515296748655c1c1d4dcc9434fb2c,/home/tinkerer/.codex/worktrees/a93c/meanfi/build/periodic-study/runs/bdg_nodal48--T0.05--e1e-05--gk21-charge-only.json
bdg_nodal48,bdg,2,96,0.05,1e-05,gk21-derivative,gk21-derivative,optimizations,,success,pass,pass,passes declared density/filling targets with empirical reference margin,17.537665102630854,1.4654943925052066e-14,7.460698725481052e-13,,1.131409202063331e-16,7.105427357601002e-15,True,1e-05,1e-05,2.5e-06,2.5e-06,6.856737400084967e-13,6.856737400084967e-13,2.0740523607397423e-09,9.729748295939089e-08,11907,0,11907,11.522769825067371,0.0,0.0009288109940825962,0.0004414351933519356,11.059352506541472,1.5857768429261603,11.059352506541472,1.5857768429261603,0.6570298701472422,6.0148952775634825,690.52734375,2205,10143,1764,1764,1,representative sampled LAPACK cost; not a rigorous lower bound or exact node replay,8881001d4a6f9b3a7d9009c3e36c82d12b89f2146f109cc1575e268d853da4a6,/home/tinkerer/.codex/worktrees/a93c/meanfi/build/periodic-study/runs/bdg_nodal48--T0.05--e1e-05--gk21-derivative.json
bdg_nodal48,bdg,2,96,0.05,1e-05,gk21-fresh,gk21-fresh,optimizations,,success,pass,pass,passes declared density/filling targets with empirical reference margin,36.22319442220032,5.7430421529519733e-11,7.140954494389007e-13,,1.131409202063331e-16,7.105427357601002e-15,True,1e-05,1e-05,2.5e-06,2.5e-06,6.892264536872972e-13,6.892264536872972e-13,8.031021697940677e-07,2.4324906755524012e-08,23814,0,23814,23.48202095879242,0.0,0.0009288109940825962,0.0004414351933519356,22.118705013082945,1.6376724767916904,22.118705013082945,1.6376724767916904,0.6482592530381819,12.741173463407904,1261.703125,7938,23373,441,441,4,representative sampled LAPACK cost; not a rigorous lower bound or exact node replay,8881001d4a6f9b3a7d9009c3e36c82d12b89f2146f109cc1575e268d853da4a6,/home/tinkerer/.codex/worktrees/a93c/meanfi/build/periodic-study/runs/bdg_nodal48--T0.05--e1e-05--gk21-fresh.json
bdg_nodal48,bdg,2,96,0.05,1e-05,gk21-lean,gk21-lean,lean-adaptive,,success,pass,pass,passes declared density/filling targets with empirical reference margin,36.36721093393862,8.216141600403404e-09,3.943747657331187e-07,,1.131409202063331e-16,3.552713678800501e-15,True,1e-05,1e-05,2.5e-06,2.5e-06,3.943747799439734e-07,3.943748119183965e-07,2.0740574466478284e-09,9.729775076266379e-08,33957,0,33957,33.59915702743456,0.0,0.0009288109940825962,0.0004414351933519356,31.539634926062718,1.1530637884424797,31.539634926062718,1.1530637884424797,0.9238859996293842,2.768053906504065,412.85546875,,33957,2205,1764,,representative sampled LAPACK cost; not a rigorous lower bound or exact node replay,8881001d4a6f9b3a7d9009c3e36c82d12b89f2146f109cc1575e268d853da4a6,/home/tinkerer/.codex/worktrees/a93c/meanfi/build/periodic-study/runs/bdg_nodal48--T0.05--e1e-05--gk21-lean.json
bdg_nodal48,bdg,2,96,0.05,1e-05,gm,gm,optimizations,,timeout,unknown,unknown,calculation did not complete successfully,90.08318525599316,,,,,,,1e-05,1e-05,2.5e-06,2.5e-06,,,,,,0,,0.0,0.0,0.0009288109940825962,0.0004414351933519356,,,,,0.0,90.08318525599316,2284.8828125,,,,,,representative sampled LAPACK cost; not a rigorous lower bound or exact node replay,8a9aaa0b12b444025a5422a427af22b3ecf515296748655c1c1d4dcc9434fb2c,/home/tinkerer/.codex/worktrees/a93c/meanfi/build/periodic-study/runs/bdg_nodal48--T0.05--e1e-05--gm.json
bdg_nodal48,bdg,2,96,0.05,1e-05,gm-charge-only,gm-charge-only,baseline,,success,pass,pass,passes declared density/filling targets with empirical reference margin,30.347939556930214,8.216135938265978e-09,3.943563839925446e-07,,1.131409202063331e-16,3.552713678800501e-15,True,1e-05,1e-05,2.5e-06,2.5e-06,3.9437452059587486e-07,3.9437452059587486e-07,6.488022269439183e-08,1.675696837719065e-06,26333,0,26333,26.306583450641483,0.0,0.0009288109940825962,0.0004414351933519356,24.458379907177004,1.2407992545747069,24.458379907177004,1.2407992545747069,0.8668326032906623,4.041356106288731,1001.73828125,5593,22134,4199,4199,82,representative sampled LAPACK cost; not a rigorous lower bound or exact node replay,8a9aaa0b12b444025a5422a427af22b3ecf515296748655c1c1d4dcc9434fb2c,/home/tinkerer/.codex/worktrees/a93c/meanfi/build/periodic-study/runs/bdg_nodal48--T0.05--e1e-05--gm-charge-only.json
bdg_nodal48,bdg,2,96,0.05,1e-05,gm-derivative,gm-derivative,optimizations,,success,pass,pass,passes declared density/filling targets with empirical reference margin,33.96962113911286,4.5682041482919596e-11,1.6938166425006784e-09,,1.131409202063331e-16,3.552713678800501e-15,True,1e-05,1e-05,2.5e-06,2.5e-06,6.963318810448982e-13,6.963318810448982e-13,1.877940744079138e-07,2.384118512846478e-06,23171,0,23171,22.552727674599737,0.0,0.0009288109940825962,0.0004414351933519356,21.521479543887835,1.5784054748578071,21.521479543887835,1.5784054748578071,0.6639087195656819,11.416893464513123,972.82421875,5253,19227,3944,3944,77,representative sampled LAPACK cost; not a rigorous lower bound or exact node replay,8881001d4a6f9b3a7d9009c3e36c82d12b89f2146f109cc1575e268d853da4a6,/home/tinkerer/.codex/worktrees/a93c/meanfi/build/periodic-study/runs/bdg_nodal48--T0.05--e1e-05--gm-derivative.json
bdg_nodal48,bdg,2,96,0.05,1e-05,gm-fresh,gm-fresh,optimizations,,timeout,unknown,unknown,calculation did not complete successfully,90.0790905249305,,,,,,,1e-05,1e-05,2.5e-06,2.5e-06,,,,,,0,,0.0,0.0,0.0009288109940825962,0.0004414351933519356,,,,,0.0,90.0790905249305,2284.828125,,,,,,representative sampled LAPACK cost; not a rigorous lower bound or exact node replay,8a9aaa0b12b444025a5422a427af22b3ecf515296748655c1c1d4dcc9434fb2c,/home/tinkerer/.codex/worktrees/a93c/meanfi/build/periodic-study/runs/bdg_nodal48--T0.05--e1e-05--gm-fresh.json
bdg_nodal48,bdg,2,96,0.05,1e-05,gm-lean,gm-lean,lean-adaptive,,success,pass,pass,passes declared density/filling targets with empirical reference margin,31.492742844857275,8.293684461424533e-09,3.943563839925446e-07,,1.131409202063331e-16,3.552713678800501e-15,True,1e-05,1e-05,2.5e-06,2.5e-06,3.9437452059587486e-07,3.9809678042956875e-07,3.129281569780517e-07,2.3249368130746007e-06,27047,0,27047,28.18946800334379,0.0,0.0009288109940825962,0.0004414351933519356,25.121550956951978,1.2536145916636638,25.121550956951978,1.2536145916636638,0.8951099668331078,3.3032748415134847,176.515625,,27047,4913,3689,,representative sampled LAPACK cost; not a rigorous lower bound or exact node replay,8881001d4a6f9b3a7d9009c3e36c82d12b89f2146f109cc1575e268d853da4a6,/home/tinkerer/.codex/worktrees/a93c/meanfi/build/periodic-study/runs/bdg_nodal48--T0.05--e1e-05--gm-lean.json
bdg_nodal48,bdg,2,96,0.05,1e-05,periodic,periodic,baseline,,success,pass,pass,passes declared density/filling targets with empirical reference margin,7.899836630094796,6.156908316512499e-12,2.9553604008469847e-10,,1.131409202063331e-16,7.105427357601002e-15,True,1e-05,1e-05,2.5e-06,2.5e-06,2.9552893465734087e-10,2.9552893465734087e-10,8.042955190745966e-12,3.467093279141409e-10,5888,0,5888,6.252597899641842,0.0,0.0009288109940825962,0.0004414351933519356,5.468839133158326,1.4445180115459966,5.468839133158326,1.4445180115459966,0.7914844562509404,1.6472387304529548,656.3984375,5888,4864,2368,1024,2,representative sampled LAPACK cost; not a rigorous lower bound or exact node replay,8a9aaa0b12b444025a5422a427af22b3ecf515296748655c1c1d4dcc9434fb2c,/home/tinkerer/.codex/worktrees/a93c/meanfi/build/periodic-study/runs/bdg_nodal48--T0.05--e1e-05--periodic.json
bdg_nodal48,bdg,2,96,0.05,1e-05,periodic-anisotropic,periodic-anisotropic (max_ref=30),anisotropic-refinement,,success,pass,pass,passes declared density/filling targets with empirical reference margin,4.931517458986491,3.29122521458558e-08,1.5797950254636817e-06,,1.131409202063331e-16,3.552713678800501e-15,True,1e-05,1e-05,2.5e-06,2.5e-06,1.5797880834611533e-06,1.5797880834611533e-06,3.293417627503459e-08,1.5808404327799508e-06,3968,0,3968,3.8238656977191567,0.0,0.0009288109940825962,0.0004414351933519356,3.6855220245197415,1.338078412278411,3.6855220245197415,1.338078412278411,0.7753933205186351,1.1076517612673342,455.65625,,4928,1472,512,3,representative sampled LAPACK cost; not a rigorous lower bound or exact node replay,8881001d4a6f9b3a7d9009c3e36c82d12b89f2146f109cc1575e268d853da4a6,/home/tinkerer/.codex/worktrees/a93c/meanfi/build/periodic-study/runs/bdg_nodal48--T0.05--e1e-05--periodic-anisotropic.json
bdg_nodal48,bdg,2,96,0.2,1e-05,gk21-charge-only,gk21-charge-only,temperature,,success,pass,pass,passes declared density/filling targets with empirical reference margin,4.414215637836605,1.7861191525803122e-08,8.573371843567656e-07,,1.136732320758903e-16,7.105427357601002e-15,True,1e-05,1e-05,2.5e-06,2.5e-06,8.573371843567656e-07,8.573371843567656e-07,1.534586901996704e-10,7.366004695086303e-09,3969,0,3969,3.851861476432532,0.0,0.0009288109940825962,0.0004414351933519356,3.686450835513824,1.197416115064327,3.686450835513824,1.197416115064327,0.8726038309991395,0.5623541614040732,486.91015625,441,3528,441,441,0,representative sampled LAPACK cost; not a rigorous lower bound or exact node replay,8881001d4a6f9b3a7d9009c3e36c82d12b89f2146f109cc1575e268d853da4a6,/home/tinkerer/.codex/worktrees/a93c/meanfi/build/periodic-study/runs/bdg_nodal48--T0.2--e1e-05--gk21-charge-only.json
bdg_nodal48,bdg,2,96,0.2,1e-05,gm-charge-only,gm-charge-only,temperature,,success,pass,pass,passes declared density/filling targets with empirical reference margin,12.776393319945782,1.7861191581314273e-08,8.572964169673014e-07,,1.136732320758903e-16,7.105427357601002e-15,True,1e-05,1e-05,2.5e-06,2.5e-06,8.57337191462193e-07,8.57337191462193e-07,9.178700031350206e-08,1.938508135443384e-06,11135,0,11135,11.056049845181406,0.0,0.0009288109940825962,0.0004414351933519356,10.342310419109708,1.2353519476981243,10.342310419109708,1.2353519476981243,0.8653498345203045,1.7203434747643769,612.9375,2329,9384,1751,1751,34,representative sampled LAPACK cost; not a rigorous lower bound or exact node replay,8881001d4a6f9b3a7d9009c3e36c82d12b89f2146f109cc1575e268d853da4a6,/home/tinkerer/.codex/worktrees/a93c/meanfi/build/periodic-study/runs/bdg_nodal48--T0.2--e1e-05--gm-charge-only.json
bdg_nodal48,bdg,2,96,0.2,1e-05,periodic,periodic,temperature,,success,pass,pass,passes declared density/filling targets with empirical reference margin,1.8301160330884159,1.786176812013096e-08,8.573648671017509e-07,,1.136732320758903e-16,7.105427357601002e-15,True,1e-05,1e-05,2.5e-06,2.5e-06,8.573648706544645e-07,8.573648706544645e-07,1.3359868766936667e-12,2.7714719408322708e-11,1536,0,1536,1.4700016141869128,0.0,0.0009288109940825962,0.0004414351933519356,1.4266536869108677,1.2828032828703966,1.4266536869108677,1.2828032828703966,0.803228641031142,0.3601144189015031,372.6953125,1536,1280,576,256,1,representative sampled LAPACK cost; not a rigorous lower bound or exact node replay,8881001d4a6f9b3a7d9009c3e36c82d12b89f2146f109cc1575e268d853da4a6,/home/tinkerer/.codex/worktrees/a93c/meanfi/build/periodic-study/runs/bdg_nodal48--T0.2--e1e-05--periodic.json
chain1,normal,1,1,0.05,1e-05,gauss,gauss,controls,,success,pass,pass,passes declared density/filling targets with empirical reference margin,0.025502862874418497,2.2033535842513885e-06,2.203296254221776e-06,,1.3324240499850199e-14,5.662137425588298e-15,True,1e-05,1e-05,2.5e-06,2.5e-06,2.2033535843068996e-06,2.2033535843068996e-06,2.380560415904398e-06,2.380560415904398e-06,1016,0,1016,0.0003243819810450077,0.0,1.0822986951097846e-07,8.185452315956354e-08,0.00010996154742315412,231.92528181036195,0.00010996154742315412,231.92528181036195,0.012719433996188323,0.02517848089337349,81.7734375,,4624,1016,512,,scalar control: do not infer dense LAPACK efficiency,8a9aaa0b12b444025a5422a427af22b3ecf515296748655c1c1d4dcc9434fb2c,/home/tinkerer/.codex/worktrees/a93c/meanfi/build/periodic-study/runs/chain1--T0.05--e1e-05--gauss.json
chain1,normal,1,1,0.05,1e-05,gk21-derivative,gk21-derivative,controls,,success,pass,pass,passes declared density/filling targets with empirical reference margin,0.012492162641137838,2.7061908269843116e-11,2.708722135480457e-11,,1.3324240499850199e-14,5.773159728050814e-15,True,1e-05,1e-05,2.5e-06,2.5e-06,2.7061797247540653e-11,2.7061797247540653e-11,2.3802654888315217e-07,2.3802654888315217e-07,609,0,609,0.00040331901982426643,0.0,1.0822986951097846e-07,8.185452315956354e-08,6.591199053218588e-05,189.5279226173228,6.591199053218588e-05,189.5279226173228,0.032285764395677964,0.012088843621313572,81.08984375,609,1596,315,315,14,scalar control: do not infer dense LAPACK efficiency,8a9aaa0b12b444025a5422a427af22b3ecf515296748655c1c1d4dcc9434fb2c,/home/tinkerer/.codex/worktrees/a93c/meanfi/build/periodic-study/runs/chain1--T0.05--e1e-05--gk21-derivative.json
chain1,normal,1,1,0.05,1e-05,gm-derivative,gm-derivative,controls,,success,pass,pass,passes declared density/filling targets with empirical reference margin,0.0064592198468744755,2.7061908269843116e-11,2.708722135480457e-11,,1.3324240499850199e-14,5.773159728050814e-15,True,1e-05,1e-05,2.5e-06,2.5e-06,2.7061797247540653e-11,2.7061797247540653e-11,2.3802654888315217e-07,2.3802654888315217e-07,609,0,609,0.00020853569731116295,0.0,1.0822986951097846e-07,8.185452315956354e-08,6.591199053218588e-05,97.99764496143285,6.591199053218588e-05,97.99764496143285,0.03228496664532488,0.0062506841495633125,80.9765625,609,1596,315,315,14,scalar control: do not infer dense LAPACK efficiency,8a9aaa0b12b444025a5422a427af22b3ecf515296748655c1c1d4dcc9434fb2c,/home/tinkerer/.codex/worktrees/a93c/meanfi/build/periodic-study/runs/chain1--T0.05--e1e-05--gm-derivative.json
chain1,normal,1,1,0.05,1e-05,periodic,periodic,controls,,success,pass,pass,passes declared density/filling targets with empirical reference margin,0.011877160985022783,2.4642675622299492e-08,2.4642696827559263e-08,,1.3324240499850199e-14,5.773159728050814e-15,True,1e-05,1e-05,2.5e-06,2.5e-06,2.464267551127719e-08,2.464267551127719e-08,2.427606887733802e-08,2.427606887733802e-08,1024,0,1024,0.00031566666439175606,0.0,1.0822986951097846e-07,8.185452315956354e-08,0.00011082738637924194,107.1681050420168,0.00011082738637924194,107.1681050420168,0.02657761941509548,0.011561494320631027,80.203125,1024,4024,1528,512,6,scalar control: do not infer dense LAPACK efficiency,8a9aaa0b12b444025a5422a427af22b3ecf515296748655c1c1d4dcc9434fb2c,/home/tinkerer/.codex/worktrees/a93c/meanfi/build/periodic-study/runs/chain1--T0.05--e1e-05--periodic.json
chain48,normal,1,48,0.0,0.0001,fermi,fermi (max_ref=100000),zero-temperature-context,,success,unknown,unknown,T=0 context; finite-temperature references do not apply,0.03362878132611513,,,,,,,0.0001,0.0001,2.5e-05,2.5e-05,3.552713678800501e-15,3.552713678800501e-15,9.265763103848785e-05,8.926270166409456e-06,,0,,0.0,0.0,0.00019699856056831777,9.622991638025269e-05,,,,,0.0,0.03362878132611513,84.7421875,41,,,41,18,representative sampled LAPACK cost; not a rigorous lower bound or exact node replay,8881001d4a6f9b3a7d9009c3e36c82d12b89f2146f109cc1575e268d853da4a6,/home/tinkerer/.codex/worktrees/a93c/meanfi/build/periodic-study/runs/chain48--T0--e0.0001--fermi.json
chain48,normal,1,48,0.01,1e-05,gk21-derivative,gk21-derivative,temperature,,success,pass,pass,passes declared density/filling targets with empirical reference margin,0.03741961531341076,9.102052445086901e-12,1.573781105435046e-10,,6.661338290942727e-16,3.552713678800501e-15,True,1e-05,1e-05,2.5e-06,2.5e-06,1.573674524024682e-10,1.573674524024682e-10,1.3790005859258872e-08,2.619465886265789e-07,105,0,105,0.022483942564576864,0.0,0.00019699856056831777,9.622991638025269e-05,0.020684848859673366,1.809034988230591,0.020684848859673366,1.809034988230591,0.6008597997670724,0.014935672748833895,98.265625,105,336,63,63,2,representative sampled LAPACK cost; not a rigorous lower bound or exact node replay,8881001d4a6f9b3a7d9009c3e36c82d12b89f2146f109cc1575e268d853da4a6,/home/tinkerer/.codex/worktrees/a93c/meanfi/build/periodic-study/runs/chain48--T0.01--e1e-05--gk21-derivative.json
chain48,normal,1,48,0.01,1e-05,gm-derivative,gm-derivative,temperature,,success,pass,pass,passes declared density/filling targets with empirical reference margin,0.03751873271539807,9.102052445086901e-12,1.573781105435046e-10,,6.661338290942727e-16,3.552713678800501e-15,True,1e-05,1e-05,2.5e-06,2.5e-06,1.573674524024682e-10,1.573674524024682e-10,1.3790005859258872e-08,2.619465886265789e-07,105,0,105,0.022637328132987022,0.0,0.00019699856056831777,9.622991638025269e-05,0.020684848859673366,1.8138267758167477,0.020684848859673366,1.8138267758167477,0.6033606813083117,0.01488140458241105,98.33984375,105,336,63,63,2,representative sampled LAPACK cost; not a rigorous lower bound or exact node replay,8881001d4a6f9b3a7d9009c3e36c82d12b89f2146f109cc1575e268d853da4a6,/home/tinkerer/.codex/worktrees/a93c/meanfi/build/periodic-study/runs/chain48--T0.01--e1e-05--gm-derivative.json
chain48,normal,1,48,0.01,1e-05,periodic,periodic,temperature,,success,pass,pass,passes declared density/filling targets with empirical reference margin,0.026872575748711824,5.630657051725052e-11,9.74250013996425e-10,,6.661338290942727e-16,3.552713678800501e-15,True,1e-05,1e-05,2.5e-06,2.5e-06,9.742535667101038e-10,9.742535667101038e-10,3.061173536877959e-11,5.192362095840508e-10,64,0,64,0.01540903514251113,0.0,0.00019699856056831777,9.622991638025269e-05,0.012607907876372337,2.1314064166880513,0.012607907876372337,2.1314064166880513,0.5734111715453917,0.011463540606200695,82.953125,64,216,88,32,2,representative sampled LAPACK cost; not a rigorous lower bound or exact node replay,8881001d4a6f9b3a7d9009c3e36c82d12b89f2146f109cc1575e268d853da4a6,/home/tinkerer/.codex/worktrees/a93c/meanfi/build/periodic-study/runs/chain48--T0.01--e1e-05--periodic.json
chain48,normal,1,48,0.05,1e-05,gauss,gauss,repeatability,2,success,pass,pass,passes declared density/filling targets with empirical reference margin,0.009895083028823137,1.4895562561179077e-10,3.4047324959374237e-09,,3.8860963328261607e-16,3.552713678800501e-15,True,1e-05,1e-05,2.5e-06,2.5e-06,3.4047360486511025e-09,3.4047360486511025e-09,1.8889645403419308e-10,3.317911279054897e-09,24,0,24,0.005838352721184492,0.0,0.00019699856056831777,9.622991638025269e-05,0.0047279654536396265,2.0928839531189514,0.0047279654536396265,2.0928839531189514,0.5900256424507103,0.004056730307638645,84.21484375,,112,24,16,,representative sampled LAPACK cost; not a rigorous lower bound or exact node replay,8881001d4a6f9b3a7d9009c3e36c82d12b89f2146f109cc1575e268d853da4a6,/home/tinkerer/.codex/worktrees/a93c/meanfi/build/periodic-study/runs/chain48--T0.05--e1e-05--gauss--r2.json
chain48,normal,1,48,0.05,1e-05,gauss,gauss,repeatability,3,success,pass,pass,passes declared density/filling targets with empirical reference margin,0.01907265093177557,1.4895562561179077e-10,3.4047324959374237e-09,,3.8860963328261607e-16,3.552713678800501e-15,True,1e-05,1e-05,2.5e-06,2.5e-06,3.4047360486511025e-09,3.4047360486511025e-09,1.8889645403419308e-10,3.317911279054897e-09,24,0,24,0.010663184337317944,0.0,0.00019699856056831777,9.622991638025269e-05,0.0047279654536396265,4.034008099000234,0.0047279654536396265,4.034008099000234,0.5590824461403412,0.008409466594457626,86.66796875,,112,24,16,,representative sampled LAPACK cost; not a rigorous lower bound or exact node replay,8881001d4a6f9b3a7d9009c3e36c82d12b89f2146f109cc1575e268d853da4a6,/home/tinkerer/.codex/worktrees/a93c/meanfi/build/periodic-study/runs/chain48--T0.05--e1e-05--gauss--r3.json
chain48,normal,1,48,0.05,1e-05,gauss,gauss,baseline,,success,pass,pass,passes declared density/filling targets with empirical reference margin,0.010118490550667048,1.4895562561179077e-10,3.4047324959374237e-09,,3.8860963328261607e-16,3.552713678800501e-15,True,1e-05,1e-05,2.5e-06,2.5e-06,3.4047360486511025e-09,3.4047360486511025e-09,1.8889645403419308e-10,3.317911279054897e-09,24,0,24,0.00592604698613286,0.0,0.00019699856056831777,9.622991638025269e-05,0.0047279654536396265,2.140136312306967,0.0047279654536396265,2.140136312306967,0.5856651203515918,0.004192443564534187,84.0390625,,112,24,16,,representative sampled LAPACK cost; not a rigorous lower bound or exact node replay,8a9aaa0b12b444025a5422a427af22b3ecf515296748655c1c1d4dcc9434fb2c,/home/tinkerer/.codex/worktrees/a93c/meanfi/build/periodic-study/runs/chain48--T0.05--e1e-05--gauss.json
chain48,normal,1,48,0.05,1e-05,gk21-derivative,gk21-derivative,repeatability,2,success,pass,pass,passes declared density/filling targets with empirical reference margin,0.010926370043307543,3.798572567603787e-12,8.682832230988424e-11,,3.8860963328261607e-16,0.0,True,1e-05,1e-05,2.5e-06,2.5e-06,8.682476959620544e-11,8.682476959620544e-11,2.4912192174548227e-13,6.2088197125229935e-12,21,0,21,0.004704376216977835,0.0,0.00019699856056831777,9.622991638025269e-05,0.004136969771934673,2.641152980481599,0.004136969771934673,2.641152980481599,0.43055252552601303,0.006221993826329708,83.5390625,21,147,21,21,0,representative sampled LAPACK cost; not a rigorous lower bound or exact node replay,8881001d4a6f9b3a7d9009c3e36c82d12b89f2146f109cc1575e268d853da4a6,/home/tinkerer/.codex/worktrees/a93c/meanfi/build/periodic-study/runs/chain48--T0.05--e1e-05--gk21-derivative--r2.json
chain48,normal,1,48,0.05,1e-05,gk21-derivative,gk21-derivative,repeatability,3,success,pass,pass,passes declared density/filling targets with empirical reference margin,0.011037809308618307,3.798572567603787e-12,8.682832230988424e-11,,3.8860963328261607e-16,0.0,True,1e-05,1e-05,2.5e-06,2.5e-06,8.682476959620544e-11,8.682476959620544e-11,2.4912192174548227e-13,6.2088197125229935e-12,21,0,21,0.004892433062195778,0.0,0.00019699856056831777,9.622991638025269e-05,0.004136969771934673,2.6680903939639915,0.004136969771934673,2.6680903939639915,0.44324312238079455,0.006145376246422529,83.40625,21,147,21,21,0,representative sampled LAPACK cost; not a rigorous lower bound or exact node replay,8881001d4a6f9b3a7d9009c3e36c82d12b89f2146f109cc1575e268d853da4a6,/home/tinkerer/.codex/worktrees/a93c/meanfi/build/periodic-study/runs/chain48--T0.05--e1e-05--gk21-derivative--r3.json
chain48,normal,1,48,0.05,1e-05,gk21-derivative,gk21-derivative,baseline,,success,pass,pass,passes declared density/filling targets with empirical reference margin,0.02017109375447035,3.798572567603787e-12,8.682832230988424e-11,,3.8860963328261607e-16,0.0,True,1e-05,1e-05,2.5e-06,2.5e-06,8.682476959620544e-11,8.682476959620544e-11,2.4912192174548227e-13,6.2088197125229935e-12,21,0,21,0.008821009658277035,0.0,0.00019699856056831777,9.622991638025269e-05,0.004136969771934673,4.8758136671221655,0.004136969771934673,4.8758136671221655,0.4373094372397188,0.011350084096193314,83.08203125,21,147,21,21,0,representative sampled LAPACK cost; not a rigorous lower bound or exact node replay,8a9aaa0b12b444025a5422a427af22b3ecf515296748655c1c1d4dcc9434fb2c,/home/tinkerer/.codex/worktrees/a93c/meanfi/build/periodic-study/runs/chain48--T0.05--e1e-05--gk21-derivative.json
chain48,normal,1,48,0.05,1e-05,gm-derivative,gm-derivative,baseline,,success,pass,pass,passes declared density/filling targets with empirical reference margin,0.011171306017786264,3.798572567603787e-12,8.682832230988424e-11,,3.8860963328261607e-16,0.0,True,1e-05,1e-05,2.5e-06,2.5e-06,8.682476959620544e-11,8.682476959620544e-11,2.4912192174548227e-13,6.2088197125229935e-12,21,0,21,0.004706306848675013,0.0,0.00019699856056831777,9.622991638025269e-05,0.004136969771934673,2.7003595949800596,0.004136969771934673,2.7003595949800596,0.42128528581903685,0.006464999169111252,83.2734375,21,147,21,21,0,representative sampled LAPACK cost; not a rigorous lower bound or exact node replay,8a9aaa0b12b444025a5422a427af22b3ecf515296748655c1c1d4dcc9434fb2c,/home/tinkerer/.codex/worktrees/a93c/meanfi/build/periodic-study/runs/chain48--T0.05--e1e-05--gm-derivative.json
chain48,normal,1,48,0.05,1e-05,periodic,periodic,repeatability,2,success,pass,pass,passes declared density/filling targets with empirical reference margin,0.012797052040696144,3.798794612208797e-12,8.682832230988424e-11,,3.8860963328261607e-16,0.0,True,1e-05,1e-05,2.5e-06,2.5e-06,8.683187502356304e-11,8.683187502356304e-11,3.885789381161402e-16,0.0,32,0,32,0.007055047899484634,0.0,0.00019699856056831777,9.622991638025269e-05,0.006303953938186169,2.030004052405597,0.006303953938186169,2.030004052405597,0.5513025872715642,0.00574200414121151,83.99609375,32,104,40,16,1,representative sampled LAPACK cost; not a rigorous lower bound or exact node replay,8881001d4a6f9b3a7d9009c3e36c82d12b89f2146f109cc1575e268d853da4a6,/home/tinkerer/.codex/worktrees/a93c/meanfi/build/periodic-study/runs/chain48--T0.05--e1e-05--periodic--r2.json
chain48,normal,1,48,0.05,1e-05,periodic,periodic,repeatability,3,success,pass,pass,passes declared density/filling targets with empirical reference margin,0.014572429936379194,3.798794612208797e-12,8.682832230988424e-11,,3.8860963328261607e-16,0.0,True,1e-05,1e-05,2.5e-06,2.5e-06,8.683187502356304e-11,8.683187502356304e-11,3.885789381161402e-16,0.0,32,0,32,0.008376678917557001,0.0,0.00019699856056831777,9.622991638025269e-05,0.006303953938186169,2.311633314467413,0.006303953938186169,2.311633314467413,0.574830618786859,0.006195751018822193,84.23046875,32,104,40,16,1,representative sampled LAPACK cost; not a rigorous lower bound or exact node replay,8881001d4a6f9b3a7d9009c3e36c82d12b89f2146f109cc1575e268d853da4a6,/home/tinkerer/.codex/worktrees/a93c/meanfi/build/periodic-study/runs/chain48--T0.05--e1e-05--periodic--r3.json
chain48,normal,1,48,0.05,1e-05,periodic,periodic,baseline,,success,pass,pass,passes declared density/filling targets with empirical reference margin,0.012654530350118876,3.798794612208797e-12,8.682832230988424e-11,,3.8860963328261607e-16,0.0,True,1e-05,1e-05,2.5e-06,2.5e-06,8.683187502356304e-11,8.683187502356304e-11,3.885789381161402e-16,0.0,32,0,32,0.006974227726459503,0.0,0.00019699856056831777,9.622991638025269e-05,0.006303953938186169,2.0073957510165363,0.006303953938186169,2.0073957510165363,0.5511249752855496,0.005680302623659372,83.66015625,32,104,40,16,1,representative sampled LAPACK cost; not a rigorous lower bound or exact node replay,8a9aaa0b12b444025a5422a427af22b3ecf515296748655c1c1d4dcc9434fb2c,/home/tinkerer/.codex/worktrees/a93c/meanfi/build/periodic-study/runs/chain48--T0.05--e1e-05--periodic.json
chain48,normal,1,48,0.05,1e-05,periodic,periodic (nk=2),initial-grid,nk2,success,pass,pass,passes declared density/filling targets with empirical reference margin,0.008813930209726095,6.543249442270138e-09,1.4956144767097612e-07,,3.8860963328261607e-16,0.0,True,1e-05,1e-05,2.5e-06,2.5e-06,1.495614512236898e-07,1.495614512236898e-07,3.364183598364434e-09,1.0589025478680014e-07,16,0,16,0.0037397220730781555,0.0,0.00019699856056831777,9.622991638025269e-05,0.0031519769690930843,2.796318087394566,0.0031519769690930843,2.796318087394566,0.4242967647907405,0.00507420813664794,83.66015625,16,54,22,8,2,representative sampled LAPACK cost; not a rigorous lower bound or exact node replay,8881001d4a6f9b3a7d9009c3e36c82d12b89f2146f109cc1575e268d853da4a6,/home/tinkerer/.codex/worktrees/a93c/meanfi/build/periodic-study/runs/chain48--T0.05--e1e-05--periodic--rnk2.json
chain48,normal,1,48,0.05,1e-05,periodic,periodic (nk=4),initial-grid,nk4,success,pass,pass,passes declared density/filling targets with empirical reference margin,0.013917302247136831,4.636453609929703e-09,1.0597711863624681e-07,,3.8860963328261607e-16,0.0,True,1e-05,1e-05,2.5e-06,2.5e-06,1.0597711863624681e-07,1.0597711863624681e-07,3.3641839869424928e-09,1.0589026899765486e-07,16,0,16,0.006905430927872658,0.0,0.00019699856056831777,9.622991638025269e-05,0.0031519769690930843,4.415420031175305,0.0031519769690930843,4.415420031175305,0.4961759689664923,0.0070118713192641735,83.6796875,16,52,20,8,1,representative sampled LAPACK cost; not a rigorous lower bound or exact node replay,8881001d4a6f9b3a7d9009c3e36c82d12b89f2146f109cc1575e268d853da4a6,/home/tinkerer/.codex/worktrees/a93c/meanfi/build/periodic-study/runs/chain48--T0.05--e1e-05--periodic--rnk4.json
chain48,normal,1,48,0.2,1e-05,gk21-derivative,gk21-derivative,temperature,,success,pass,pass,passes declared density/filling targets with empirical reference margin,0.01025941176339984,6.269162966532349e-10,2.0464085537241772e-08,,6.661338950546739e-16,0.0,True,1e-05,1e-05,2.5e-06,2.5e-06,2.046409264266913e-08,2.046409264266913e-08,5.819050598887253e-15,2.2915003205543527e-13,21,0,21,0.004754169844090939,0.0,0.00019699856056831777,9.622991638025269e-05,0.004136969771934673,2.4799339441636716,0.004136969771934673,2.4799339441636716,0.463395948396506,0.005505241919308901,83.1640625,21,105,21,21,0,representative sampled LAPACK cost; not a rigorous lower bound or exact node replay,8881001d4a6f9b3a7d9009c3e36c82d12b89f2146f109cc1575e268d853da4a6,/home/tinkerer/.codex/worktrees/a93c/meanfi/build/periodic-study/runs/chain48--T0.2--e1e-05--gk21-derivative.json
chain48,normal,1,48,0.2,1e-05,gm-derivative,gm-derivative,temperature,,success,pass,pass,passes declared density/filling targets with empirical reference margin,0.018511903937906027,6.269162966532349e-10,2.0464085537241772e-08,,6.661338950546739e-16,0.0,True,1e-05,1e-05,2.5e-06,2.5e-06,2.046409264266913e-08,2.046409264266913e-08,5.819050598887253e-15,2.2915003205543527e-13,21,0,21,0.008791699074208736,0.0,0.00019699856056831777,9.622991638025269e-05,0.004136969771934673,4.474749625557174,0.004136969771934673,4.474749625557174,0.47492138592002703,0.00972020486369729,83.1796875,21,105,21,21,0,representative sampled LAPACK cost; not a rigorous lower bound or exact node replay,8881001d4a6f9b3a7d9009c3e36c82d12b89f2146f109cc1575e268d853da4a6,/home/tinkerer/.codex/worktrees/a93c/meanfi/build/periodic-study/runs/chain48--T0.2--e1e-05--gm-derivative.json
chain48,normal,1,48,0.2,1e-05,periodic,periodic,temperature,,success,pass,pass,passes declared density/filling targets with empirical reference margin,0.012818981893360615,6.269159635863275e-10,2.0464085537241772e-08,,6.661338950546739e-16,0.0,True,1e-05,1e-05,2.5e-06,2.5e-06,2.0464085537241772e-08,2.0464085537241772e-08,2.7755575615628914e-16,0.0,32,0,32,0.007090175990015268,0.0,0.00019699856056831777,9.622991638025269e-05,0.006303953938186169,2.0334827981070256,0.006303953938186169,2.0334827981070256,0.5530997741472363,0.0057288059033453465,72.66796875,32,88,40,16,1,representative sampled LAPACK cost; not a rigorous lower bound or exact node replay,8881001d4a6f9b3a7d9009c3e36c82d12b89f2146f109cc1575e268d853da4a6,/home/tinkerer/.codex/worktrees/a93c/meanfi/build/periodic-study/runs/chain48--T0.2--e1e-05--periodic.json
cubic48,normal,3,48,0.05,1e-07,gk21-derivative,gk21-derivative,tolerance,,timeout,unknown,unknown,calculation did not complete successfully,90.13998023280874,,,,,,,1e-07,1e-07,2.5e-08,2.5e-08,,,,,,0,,0.0,0.0,0.00019810107914963737,9.763770503923297e-05,,,,,0.0,90.13998023280874,6077.17578125,,,,,,representative sampled LAPACK cost; not a rigorous lower bound or exact node replay,8881001d4a6f9b3a7d9009c3e36c82d12b89f2146f109cc1575e268d853da4a6,/home/tinkerer/.codex/worktrees/a93c/meanfi/build/periodic-study/runs/cubic48--T0.05--e1e-07--gk21-derivative.json
cubic48,normal,3,48,0.05,1e-07,gm-derivative,gm-derivative,tolerance,,memory_limit,unknown,unknown,calculation did not complete successfully,60.39503690088168,,,,,,,1e-07,1e-07,2.5e-08,2.5e-08,,,,,,0,,0.0,0.0,0.00019810107914963737,9.763770503923297e-05,,,,,0.0,60.39503690088168,6144.6953125,,,,,,representative sampled LAPACK cost; not a rigorous lower bound or exact node replay,8881001d4a6f9b3a7d9009c3e36c82d12b89f2146f109cc1575e268d853da4a6,/home/tinkerer/.codex/worktrees/a93c/meanfi/build/periodic-study/runs/cubic48--T0.05--e1e-07--gm-derivative.json
cubic48,normal,3,48,0.05,1e-07,periodic,periodic,tolerance,,timeout,unknown,unknown,calculation did not complete successfully,90.05799336498603,,,,,,,1e-07,1e-07,2.5e-08,2.5e-08,,,,,,0,,0.0,0.0,0.00019810107914963737,9.763770503923297e-05,,,,,0.0,90.05799336498603,738.625,,,,,,representative sampled LAPACK cost; not a rigorous lower bound or exact node replay,8881001d4a6f9b3a7d9009c3e36c82d12b89f2146f109cc1575e268d853da4a6,/home/tinkerer/.codex/worktrees/a93c/meanfi/build/periodic-study/runs/cubic48--T0.05--e1e-07--periodic.json
cubic48,normal,3,48,0.05,1e-05,gauss,gauss,baseline,,error,unknown,unknown,calculation did not complete successfully,17.657445871271193,,,,,,,1e-05,1e-05,2.5e-06,2.5e-06,,,,,37376,0,37376,7.79625485278666,0.0,0.00019810107914963737,9.763770503923297e-05,7.404225934296846,2.3847794527015687,7.404225934296846,2.3847794527015687,0.44152789195130593,9.861191018484533,1339.3984375,,155136,37376,,,representative sampled LAPACK cost; not a rigorous lower bound or exact node replay,8a9aaa0b12b444025a5422a427af22b3ecf515296748655c1c1d4dcc9434fb2c,/home/tinkerer/.codex/worktrees/a93c/meanfi/build/periodic-study/runs/cubic48--T0.05--e1e-05--gauss.json
cubic48,normal,3,48,0.05,1e-05,gauss-bounded,gauss-bounded,bounded-gauss,,error,unknown,unknown,calculation did not complete successfully,130.87113216612488,,,,,,,1e-05,1e-05,2.5e-06,2.5e-06,,,,,299520,269568,569088,61.582460256293416,26.864202298223972,0.00019810107914963737,9.763770503923297e-05,85.65523609891534,1.5278824521012804,112.73694693110883,1.1608539678309495,0.6758301933404625,42.42446961160749,714.78515625,,1236480,299520,,,representative sampled LAPACK cost; not a rigorous lower bound or exact node replay,8881001d4a6f9b3a7d9009c3e36c82d12b89f2146f109cc1575e268d853da4a6,/home/tinkerer/.codex/worktrees/a93c/meanfi/build/periodic-study/runs/cubic48--T0.05--e1e-05--gauss-bounded.json
cubic48,normal,3,48,0.05,1e-05,gauss-bounded,gauss-bounded (filling_target=0.001),independent-filling-target,,timeout,unknown,unknown,calculation did not complete successfully,119.62433843733743,,,,,,,1e-05,0.001,0.00025,0.00025,,,,,270336,269568,539904,55.068473267834634,26.731451533269137,0.00019810107914963737,9.763770503923297e-05,79.87385420501232,1.497665783477751,106.95556503720582,1.118448940882362,0.6838067058063845,37.82441363623366,718.1953125,,941568,37376,,,representative sampled LAPACK cost; not a rigorous lower bound or exact node replay,8881001d4a6f9b3a7d9009c3e36c82d12b89f2146f109cc1575e268d853da4a6,/home/tinkerer/.codex/worktrees/a93c/meanfi/build/periodic-study/runs/cubic48--T0.05--e1e-05--gauss-bounded--q0.001.json
cubic48,normal,3,48,0.05,1e-05,gk21-derivative,gk21-derivative,baseline,,timeout,unknown,unknown,calculation did not complete successfully,90.12488134298474,,,,,,,1e-05,1e-05,2.5e-06,2.5e-06,,,,,,0,,0.0,0.0,0.00019810107914963737,9.763770503923297e-05,,,,,0.0,90.12488134298474,6047.4375,,,,,,representative sampled LAPACK cost; not a rigorous lower bound or exact node replay,8a9aaa0b12b444025a5422a427af22b3ecf515296748655c1c1d4dcc9434fb2c,/home/tinkerer/.codex/worktrees/a93c/meanfi/build/periodic-study/runs/cubic48--T0.05--e1e-05--gk21-derivative.json
cubic48,normal,3,48,0.05,1e-05,gk21-lean,gk21-lean,lean-adaptive,,timeout,unknown,unknown,calculation did not complete successfully,179.64959740638733,,,,,,,1e-05,1e-05,2.5e-06,2.5e-06,,,,,0,1712984,1712984,0.0,170.25913631590083,0.00019810107914963737,9.763770503923297e-05,167.25182652892545,1.0741263706038973,339.3439789660624,0.5294026372701723,0.9477290167856918,9.390461090486497,649.375,,1657719,0,,,representative sampled LAPACK cost; not a rigorous lower bound or exact node replay,8881001d4a6f9b3a7d9009c3e36c82d12b89f2146f109cc1575e268d853da4a6,/home/tinkerer/.codex/worktrees/a93c/meanfi/build/periodic-study/runs/cubic48--T0.05--e1e-05--gk21-lean.json
cubic48,normal,3,48,0.05,1e-05,gk21-lean,gk21-lean (filling_target=0.001),independent-filling-target,,timeout,unknown,unknown,calculation did not complete successfully,119.76924417586997,,,,,,,1e-05,0.001,0.00025,0.00025,,,,,165373,601965,767338,33.64541830914095,59.63981998478994,0.00019810107914963737,9.763770503923297e-05,91.53505087615486,1.3084522598661734,152.01048587252444,0.7879011996337418,0.778874734793769,26.484005881939083,849.17578125,,1711960,165373,,,representative sampled LAPACK cost; not a rigorous lower bound or exact node replay,8881001d4a6f9b3a7d9009c3e36c82d12b89f2146f109cc1575e268d853da4a6,/home/tinkerer/.codex/worktrees/a93c/meanfi/build/periodic-study/runs/cubic48--T0.05--e1e-05--gk21-lean--q0.001.json
cubic48,normal,3,48,0.05,1e-05,gm-derivative,gm-derivative,baseline,,memory_limit,unknown,unknown,calculation did not complete successfully,49.528462320100516,,,,,,,1e-05,1e-05,2.5e-06,2.5e-06,,,,,,0,,0.0,0.0,0.00019810107914963737,9.763770503923297e-05,,,,,0.0,49.528462320100516,6152.84765625,,,,,,representative sampled LAPACK cost; not a rigorous lower bound or exact node replay,8a9aaa0b12b444025a5422a427af22b3ecf515296748655c1c1d4dcc9434fb2c,/home/tinkerer/.codex/worktrees/a93c/meanfi/build/periodic-study/runs/cubic48--T0.05--e1e-05--gm-derivative.json
cubic48,normal,3,48,0.05,1e-05,gm-lean,gm-lean,lean-adaptive,,error,unknown,unknown,calculation did not complete successfully,56.53207644820213,,,,,,,1e-05,1e-05,2.5e-06,2.5e-06,,,,,0,528033,528033,0.0,52.94247951824218,0.00019810107914963737,9.763770503923297e-05,51.5559303049813,1.0965193744693233,104.60390712662047,0.5404394348269558,0.9365033595882695,3.589596929959953,275.32421875,,528099,0,,,representative sampled LAPACK cost; not a rigorous lower bound or exact node replay,8881001d4a6f9b3a7d9009c3e36c82d12b89f2146f109cc1575e268d853da4a6,/home/tinkerer/.codex/worktrees/a93c/meanfi/build/periodic-study/runs/cubic48--T0.05--e1e-05--gm-lean.json
cubic48,normal,3,48,0.05,1e-05,periodic,periodic,baseline,,timeout,unknown,unknown,calculation did not complete successfully,90.04146874882281,,,,,,,1e-05,1e-05,2.5e-06,2.5e-06,,,,,,0,,0.0,0.0,0.00019810107914963737,9.763770503923297e-05,,,,,0.0,90.04146874882281,738.8046875,,,,,,representative sampled LAPACK cost; not a rigorous lower bound or exact node replay,8a9aaa0b12b444025a5422a427af22b3ecf515296748655c1c1d4dcc9434fb2c,/home/tinkerer/.codex/worktrees/a93c/meanfi/build/periodic-study/runs/cubic48--T0.05--e1e-05--periodic.json
cubic48,normal,3,48,0.05,1e-05,periodic,periodic,cache-policy,cache512-pair,timeout,unknown,unknown,calculation did not complete successfully,239.64658529823646,,,,,,,1e-05,1e-05,2.5e-06,2.5e-06,,,,,465152,772608,1237760,95.83444996876642,76.99358480842784,0.00019810107914963737,9.763770503923297e-05,167.58278518356383,1.4300191098729902,245.20159172825515,0.9773451453113933,0.7211787915196557,66.8185505210422,739.1953125,,936960,561664,,,representative sampled LAPACK cost; not a rigorous lower bound or exact node replay,8881001d4a6f9b3a7d9009c3e36c82d12b89f2146f109cc1575e268d853da4a6,/home/tinkerer/.codex/worktrees/a93c/meanfi/build/periodic-study/runs/cubic48--T0.05--e1e-05--periodic--rcache512-pair.json
cubic48,normal,3,48,0.05,1e-05,periodic,periodic (cache_MiB=128),cache-policy,cache128-pair,timeout,unknown,unknown,calculation did not complete successfully,119.4214495527558,,,,,,,1e-05,1e-05,2.5e-06,2.5e-06,,,,,76032,881664,957696,15.695553442463279,87.78630036348477,0.00019810107914963737,9.763770503923297e-05,101.14567082561553,1.1806877009956205,189.7206110972911,0.6294595450755479,0.8665265259590886,15.939595746807754,349.85546875,,936960,299520,,,representative sampled LAPACK cost; not a rigorous lower bound or exact node replay,8881001d4a6f9b3a7d9009c3e36c82d12b89f2146f109cc1575e268d853da4a6,/home/tinkerer/.codex/worktrees/a93c/meanfi/build/periodic-study/runs/cubic48--T0.05--e1e-05--periodic--rcache128-pair.json
cubic48,normal,3,48,0.05,1e-05,periodic,periodic (filling_target=0.001),independent-filling-target,,timeout,unknown,unknown,calculation did not complete successfully,119.71483734389767,,,,,,,1e-05,0.001,0.00025,0.00025,,,,,110848,761600,872448,22.7800347446464,75.64977305196226,0.00019810107914963737,9.763770503923297e-05,96.31998457945883,1.2428867993135873,172.83289030194283,0.692662358042808,0.8222022431008716,21.285029547289014,738.9375,,903680,299520,,,representative sampled LAPACK cost; not a rigorous lower bound or exact node replay,8881001d4a6f9b3a7d9009c3e36c82d12b89f2146f109cc1575e268d853da4a6,/home/tinkerer/.codex/worktrees/a93c/meanfi/build/periodic-study/runs/cubic48--T0.05--e1e-05--periodic--q0.001.json
cubic48,normal,3,48,0.05,1e-05,periodic-anisotropic,periodic-anisotropic (max_ref=30),anisotropic-refinement,,timeout,unknown,unknown,calculation did not complete successfully,179.72839677287266,,,,,,,1e-05,1e-05,2.5e-06,2.5e-06,,,,,327256,542040,869296,68.45497108763084,54.17265860596672,0.00019810107914963737,9.763770503923297e-05,117.75330839765957,1.5263129267325528,172.20847570046317,1.0436675433181903,0.6822941276695702,57.1007670792751,730.5078125,,1204480,386304,,,representative sampled LAPACK cost; not a rigorous lower bound or exact node replay,8881001d4a6f9b3a7d9009c3e36c82d12b89f2146f109cc1575e268d853da4a6,/home/tinkerer/.codex/worktrees/a93c/meanfi/build/periodic-study/runs/cubic48--T0.05--e1e-05--periodic-anisotropic.json
cubic48,normal,3,48,0.05,1e-05,periodic-eigenvalue-priority,periodic-eigenvalue-priority,cache-policy,cache512-pair,success,pass,pass,passes declared density/filling targets with empirical reference margin,218.00822095526382,1.8915610966452334e-08,7.301339834953069e-07,,1.685609699093786e-11,3.7636027627740987e-10,True,1e-05,1e-05,2.5e-06,2.5e-06,7.298379749443029e-07,7.298379749443029e-07,1.873435043486804e-07,7.296882280627415e-07,547328,245888,793216,116.97688788361847,25.368803173769265,0.00019810107914963737,9.763770503923297e-05,132.43420746549964,1.6461624615532737,157.13694559875876,1.38737723407159,0.6529372627952303,75.66252989787608,739.56640625,793216,936960,561664,262144,3,representative sampled LAPACK cost; not a rigorous lower bound or exact node replay,8881001d4a6f9b3a7d9009c3e36c82d12b89f2146f109cc1575e268d853da4a6,/home/tinkerer/.codex/worktrees/a93c/meanfi/build/periodic-study/runs/cubic48--T0.05--e1e-05--periodic-eigenvalue-priority--rcache512-pair.json
cubic48,normal,3,48,0.05,1e-05,periodic-eigenvalue-priority,periodic-eigenvalue-priority (cache_MiB=128),cache-policy,cache128-pair,timeout,unknown,unknown,calculation did not complete successfully,119.70140141714364,,,,,,,1e-05,1e-05,2.5e-06,2.5e-06,,,,,275200,257024,532224,56.628345687408,25.558259193319827,0.00019810107914963737,9.763770503923297e-05,79.61265048198402,1.5035474976961296,105.4341487493366,1.13531908624526,0.6865968477204233,37.514796536415815,336.28515625,,936960,299520,,,representative sampled LAPACK cost; not a rigorous lower bound or exact node replay,8881001d4a6f9b3a7d9009c3e36c82d12b89f2146f109cc1575e268d853da4a6,/home/tinkerer/.codex/worktrees/a93c/meanfi/build/periodic-study/runs/cubic48--T0.05--e1e-05--periodic-eigenvalue-priority--rcache128-pair.json
cubic48,normal,3,48,0.05,0.001,gk21-derivative,gk21-derivative,tolerance,,timeout,unknown,unknown,calculation did not complete successfully,90.14702131599188,,,,,,,0.001,0.001,0.00025,0.00025,,,,,,0,,0.0,0.0,0.00019810107914963737,9.763770503923297e-05,,,,,0.0,90.14702131599188,6063.44921875,,,,,,representative sampled LAPACK cost; not a rigorous lower bound or exact node replay,8881001d4a6f9b3a7d9009c3e36c82d12b89f2146f109cc1575e268d853da4a6,/home/tinkerer/.codex/worktrees/a93c/meanfi/build/periodic-study/runs/cubic48--T0.05--e0.001--gk21-derivative.json
cubic48,normal,3,48,0.05,0.001,gk21-lean,gk21-lean,lean-cubic-loose,,timeout,unknown,unknown,calculation did not complete successfully,119.75386200426146,,,,,,,0.001,0.001,0.00025,0.00025,,,,,164605,601965,766570,33.58271612087265,59.67642862442881,0.00019810107914963737,9.763770503923297e-05,91.38290924736793,1.3104623500231876,151.85834424373752,0.7885892777288067,0.7787568867046878,26.49471725896001,849.3984375,,1711192,164605,,,representative sampled LAPACK cost; not a rigorous lower bound or exact node replay,8881001d4a6f9b3a7d9009c3e36c82d12b89f2146f109cc1575e268d853da4a6,/home/tinkerer/.codex/worktrees/a93c/meanfi/build/periodic-study/runs/cubic48--T0.05--e0.001--gk21-lean.json
cubic48,normal,3,48,0.05,0.001,gm-derivative,gm-derivative,tolerance,,memory_limit,unknown,unknown,calculation did not complete successfully,48.65824306383729,,,,,,,0.001,0.001,0.00025,0.00025,,,,,,0,,0.0,0.0,0.00019810107914963737,9.763770503923297e-05,,,,,0.0,48.65824306383729,6145.07421875,,,,,,representative sampled LAPACK cost; not a rigorous lower bound or exact node replay,8881001d4a6f9b3a7d9009c3e36c82d12b89f2146f109cc1575e268d853da4a6,/home/tinkerer/.codex/worktrees/a93c/meanfi/build/periodic-study/runs/cubic48--T0.05--e0.001--gm-derivative.json
cubic48,normal,3,48,0.05,0.001,gm-lean,gm-lean,lean-cubic-loose,,error,unknown,unknown,calculation did not complete successfully,56.323082810267806,,,,,,,0.001,0.001,0.00025,0.00025,,,,,0,528033,528033,0.0,52.75259596994147,0.00019810107914963737,9.763770503923297e-05,51.5559303049813,1.0924656480270303,104.60390712662047,0.538441482325226,0.9366070416927634,3.570486840326339,275.265625,,528099,0,,,representative sampled LAPACK cost; not a rigorous lower bound or exact node replay,8881001d4a6f9b3a7d9009c3e36c82d12b89f2146f109cc1575e268d853da4a6,/home/tinkerer/.codex/worktrees/a93c/meanfi/build/periodic-study/runs/cubic48--T0.05--e0.001--gm-lean.json
cubic48,normal,3,48,0.05,0.001,periodic,periodic,tolerance,,success,pass,pass,passes declared density/filling targets with empirical reference margin,28.35131296562031,4.868147004510881e-06,0.00018969058432816155,,1.685609699093786e-11,3.766480460853927e-10,True,0.001,0.001,0.00025,0.00025,0.0001889563872339295,0.0001889563872339295,4.3168471539456466e-05,0.00018895098674676092,65536,40448,105984,14.24937984161079,4.182958520017564,0.00019810107914963737,9.763770503923297e-05,16.93200221657753,1.6744217608158904,20.995544772595167,1.35034900369084,0.6501405555354697,9.918974603991956,738.890625,105984,117248,70144,32768,2,representative sampled LAPACK cost; not a rigorous lower bound or exact node replay,8881001d4a6f9b3a7d9009c3e36c82d12b89f2146f109cc1575e268d853da4a6,/home/tinkerer/.codex/worktrees/a93c/meanfi/build/periodic-study/runs/cubic48--T0.05--e0.001--periodic.json
gapped48,normal,2,48,0.05,1e-05,gauss,gauss,repeatability,2,success,pass,pass,passes declared density/filling targets with empirical reference margin,0.10844999691471457,6.661338147754168e-16,0.0,,3.330669260497549e-16,0.0,True,1e-05,1e-05,2.5e-06,2.5e-06,0.0,0.0,2.8862634504633888e-11,3.552713678800501e-15,320,0,320,0.07015465339645743,0.0,0.0001969111108337529,9.42601400311105e-05,0.06301155546680093,1.7211128357536567,0.06301155546680093,1.7211128357536567,0.6468847892326569,0.03829534351825714,110.01953125,,1024,320,256,,representative sampled LAPACK cost; not a rigorous lower bound or exact node replay,8881001d4a6f9b3a7d9009c3e36c82d12b89f2146f109cc1575e268d853da4a6,/home/tinkerer/.codex/worktrees/a93c/meanfi/build/periodic-study/runs/gapped48--T0.05--e1e-05--gauss--r2.json
gapped48,normal,2,48,0.05,1e-05,gauss,gauss,repeatability,3,success,pass,pass,passes declared density/filling targets with empirical reference margin,0.10661962209269404,6.661338147754168e-16,0.0,,3.330669260497549e-16,0.0,True,1e-05,1e-05,2.5e-06,2.5e-06,0.0,0.0,2.8862634504633888e-11,3.552713678800501e-15,320,0,320,0.06975939171388745,0.0,0.0001969111108337529,9.42601400311105e-05,0.06301155546680093,1.6920645951815778,0.06301155546680093,1.6920645951815778,0.6542828641170696,0.03686023037880659,109.84765625,,1024,320,256,,representative sampled LAPACK cost; not a rigorous lower bound or exact node replay,8881001d4a6f9b3a7d9009c3e36c82d12b89f2146f109cc1575e268d853da4a6,/home/tinkerer/.codex/worktrees/a93c/meanfi/build/periodic-study/runs/gapped48--T0.05--e1e-05--gauss--r3.json
gapped48,normal,2,48,0.05,1e-05,gauss,gauss,baseline,,success,pass,pass,passes declared density/filling targets with empirical reference margin,0.10846293903887272,6.661338147754168e-16,0.0,,3.330669260497549e-16,0.0,True,1e-05,1e-05,2.5e-06,2.5e-06,0.0,0.0,2.8862634504633888e-11,3.552713678800501e-15,320,0,320,0.07111120689660311,0.0,0.0001969111108337529,9.42601400311105e-05,0.06301155546680093,1.7213182286226674,0.06301155546680093,1.7213182286226674,0.6556267747005925,0.03735173214226961,109.625,,1024,320,256,,representative sampled LAPACK cost; not a rigorous lower bound or exact node replay,8a9aaa0b12b444025a5422a427af22b3ecf515296748655c1c1d4dcc9434fb2c,/home/tinkerer/.codex/worktrees/a93c/meanfi/build/periodic-study/runs/gapped48--T0.05--e1e-05--gauss.json
gapped48,normal,2,48,0.05,1e-05,gk21-derivative,gk21-derivative,repeatability,2,success,pass,pass,passes declared density/filling targets with empirical reference margin,0.15604012878611684,3.330669183107998e-16,0.0,,3.330669260497549e-16,0.0,True,1e-05,1e-05,2.5e-06,2.5e-06,3.552713678800501e-14,3.552713678800501e-14,1.378896996584828e-13,2.4868995751603507e-14,441,0,441,0.09107047086581588,0.0,0.0001969111108337529,9.42601400311105e-05,0.08683779987768503,1.7969148113598734,0.08683779987768503,1.7969148113598734,0.5836349378475941,0.06496965792030096,174.01953125,441,1323,441,441,0,representative sampled LAPACK cost; not a rigorous lower bound or exact node replay,8881001d4a6f9b3a7d9009c3e36c82d12b89f2146f109cc1575e268d853da4a6,/home/tinkerer/.codex/worktrees/a93c/meanfi/build/periodic-study/runs/gapped48--T0.05--e1e-05--gk21-derivative--r2.json
gapped48,normal,2,48,0.05,1e-05,gk21-derivative,gk21-derivative,repeatability,3,success,pass,pass,passes declared density/filling targets with empirical reference margin,0.15683131199330091,3.330669183107998e-16,0.0,,3.330669260497549e-16,0.0,True,1e-05,1e-05,2.5e-06,2.5e-06,3.552713678800501e-14,3.552713678800501e-14,1.378896996584828e-13,2.4868995751603507e-14,441,0,441,0.09094880614429712,0.0,0.0001969111108337529,9.42601400311105e-05,0.08683779987768503,1.8060258575666923,0.08683779987768503,1.8060258575666923,0.5799148460109932,0.06588250584900379,163.09765625,441,1323,441,441,0,representative sampled LAPACK cost; not a rigorous lower bound or exact node replay,8881001d4a6f9b3a7d9009c3e36c82d12b89f2146f109cc1575e268d853da4a6,/home/tinkerer/.codex/worktrees/a93c/meanfi/build/periodic-study/runs/gapped48--T0.05--e1e-05--gk21-derivative--r3.json
gapped48,normal,2,48,0.05,1e-05,gk21-derivative,gk21-derivative,baseline,,success,pass,pass,passes declared density/filling targets with empirical reference margin,0.15689319232478738,3.330669183107998e-16,0.0,,3.330669260497549e-16,0.0,True,1e-05,1e-05,2.5e-06,2.5e-06,3.552713678800501e-14,3.552713678800501e-14,1.378896996584828e-13,2.4868995751603507e-14,441,0,441,0.09144333843141794,0.0,0.0001969111108337529,9.42601400311105e-05,0.08683779987768503,1.8067384542880927,0.08683779987768503,1.8067384542880927,0.5828381529908542,0.06544985389336944,187.0625,441,1323,441,441,0,representative sampled LAPACK cost; not a rigorous lower bound or exact node replay,8a9aaa0b12b444025a5422a427af22b3ecf515296748655c1c1d4dcc9434fb2c,/home/tinkerer/.codex/worktrees/a93c/meanfi/build/periodic-study/runs/gapped48--T0.05--e1e-05--gk21-derivative.json
gapped48,normal,2,48,0.05,1e-05,gm-derivative,gm-derivative,repeatability,2,success,pass,pass,passes declared density/filling targets with empirical reference margin,0.03454767074435949,7.980884009217704e-10,0.0,,3.330669260497549e-16,0.0,True,1e-05,1e-05,2.5e-06,2.5e-06,7.105427357601002e-15,7.105427357601002e-15,2.1919051526680403e-06,7.105427357601002e-15,85,0,85,0.018093610182404518,0.0,0.0001969111108337529,9.42601400311105e-05,0.016737444420868997,2.0640947253144515,0.016737444420868997,2.0640947253144515,0.5237288011770985,0.016454060561954975,95.57421875,85,51,85,68,1,representative sampled LAPACK cost; not a rigorous lower bound or exact node replay,8881001d4a6f9b3a7d9009c3e36c82d12b89f2146f109cc1575e268d853da4a6,/home/tinkerer/.codex/worktrees/a93c/meanfi/build/periodic-study/runs/gapped48--T0.05--e1e-05--gm-derivative--r2.json
gapped48,normal,2,48,0.05,1e-05,gm-derivative,gm-derivative,repeatability,3,success,pass,pass,passes declared density/filling targets with empirical reference margin,0.03472724836319685,7.980884009217704e-10,0.0,,3.330669260497549e-16,0.0,True,1e-05,1e-05,2.5e-06,2.5e-06,7.105427357601002e-15,7.105427357601002e-15,2.1919051526680403e-06,7.105427357601002e-15,85,0,85,0.01822748687118292,0.0,0.0001969111108337529,9.42601400311105e-05,0.016737444420868997,2.0748238195729187,0.016737444420868997,2.0748238195729187,0.5248756446393258,0.01649976149201393,103.39453125,85,51,85,68,1,representative sampled LAPACK cost; not a rigorous lower bound or exact node replay,8881001d4a6f9b3a7d9009c3e36c82d12b89f2146f109cc1575e268d853da4a6,/home/tinkerer/.codex/worktrees/a93c/meanfi/build/periodic-study/runs/gapped48--T0.05--e1e-05--gm-derivative--r3.json
gapped48,normal,2,48,0.05,1e-05,gm-derivative,gm-derivative,baseline,,success,pass,pass,passes declared density/filling targets with empirical reference margin,0.03430592780932784,7.980884009217704e-10,0.0,,3.330669260497549e-16,0.0,True,1e-05,1e-05,2.5e-06,2.5e-06,7.105427357601002e-15,7.105427357601002e-15,2.1919051526680403e-06,7.105427357601002e-15,85,0,85,0.018192934803664684,0.0,0.0001969111108337529,9.42601400311105e-05,0.016737444420868997,2.0496514848200884,0.016737444420868997,2.0496514848200884,0.5303146122378883,0.016112993005663157,93.359375,85,51,85,68,1,representative sampled LAPACK cost; not a rigorous lower bound or exact node replay,8a9aaa0b12b444025a5422a427af22b3ecf515296748655c1c1d4dcc9434fb2c,/home/tinkerer/.codex/worktrees/a93c/meanfi/build/periodic-study/runs/gapped48--T0.05--e1e-05--gm-derivative.json
gapped48,normal,2,48,0.05,1e-05,periodic,periodic,repeatability,2,success,pass,pass,passes declared density/filling targets with empirical reference margin,0.1655178228393197,7.771561211167019e-16,0.0,,3.330669260497549e-16,0.0,True,1e-05,1e-05,2.5e-06,2.5e-06,0.0,0.0,7.771561191401115e-16,0.0,512,0,512,0.10323714883998036,0.0,0.0001969111108337529,9.42601400311105e-05,0.10081848874688148,1.6417407649788789,0.10081848874688148,1.6417407649788789,0.6237222497797125,0.06228067399933934,111.96484375,512,960,576,256,1,representative sampled LAPACK cost; not a rigorous lower bound or exact node replay,8881001d4a6f9b3a7d9009c3e36c82d12b89f2146f109cc1575e268d853da4a6,/home/tinkerer/.codex/worktrees/a93c/meanfi/build/periodic-study/runs/gapped48--T0.05--e1e-05--periodic--r2.json
gapped48,normal,2,48,0.05,1e-05,periodic,periodic,repeatability,3,success,pass,pass,passes declared density/filling targets with empirical reference margin,0.1671804366633296,7.771561211167019e-16,0.0,,3.330669260497549e-16,0.0,True,1e-05,1e-05,2.5e-06,2.5e-06,0.0,0.0,7.771561191401115e-16,0.0,512,0,512,0.10353123536333442,0.0,0.0001969111108337529,9.42601400311105e-05,0.10081848874688148,1.6582319249305433,0.10081848874688148,1.6582319249305433,0.6192784121734718,0.06364920129999518,111.8984375,512,960,576,256,1,representative sampled LAPACK cost; not a rigorous lower bound or exact node replay,8881001d4a6f9b3a7d9009c3e36c82d12b89f2146f109cc1575e268d853da4a6,/home/tinkerer/.codex/worktrees/a93c/meanfi/build/periodic-study/runs/gapped48--T0.05--e1e-05--periodic--r3.json
gapped48,normal,2,48,0.05,1e-05,periodic,periodic,baseline,,success,pass,pass,passes declared density/filling targets with empirical reference margin,0.17382521508261561,7.771561211167019e-16,0.0,,3.330669260497549e-16,0.0,True,1e-05,1e-05,2.5e-06,2.5e-06,0.0,0.0,7.771561191401115e-16,0.0,512,0,512,0.1095704659819603,0.0,0.0001969111108337529,9.42601400311105e-05,0.10081848874688148,1.724140256843439,0.10081848874688148,1.724140256843439,0.6303485137635737,0.06425474910065532,111.72265625,512,960,576,256,1,representative sampled LAPACK cost; not a rigorous lower bound or exact node replay,8a9aaa0b12b444025a5422a427af22b3ecf515296748655c1c1d4dcc9434fb2c,/home/tinkerer/.codex/worktrees/a93c/meanfi/build/periodic-study/runs/gapped48--T0.05--e1e-05--periodic.json
gapped48,normal,2,48,0.05,1e-05,periodic,periodic (nk=2),initial-grid,nk2,success,pass,pass,passes declared density/filling targets with empirical reference margin,0.014808247797191143,6.120934314957116e-11,0.0,,3.330669260497549e-16,0.0,True,1e-05,1e-05,2.5e-06,2.5e-06,0.0,0.0,2.8863474009765966e-06,0.0,32,0,32,0.006771999876946211,0.0,0.0001969111108337529,9.42601400311105e-05,0.006301155546680093,2.3500844706163786,0.006301155546680093,2.3500844706163786,0.45731270638452826,0.008036247920244932,83.8359375,32,60,36,16,1,representative sampled LAPACK cost; not a rigorous lower bound or exact node replay,8881001d4a6f9b3a7d9009c3e36c82d12b89f2146f109cc1575e268d853da4a6,/home/tinkerer/.codex/worktrees/a93c/meanfi/build/periodic-study/runs/gapped48--T0.05--e1e-05--periodic--rnk2.json
gapped48,normal,2,48,0.05,1e-05,periodic,periodic (nk=4),initial-grid,nk4,success,pass,pass,passes declared density/filling targets with empirical reference margin,0.04557329788804054,3.3306695807577687e-16,0.0,,3.330669260497549e-16,0.0,True,1e-05,1e-05,2.5e-06,2.5e-06,0.0,0.0,6.120937090515009e-11,0.0,128,0,128,0.026218796148896217,0.0,0.0001969111108337529,9.42601400311105e-05,0.02520462218672037,1.808132554038119,0.02520462218672037,1.808132554038119,0.5753104858311476,0.019354501739144325,99.0078125,128,240,144,64,1,representative sampled LAPACK cost; not a rigorous lower bound or exact node replay,8881001d4a6f9b3a7d9009c3e36c82d12b89f2146f109cc1575e268d853da4a6,/home/tinkerer/.codex/worktrees/a93c/meanfi/build/periodic-study/runs/gapped48--T0.05--e1e-05--periodic--rnk4.json
pocket1,normal,2,1,0.002,1e-05,gauss,gauss,cold-controls,,error,unknown,unknown,calculation did not complete successfully,0.5056764017790556,,,,,,,1e-05,1e-05,2.5e-06,2.5e-06,,,,,349504,0,349504,0.014901350252330303,0.0,1.2687814887613058e-07,8.439383236691356e-08,0.04434442054480314,11.403382783368388,0.04434442054480314,11.403382783368388,0.029468154337249707,0.4907750515267253,104.80859375,,1577152,349504,,,scalar control: do not infer dense LAPACK efficiency,8881001d4a6f9b3a7d9009c3e36c82d12b89f2146f109cc1575e268d853da4a6,/home/tinkerer/.codex/worktrees/a93c/meanfi/build/periodic-study/runs/pocket1--T0.002--e1e-05--gauss.json
pocket1,normal,2,1,0.002,1e-05,gauss-bounded,"gauss-bounded (max_n=4096, max_points=16777216)",extended-point-limits,extended-points,success,pass,pass,passes declared density/filling targets with empirical reference margin,1.3278508838266134,2.1810541587577448e-06,2.1835474821093465e-06,,1.5911955813889488e-12,1.7356081849495553e-13,True,1e-05,1e-05,2.5e-06,2.5e-06,2.1810541587594795e-06,2.1810541587594795e-06,2.1805772105632643e-06,2.1805772105632643e-06,1398080,0,1398080,0.09470406919717789,0.0,1.2687814887613058e-07,8.439383236691356e-08,0.17738580238074064,7.485666079275703,0.17738580238074064,7.485666079275703,0.07132131352299047,1.2331468146294355,140.8046875,,4985024,1398080,1048576,,scalar control: do not infer dense LAPACK efficiency,8881001d4a6f9b3a7d9009c3e36c82d12b89f2146f109cc1575e268d853da4a6,/home/tinkerer/.codex/worktrees/a93c/meanfi/build/periodic-study/runs/pocket1--T0.002--e1e-05--gauss-bounded--rextended-points.json
pocket1,normal,2,1,0.002,1e-05,gk21-derivative,gk21-derivative,cold-controls,,success,pass,pass,passes declared density/filling targets with empirical reference margin,0.32529832096770406,7.059932862277241e-09,7.507396912465047e-09,,1.5911955813889488e-12,1.678553129824678e-13,True,1e-05,1e-05,2.5e-06,2.5e-06,7.059932855338347e-09,7.059932855338347e-09,2.61169988226285e-07,2.609920829611653e-07,157437,0,157437,0.007421365473419428,0.0,1.2687814887613058e-07,8.439383236691356e-08,0.01997531512461137,16.285015727582064,0.01997531512461137,16.285015727582064,0.022814029446393082,0.31787695549428463,85.421875,157437,383670,118188,118188,89,scalar control: do not infer dense LAPACK efficiency,8881001d4a6f9b3a7d9009c3e36c82d12b89f2146f109cc1575e268d853da4a6,/home/tinkerer/.codex/worktrees/a93c/meanfi/build/periodic-study/runs/pocket1--T0.002--e1e-05--gk21-derivative.json
pocket1,normal,2,1,0.002,1e-05,gm-derivative,gm-derivative,cold-controls,,error,unknown,unknown,calculation did not complete successfully,0.3529827347956598,,,,,,,1e-05,1e-05,2.5e-06,2.5e-06,,,,,136017,0,136017,0.028911020141094923,0.0,1.2687814887613058e-07,8.439383236691356e-08,0.017257585175684653,20.45377329459746,0.017257585175684653,20.45377329459746,0.08190491287861824,0.32407171465456486,90.16015625,136017,136085,,,,scalar control: do not infer dense LAPACK efficiency,8881001d4a6f9b3a7d9009c3e36c82d12b89f2146f109cc1575e268d853da4a6,/home/tinkerer/.codex/worktrees/a93c/meanfi/build/periodic-study/runs/pocket1--T0.002--e1e-05--gm-derivative.json
pocket1,normal,2,1,0.002,1e-05,gm-derivative,gm-derivative (max_ref=32768),extended-refinement-limits,extended-refinements,success,pass,pass,passes declared density/filling targets with empirical reference margin,3.0992359812371433,5.810461630954139e-07,6.778995298387797e-07,,1.5911955813889488e-12,1.660616089083078e-13,True,1e-05,1e-05,2.5e-06,2.5e-06,5.810461630971486e-07,5.810461630971486e-07,3.7255832065609906e-07,3.724038058160662e-07,480981,0,480981,0.0821395325474441,0.0,1.2687814887613058e-07,8.439383236691356e-08,0.06102597892459016,50.78551849314652,0.06102597892459016,50.78551849314652,0.02650315530818531,3.017096448689699,127.17578125,480981,2245326,360740,360740,7073,scalar control: do not infer dense LAPACK efficiency,8881001d4a6f9b3a7d9009c3e36c82d12b89f2146f109cc1575e268d853da4a6,/home/tinkerer/.codex/worktrees/a93c/meanfi/build/periodic-study/runs/pocket1--T0.002--e1e-05--gm-derivative--rextended-refinements.json
pocket1,normal,2,1,0.002,1e-05,periodic,periodic,cold-controls,,error,unknown,unknown,calculation did not complete successfully,0.33728090627118945,,,,,,,1e-05,1e-05,2.5e-06,2.5e-06,,,,,262144,0,262144,0.012632493395358324,0.0,1.2687814887613058e-07,8.439383236691356e-08,0.033260345458984375,10.140631482229004,0.033260345458984375,10.140631482229004,0.03745392389689921,0.3246484128758311,92.93359375,,1410304,349504,,,scalar control: do not infer dense LAPACK efficiency,8881001d4a6f9b3a7d9009c3e36c82d12b89f2146f109cc1575e268d853da4a6,/home/tinkerer/.codex/worktrees/a93c/meanfi/build/periodic-study/runs/pocket1--T0.002--e1e-05--periodic.json
pocket1,normal,2,1,0.002,1e-05,periodic,"periodic (max_n=4096, max_points=16777216)",extended-point-limits,extended-points,success,pass,pass,passes declared density/filling targets with empirical reference margin,1.8318001688458025,1.797439753460639e-08,1.7983027778695204e-08,,1.5911955813889488e-12,1.6782929213032816e-13,True,1e-05,1e-05,2.5e-06,2.5e-06,1.7974397531136943e-08,1.7974397531136943e-08,2.3130486572993915e-08,1.7903698829035974e-08,2097152,0,2097152,0.0935457362793386,0.0,1.2687814887613058e-07,8.439383236691356e-08,0.266082763671875,6.8843248001765405,0.266082763671875,6.8843248001765405,0.05106765348661407,1.738254432566464,170.15234375,2097152,4556032,2446656,1048576,7,scalar control: do not infer dense LAPACK efficiency,8881001d4a6f9b3a7d9009c3e36c82d12b89f2146f109cc1575e268d853da4a6,/home/tinkerer/.codex/worktrees/a93c/meanfi/build/periodic-study/runs/pocket1--T0.002--e1e-05--periodic--rextended-points.json
pocket1,normal,2,1,0.05,1e-05,gauss,gauss,controls,,success,pass,pass,passes declared density/filling targets with empirical reference margin,0.03251778893172741,4.036471556896626e-07,4.036471661101465e-07,,1.3877787807814457e-17,1.734723475976807e-17,True,1e-05,1e-05,2.5e-06,2.5e-06,4.036471557052751e-07,4.036471557052751e-07,7.922479467123953e-09,5.331698324159695e-09,21824,0,21824,0.0009051626548171043,0.0,1.2687814887613058e-07,8.439383236691356e-08,0.002768988721072674,11.743561353016418,0.002768988721072674,11.743561353016418,0.027835922568952485,0.031612626276910305,82.94140625,,73792,21824,16384,,scalar control: do not infer dense LAPACK efficiency,8a9aaa0b12b444025a5422a427af22b3ecf515296748655c1c1d4dcc9434fb2c,/home/tinkerer/.codex/worktrees/a93c/meanfi/build/periodic-study/runs/pocket1--T0.05--e1e-05--gauss.json
pocket1,normal,2,1,0.05,1e-05,gk21-derivative,gk21-derivative,controls,,success,pass,pass,passes declared density/filling targets with empirical reference margin,0.033564820885658264,2.221249925313251e-09,2.221136273169999e-09,,1.3877787807814457e-17,1.5612511283791264e-17,True,1e-05,1e-05,2.5e-06,2.5e-06,2.221249932252145e-09,2.221249932252145e-09,4.744092698375566e-08,4.478471969672529e-08,12789,0,12789,0.0007238034158945084,0.0,1.2687814887613058e-07,8.439383236691356e-08,0.001622644645976834,20.685256608018573,0.001622644645976834,20.685256608018573,0.021564346145633045,0.032841017469763756,81.55078125,12789,45864,9702,9702,7,scalar control: do not infer dense LAPACK efficiency,8a9aaa0b12b444025a5422a427af22b3ecf515296748655c1c1d4dcc9434fb2c,/home/tinkerer/.codex/worktrees/a93c/meanfi/build/periodic-study/runs/pocket1--T0.05--e1e-05--gk21-derivative.json
pocket1,normal,2,1,0.05,1e-05,gm-derivative,gm-derivative,controls,,success,pass,pass,passes declared density/filling targets with empirical reference margin,0.016839616931974888,1.5866392464218988e-08,1.2413666027402681e-08,,1.3877787807814457e-17,1.734723475976807e-17,True,1e-05,1e-05,2.5e-06,2.5e-06,2.2217927896778233e-09,2.2217927896778233e-09,8.425813520792509e-07,7.726561701022009e-07,2601,0,2601,0.0004462706856429577,0.0,1.2687814887613058e-07,8.439383236691356e-08,0.00033001006522681564,51.027585841665264,0.00033001006522681564,51.027585841665264,0.026501237376462143,0.01639334624633193,81.4921875,2601,9588,1955,1955,38,scalar control: do not infer dense LAPACK efficiency,8a9aaa0b12b444025a5422a427af22b3ecf515296748655c1c1d4dcc9434fb2c,/home/tinkerer/.codex/worktrees/a93c/meanfi/build/periodic-study/runs/pocket1--T0.05--e1e-05--gm-derivative.json
pocket1,normal,2,1,0.05,1e-05,periodic,periodic,controls,,success,pass,pass,passes declared density/filling targets with empirical reference margin,0.008486909326165915,6.114726190040165e-07,6.114709029010623e-07,,1.3877787807814457e-17,1.734723475976807e-17,True,1e-05,1e-05,2.5e-06,2.5e-06,6.114726189970776e-07,6.114726189970776e-07,6.125456336186774e-07,6.12545633615208e-07,8192,0,8192,0.00047977641224861145,0.0,1.2687814887613058e-07,8.439383236691356e-08,0.0010393857955932617,8.165312016142906,0.0010393857955932617,8.165312016142906,0.05653134654913975,0.008007132913917303,81.93359375,8192,18112,9536,4096,3,scalar control: do not infer dense LAPACK efficiency,8a9aaa0b12b444025a5422a427af22b3ecf515296748655c1c1d4dcc9434fb2c,/home/tinkerer/.codex/worktrees/a93c/meanfi/build/periodic-study/runs/pocket1--T0.05--e1e-05--periodic.json
square1,normal,2,1,0.002,1e-05,gauss,gauss,cold-controls,,error,unknown,unknown,calculation did not complete successfully,0.6587232314050198,,,,,,,1e-05,1e-05,2.5e-06,2.5e-06,,,,,349504,0,349504,0.01404527761042118,0.0,1.1968950275331736e-07,7.915514288470149e-08,0.04183195997029543,15.746889026303677,0.04183195997029543,15.746889026303677,0.02132197095958403,0.6446779537945986,103.45703125,,1519744,349504,,,scalar control: do not infer dense LAPACK efficiency,8881001d4a6f9b3a7d9009c3e36c82d12b89f2146f109cc1575e268d853da4a6,/home/tinkerer/.codex/worktrees/a93c/meanfi/build/periodic-study/runs/square1--T0.002--e1e-05--gauss.json
square1,normal,2,1,0.002,1e-05,gauss-bounded,"gauss-bounded (max_n=4096, max_points=16777216)",extended-point-limits,extended-points,success,pass,pass,passes declared density/filling targets with empirical reference margin,3.676373932044953,1.1897536784655216e-06,1.2366920091322342e-06,,5.3936573800601276e-08,4.319204838232338e-08,True,1e-05,1e-05,2.5e-06,2.5e-06,1.1897536846272594e-06,1.1897536846272594e-06,2.1597987559518472e-07,1.8979930838103343e-07,5592384,0,5592384,0.1977471192367375,0.0,1.1968950275331736e-07,7.915514288470149e-08,0.6693496601656079,5.492456560201075,0.6693496601656079,5.492456560201075,0.053788630561511536,3.4786268128082156,316.38671875,,18559104,5592384,4194304,,scalar control: do not infer dense LAPACK efficiency,8881001d4a6f9b3a7d9009c3e36c82d12b89f2146f109cc1575e268d853da4a6,/home/tinkerer/.codex/worktrees/a93c/meanfi/build/periodic-study/runs/square1--T0.002--e1e-05--gauss-bounded--rextended-points.json
square1,normal,2,1,0.002,1e-05,gk21-derivative,gk21-derivative,cold-controls,,success,pass,pass,passes declared density/filling targets with empirical reference margin,7.235169359948486,1.0417606388646306e-08,1.0444366649320358e-08,,5.3936573800601276e-08,4.329342784270551e-08,True,1e-05,1e-05,2.5e-06,2.5e-06,1.0417612661406395e-08,1.0417612661406395e-08,3.5479277357974113e-07,3.547282048486483e-07,2775213,0,2775213,0.14726358279585838,0.0,1.1968950275331736e-07,7.915514288470149e-08,0.3321638640045421,21.781927969893648,0.3321638640045421,21.781927969893648,0.020353854273413564,7.087905777152628,153.12109375,2775213,7786296,2081520,2081520,1573,scalar control: do not infer dense LAPACK efficiency,8881001d4a6f9b3a7d9009c3e36c82d12b89f2146f109cc1575e268d853da4a6,/home/tinkerer/.codex/worktrees/a93c/meanfi/build/periodic-study/runs/square1--T0.002--e1e-05--gk21-derivative.json
square1,normal,2,1,0.002,1e-05,gm-derivative,gm-derivative,cold-controls,,error,unknown,unknown,calculation did not complete successfully,0.36000387417152524,,,,,,,1e-05,1e-05,2.5e-06,2.5e-06,,,,,136017,0,136017,0.02838184405118227,0.0,1.1968950275331736e-07,7.915514288470149e-08,0.016279807095997967,22.11352211046925,0.016279807095997967,22.11352211046925,0.07883760727991397,0.33162203012034297,89.93359375,136017,136051,,,,scalar control: do not infer dense LAPACK efficiency,8881001d4a6f9b3a7d9009c3e36c82d12b89f2146f109cc1575e268d853da4a6,/home/tinkerer/.codex/worktrees/a93c/meanfi/build/periodic-study/runs/square1--T0.002--e1e-05--gm-derivative.json
square1,normal,2,1,0.002,1e-05,gm-derivative,gm-derivative (max_ref=32768),extended-refinement-limits,extended-refinements,success,pass,pass,passes declared density/filling targets with empirical reference margin,11.29793095216155,1.0162345076558665e-08,1.0754863444262242e-08,,5.3936573800601276e-08,4.3293402252064794e-08,True,1e-05,1e-05,2.5e-06,2.5e-06,1.0162352348519477e-08,1.0162352348519477e-08,1.8023018542714438e-06,4.801801435114889e-07,2014721,0,2014721,0.3280671904794872,0.0,1.1968950275331736e-07,7.915514288470149e-08,0.2411409546766663,46.851979031560084,0.2411409546766663,46.851979031560084,0.02903781160184206,10.969863761682063,280.55859375,2014721,5311055,1511079,1511045,29628,scalar control: do not infer dense LAPACK efficiency,8881001d4a6f9b3a7d9009c3e36c82d12b89f2146f109cc1575e268d853da4a6,/home/tinkerer/.codex/worktrees/a93c/meanfi/build/periodic-study/runs/square1--T0.002--e1e-05--gm-derivative--rextended-refinements.json
square1,normal,2,1,0.002,1e-05,periodic,periodic,cold-controls,,error,unknown,unknown,calculation did not complete successfully,0.3744295262731612,,,,,,,1e-05,1e-05,2.5e-06,2.5e-06,,,,,262144,0,262144,0.012581887189298868,0.0,1.1968950275331736e-07,7.915514288470149e-08,0.031375885009765625,11.933672186668883,0.031375885009765625,11.933672186668883,0.033602817904162516,0.3618476390838623,92.94140625,,1488448,349504,,,scalar control: do not infer dense LAPACK efficiency,8881001d4a6f9b3a7d9009c3e36c82d12b89f2146f109cc1575e268d853da4a6,/home/tinkerer/.codex/worktrees/a93c/meanfi/build/periodic-study/runs/square1--T0.002--e1e-05--periodic.json
square1,normal,2,1,0.002,1e-05,periodic,"periodic (max_n=4096, max_points=16777216)",extended-point-limits,extended-points,success,pass,pass,passes declared density/filling targets with empirical reference margin,9.648961530067027,2.0645161558086045e-06,2.123963074640578e-06,,5.3936573800601276e-08,4.3466715504703046e-08,True,1e-05,1e-05,2.5e-06,2.5e-06,2.0645161496468667e-06,2.0645161496468667e-06,2.0643077046633707e-06,2.0643077046633707e-06,8388608,0,8388608,0.37977005261927843,0.0,1.1968950275331736e-07,7.915514288470149e-08,1.0040283203125,9.61024837134457,1.0040283203125,9.61024837134457,0.039358645118014096,9.269191477447748,434.984375,8388608,18265664,9786688,4194304,8,scalar control: do not infer dense LAPACK efficiency,8881001d4a6f9b3a7d9009c3e36c82d12b89f2146f109cc1575e268d853da4a6,/home/tinkerer/.codex/worktrees/a93c/meanfi/build/periodic-study/runs/square1--T0.002--e1e-05--periodic--rextended-points.json
square1,normal,2,1,0.05,1e-05,gauss,gauss,controls,,success,pass,pass,passes declared density/filling targets with empirical reference margin,0.15607865573838353,5.017190032319263e-07,5.018106011278611e-07,,3.4239351083932293e-12,2.9254376698872875e-14,True,1e-05,1e-05,2.5e-06,2.5e-06,5.017190037315267e-07,5.017190037315267e-07,5.028482709668047e-07,5.028482708557824e-07,87360,0,87360,0.0032713254913687706,0.0,1.1968950275331736e-07,7.915514288470149e-08,0.010456074960529804,14.927078882616877,0.010456074960529804,14.927078882616877,0.020959467365301458,0.15280733024701476,87.5625,,307392,87360,65536,,scalar control: do not infer dense LAPACK efficiency,8a9aaa0b12b444025a5422a427af22b3ecf515296748655c1c1d4dcc9434fb2c,/home/tinkerer/.codex/worktrees/a93c/meanfi/build/periodic-study/runs/square1--T0.05--e1e-05--gauss.json
square1,normal,2,1,0.05,1e-05,gk21-derivative,gk21-derivative,controls,,success,pass,pass,passes declared density/filling targets with empirical reference margin,0.14886711724102497,2.9617269192705464e-09,4.095500050205203e-10,,3.4239351083932293e-12,3.019806626980426e-14,True,1e-05,1e-05,2.5e-06,2.5e-06,1.6027380533856217e-09,1.6027380533856217e-09,3.006431644785158e-06,2.275921675531407e-06,58653,0,58653,0.002799238543957472,0.0,1.1968950275331736e-07,7.915514288470149e-08,0.007020148404990323,21.205693762143504,0.007020148404990323,21.205693762143504,0.0188036054962046,0.1460678786970675,82.765625,58653,186543,44100,44100,33,scalar control: do not infer dense LAPACK efficiency,8a9aaa0b12b444025a5422a427af22b3ecf515296748655c1c1d4dcc9434fb2c,/home/tinkerer/.codex/worktrees/a93c/meanfi/build/periodic-study/runs/square1--T0.05--e1e-05--gk21-derivative.json
square1,normal,2,1,0.05,1e-05,gm-derivative,gm-derivative,controls,,success,pass,pass,passes declared density/filling targets with empirical reference margin,0.3425215659663081,2.6071264139591038e-09,3.02222336046043e-09,,3.4239351083932293e-12,3.0253577421035516e-14,True,1e-05,1e-05,2.5e-06,2.5e-06,1.5952105747452094e-09,1.5952105747452094e-09,3.261741388594509e-06,2.227048561550109e-06,58701,0,58701,0.01802202546969056,0.0,1.1968950275331736e-07,7.915514288470149e-08,0.007025893501122482,48.751317666797206,0.007025893501122482,48.751317666797206,0.05261573944650039,0.32449954049661756,86.703125,58701,181084,44030,44030,863,scalar control: do not infer dense LAPACK efficiency,8a9aaa0b12b444025a5422a427af22b3ecf515296748655c1c1d4dcc9434fb2c,/home/tinkerer/.codex/worktrees/a93c/meanfi/build/periodic-study/runs/square1--T0.05--e1e-05--gm-derivative.json
square1,normal,2,1,0.05,1e-05,periodic,periodic,controls,,success,pass,pass,passes declared density/filling targets with empirical reference margin,0.22413672227412462,2.428053630376681e-08,2.428512235752578e-08,,3.4239351083932293e-12,3.019806626980426e-14,True,1e-05,1e-05,2.5e-06,2.5e-06,2.4280535637632994e-08,2.4280535637632994e-08,2.5177883722360406e-08,2.3770591051075485e-08,131072,0,131072,0.011481964029371738,0.0,1.1968950275331736e-07,7.915514288470149e-08,0.015687942504882812,14.28719682038374,0.015687942504882812,14.28719682038374,0.05122750039740931,0.21265475824475288,84.51171875,131072,285504,152896,65536,5,scalar control: do not infer dense LAPACK efficiency,8a9aaa0b12b444025a5422a427af22b3ecf515296748655c1c1d4dcc9434fb2c,/home/tinkerer/.codex/worktrees/a93c/meanfi/build/periodic-study/runs/square1--T0.05--e1e-05--periodic.json
square48,normal,2,48,0.0,0.0001,fermi,fermi (max_ref=100000),zero-temperature-context,,timeout,unknown,unknown,calculation did not complete successfully,90.13098763907328,,,,,,,0.0001,0.0001,2.5e-05,2.5e-05,,,,,,0,,0.0,0.0,0.00019637779769254848,9.627696999814361e-05,,,,,0.0,90.13098763907328,1735.64453125,,,,,,representative sampled LAPACK cost; not a rigorous lower bound or exact node replay,8881001d4a6f9b3a7d9009c3e36c82d12b89f2146f109cc1575e268d853da4a6,/home/tinkerer/.codex/worktrees/a93c/meanfi/build/periodic-study/runs/square48--T0--e0.0001--fermi.json
square48,normal,2,48,0.01,1e-05,gauss-bounded,gauss-bounded,gauss-temperature,,success,pass,pass,passes declared density/filling targets with empirical reference margin,32.86771933501586,2.8052208334017337e-09,7.340279140066741e-08,,2.487782589231027e-11,4.0837733195076e-10,True,1e-05,1e-05,2.5e-06,2.5e-06,7.340323193716358e-08,7.340323193716358e-08,7.090733722403542e-09,7.342961083622868e-08,87360,54016,141376,17.718370710965246,5.316574712749571,0.00019637779769254848,9.627696999814361e-05,22.35606121784076,1.47019275957191,27.763107526581734,1.1838631285617696,0.7008379616767133,9.832773911301047,699.640625,,307200,87360,65536,,representative sampled LAPACK cost; not a rigorous lower bound or exact node replay,8881001d4a6f9b3a7d9009c3e36c82d12b89f2146f109cc1575e268d853da4a6,/home/tinkerer/.codex/worktrees/a93c/meanfi/build/periodic-study/runs/square48--T0.01--e1e-05--gauss-bounded.json
square48,normal,2,48,0.01,1e-05,gk21-derivative,gk21-derivative,temperature,,success,pass,pass,passes declared density/filling targets with empirical reference margin,35.46473305299878,2.064928447847137e-12,1.0874856570808333e-11,,2.487782589231027e-11,4.0837733195076e-10,True,1e-05,1e-05,2.5e-06,2.5e-06,8.242295734817162e-12,8.242295734817162e-12,4.7830845943002515e-08,9.022529722235717e-07,92169,0,92169,18.687296291813254,0.0,0.00019637779769254848,9.627696999814361e-05,18.0999452355245,1.9593834451715721,18.0999452355245,1.9593834451715721,0.5269261794213087,16.777436761185527,2673.0703125,92169,286209,69237,69237,52,representative sampled LAPACK cost; not a rigorous lower bound or exact node replay,8881001d4a6f9b3a7d9009c3e36c82d12b89f2146f109cc1575e268d853da4a6,/home/tinkerer/.codex/worktrees/a93c/meanfi/build/periodic-study/runs/square48--T0.01--e1e-05--gk21-derivative.json
square48,normal,2,48,0.01,1e-05,gm-derivative,gm-derivative,temperature,,success,pass,pass,passes declared density/filling targets with empirical reference margin,58.33387717278674,1.0637657421597169e-11,2.1929480453763972e-10,,2.487782589231027e-11,4.083737792370812e-10,True,1e-05,1e-05,2.5e-06,2.5e-06,8.263612016889965e-12,8.263612016889965e-12,6.384948072419967e-08,1.7776769948971063e-06,175525,0,175525,36.4695013104938,0.0,0.00019637779769254848,9.627696999814361e-05,34.46921293998457,1.692347233873709,34.46921293998457,1.692347233873709,0.6251856224551989,21.864375862292945,4935.01953125,175525,534242,131648,131648,2581,representative sampled LAPACK cost; not a rigorous lower bound or exact node replay,8881001d4a6f9b3a7d9009c3e36c82d12b89f2146f109cc1575e268d853da4a6,/home/tinkerer/.codex/worktrees/a93c/meanfi/build/periodic-study/runs/square48--T0.01--e1e-05--gm-derivative.json
square48,normal,2,48,0.01,1e-05,periodic,periodic,temperature,,success,pass,pass,passes declared density/filling targets with empirical reference margin,12.282585031818599,1.0726718735476481e-08,2.805057555121948e-07,,2.487782589231027e-11,4.083808846644388e-10,True,1e-05,1e-05,2.5e-06,2.5e-06,2.8104569338438523e-07,2.8104569338438523e-07,8.071261706210642e-08,2.808964438827388e-07,32768,2112,34880,7.461152849718928,0.20791020104661584,0.00019637779769254848,9.627696999814361e-05,6.638244635425508,1.8502760453074643,6.849657583516091,1.7931677433594655,0.6243850973470556,4.613521981053054,698.82421875,34880,71040,38208,16384,4,representative sampled LAPACK cost; not a rigorous lower bound or exact node replay,8881001d4a6f9b3a7d9009c3e36c82d12b89f2146f109cc1575e268d853da4a6,/home/tinkerer/.codex/worktrees/a93c/meanfi/build/periodic-study/runs/square48--T0.01--e1e-05--periodic.json
square48,normal,2,48,0.05,1e-07,gauss-bounded,gauss-bounded,gauss-tolerance,,success,pass,pass,passes declared density/filling targets with empirical reference margin,7.092022453900427,1.0880185641443751e-14,2.984279490192421e-13,,4.440892254438494e-16,0.0,True,1e-07,1e-07,2.5e-08,2.5e-08,3.090860900556436e-13,3.090860900556436e-13,4.707345624410664e-14,3.090860900556436e-13,21824,2048,23872,4.438273809850216,0.20296706957742572,0.00019637779769254848,9.627696999814361e-05,4.482924291398376,1.5820080806424202,4.687930786516517,1.5128257597784052,0.6544312161441452,2.450781574472785,684.97265625,,76800,21824,16384,,representative sampled LAPACK cost; not a rigorous lower bound or exact node replay,8881001d4a6f9b3a7d9009c3e36c82d12b89f2146f109cc1575e268d853da4a6,/home/tinkerer/.codex/worktrees/a93c/meanfi/build/periodic-study/runs/square48--T0.05--e1e-07--gauss-bounded.json
square48,normal,2,48,0.05,1e-07,gk21-derivative,gk21-derivative,tolerance,,success,pass,pass,passes declared density/filling targets with empirical reference margin,9.031284134369344,5.705380612397448e-12,1.673718941219704e-10,,4.440892254438494e-16,0.0,True,1e-07,1e-07,2.5e-08,2.5e-08,1.6734347241254e-10,1.6734347241254e-10,1.1740482822042433e-09,1.9919871252493948e-08,28665,0,28665,5.783331354614347,0.0,0.00019637779769254848,9.627696999814361e-05,5.629169570856902,1.6043723715707063,5.629169570856902,1.6043723715707063,0.6403664493962019,3.2479527797549963,951.9921875,28665,85113,21609,21609,16,representative sampled LAPACK cost; not a rigorous lower bound or exact node replay,8881001d4a6f9b3a7d9009c3e36c82d12b89f2146f109cc1575e268d853da4a6,/home/tinkerer/.codex/worktrees/a93c/meanfi/build/periodic-study/runs/square48--T0.05--e1e-07--gk21-derivative.json
square48,normal,2,48,0.05,1e-07,gm-derivative,gm-derivative,tolerance,,success,pass,pass,passes declared density/filling targets with empirical reference margin,29.409610732924193,5.605516051332415e-12,1.651763170684717e-10,,4.440892254438494e-16,0.0,True,1e-07,1e-07,2.5e-08,2.5e-08,1.673647886946128e-10,1.673647886946128e-10,1.1325414836453083e-09,2.457878198105362e-08,89505,0,89505,18.6033492134884,0.0,0.00019637779769254848,9.627696999814361e-05,17.576794782471552,1.6732066964935444,17.576794782471552,1.6732066964935444,0.6325601988557389,10.806261519435793,2594.03515625,89505,280789,67133,67133,1316,representative sampled LAPACK cost; not a rigorous lower bound or exact node replay,8881001d4a6f9b3a7d9009c3e36c82d12b89f2146f109cc1575e268d853da4a6,/home/tinkerer/.codex/worktrees/a93c/meanfi/build/periodic-study/runs/square48--T0.05--e1e-07--gm-derivative.json
square48,normal,2,48,0.05,1e-07,periodic,periodic,tolerance,,success,pass,pass,passes declared density/filling targets with empirical reference margin,3.050828743260354,5.737227359858821e-11,1.6831513960369193e-09,,4.440892254438494e-16,0.0,True,1e-07,1e-07,2.5e-08,2.5e-08,1.6831478433232405e-09,1.6831478433232405e-09,7.237749288790951e-11,1.6804087010768853e-09,8192,0,8192,1.9752859459258616,0.0,0.00019637779769254848,9.627696999814361e-05,1.6087269186973572,1.896424251874095,1.6087269186973572,1.896424251874095,0.6474588094430095,1.0755427973344922,467.15234375,8192,17792,9536,4096,3,representative sampled LAPACK cost; not a rigorous lower bound or exact node replay,8881001d4a6f9b3a7d9009c3e36c82d12b89f2146f109cc1575e268d853da4a6,/home/tinkerer/.codex/worktrees/a93c/meanfi/build/periodic-study/runs/square48--T0.05--e1e-07--periodic.json
square48,normal,2,48,0.05,1e-05,gauss,gauss,repeatability,2,success,pass,pass,passes declared density/filling targets with empirical reference margin,1.6992779071442783,2.7865770801938083e-09,8.175054588832609e-08,,4.440892254438494e-16,0.0,True,1e-05,1e-05,2.5e-06,2.5e-06,8.175083721084775e-08,8.175083721084775e-08,8.601055589974038e-09,8.230740533576864e-08,5440,0,5440,1.1364397779107094,0.0,0.00019637779769254848,9.627696999814361e-05,1.0682952194474638,1.590644492468259,1.0682952194474638,1.590644492468259,0.6687780575106478,0.5628381292335689,304.96484375,,19136,5440,4096,,representative sampled LAPACK cost; not a rigorous lower bound or exact node replay,8881001d4a6f9b3a7d9009c3e36c82d12b89f2146f109cc1575e268d853da4a6,/home/tinkerer/.codex/worktrees/a93c/meanfi/build/periodic-study/runs/square48--T0.05--e1e-05--gauss--r2.json
square48,normal,2,48,0.05,1e-05,gauss,gauss,repeatability,3,success,pass,pass,passes declared density/filling targets with empirical reference margin,1.7098670951090753,2.7865770801938083e-09,8.175054588832609e-08,,4.440892254438494e-16,0.0,True,1e-05,1e-05,2.5e-06,2.5e-06,8.175083721084775e-08,8.175083721084775e-08,8.601055589974038e-09,8.230740533576864e-08,5440,0,5440,1.1332095572724938,0.0,0.00019637779769254848,9.627696999814361e-05,1.0682952194474638,1.6005567225073243,1.0682952194474638,1.6005567225073243,0.662747157667365,0.5766575378365815,243.3046875,,19136,5440,4096,,representative sampled LAPACK cost; not a rigorous lower bound or exact node replay,8881001d4a6f9b3a7d9009c3e36c82d12b89f2146f109cc1575e268d853da4a6,/home/tinkerer/.codex/worktrees/a93c/meanfi/build/periodic-study/runs/square48--T0.05--e1e-05--gauss--r3.json
square48,normal,2,48,0.05,1e-05,gauss,gauss,baseline,,success,pass,pass,passes declared density/filling targets with empirical reference margin,1.704003666061908,2.7865770801938083e-09,8.175054588832609e-08,,4.440892254438494e-16,0.0,True,1e-05,1e-05,2.5e-06,2.5e-06,8.175083721084775e-08,8.175083721084775e-08,8.601055589974038e-09,8.230740533576864e-08,5440,0,5440,1.1296468069776893,0.0,0.00019637779769254848,9.627696999814361e-05,1.0682952194474638,1.5950681375727216,1.0682952194474638,1.5950681375727216,0.6629368407336796,0.5743568590842187,294.2265625,,19136,5440,4096,,representative sampled LAPACK cost; not a rigorous lower bound or exact node replay,8a9aaa0b12b444025a5422a427af22b3ecf515296748655c1c1d4dcc9434fb2c,/home/tinkerer/.codex/worktrees/a93c/meanfi/build/periodic-study/runs/square48--T0.05--e1e-05--gauss.json
square48,normal,2,48,0.05,1e-05,gauss-bounded,gauss-bounded,bounded-gauss,,success,pass,pass,passes declared density/filling targets with empirical reference margin,1.7050407850183547,2.7865770801938083e-09,8.175054588832609e-08,,4.440892254438494e-16,0.0,True,1e-05,1e-05,2.5e-06,2.5e-06,8.175084076356143e-08,8.175084076356143e-08,8.601055589974038e-09,8.230740888848231e-08,5440,0,5440,1.0938472687266767,0.0,0.00019637779769254848,9.627696999814361e-05,1.0682952194474638,1.5960389543821267,1.0682952194474638,1.5960389543821267,0.6415373041735781,0.611193516291678,304.375,,19136,5440,4096,,representative sampled LAPACK cost; not a rigorous lower bound or exact node replay,8881001d4a6f9b3a7d9009c3e36c82d12b89f2146f109cc1575e268d853da4a6,/home/tinkerer/.codex/worktrees/a93c/meanfi/build/periodic-study/runs/square48--T0.05--e1e-05--gauss-bounded.json
square48,normal,2,48,0.05,1e-05,gauss-bounded,gauss-bounded (filling_target=0.001),independent-filling-target,,success,pass,pass,passes declared density/filling targets with empirical reference margin,1.7025864659808576,2.7865770801938083e-09,8.175054588832609e-08,,4.440892254438494e-16,0.0,True,1e-05,0.001,0.00025,0.00025,8.175084076356143e-08,8.175084076356143e-08,8.601055589974038e-09,8.230740888848231e-08,5440,0,5440,1.0955435470677912,0.0,0.00019637779769254848,9.627696999814361e-05,1.0682952194474638,1.5937415379069633,1.0682952194474638,1.5937415379069633,0.6434583904886441,0.6070429189130664,304.75390625,,19136,5440,4096,,representative sampled LAPACK cost; not a rigorous lower bound or exact node replay,8881001d4a6f9b3a7d9009c3e36c82d12b89f2146f109cc1575e268d853da4a6,/home/tinkerer/.codex/worktrees/a93c/meanfi/build/periodic-study/runs/square48--T0.05--e1e-05--gauss-bounded--q0.001.json
square48,normal,2,48,0.05,1e-05,gk21,gk21,optimizations,,success,pass,pass,passes declared density/filling targets with empirical reference margin,6.8807851150631905,5.7058802127585295e-12,1.673861049766856e-10,,4.440892254438494e-16,3.552713678800501e-15,True,1e-05,1e-05,2.5e-06,2.5e-06,1.6734347241254e-10,1.6734347241254e-10,1.3553405264418728e-09,2.9353205643900537e-08,21609,0,21609,4.377536983694881,0.0,0.00019637779769254848,9.627696999814361e-05,4.24352783033828,1.6214775512653294,4.24352783033828,1.6214775512653294,0.6361973104074592,2.5032481313683093,762.02734375,21609,60858,16317,16317,12,representative sampled LAPACK cost; not a rigorous lower bound or exact node replay,8a9aaa0b12b444025a5422a427af22b3ecf515296748655c1c1d4dcc9434fb2c,/home/tinkerer/.codex/worktrees/a93c/meanfi/build/periodic-study/runs/square48--T0.05--e1e-05--gk21.json
square48,normal,2,48,0.05,1e-05,gk21-charge-only,gk21-charge-only,optimizations,,success,pass,pass,passes declared density/filling targets with empirical reference margin,3.0204105260781944,5.062839036895639e-11,1.4853007712645194e-09,,4.440892254438494e-16,0.0,True,1e-05,1e-05,2.5e-06,2.5e-06,1.4852759022687678e-09,1.4852759022687678e-09,2.5588445806690174e-09,5.6173140583481995e-08,9261,0,9261,1.8988129650242627,0.0,0.00019637779769254848,9.627696999814361e-05,1.8186547844306915,1.6607937646746402,1.8186547844306915,1.6607937646746402,0.6286605574407619,1.1215975610539317,429.62109375,9261,45423,7056,7056,5,representative sampled LAPACK cost; not a rigorous lower bound or exact node replay,8a9aaa0b12b444025a5422a427af22b3ecf515296748655c1c1d4dcc9434fb2c,/home/tinkerer/.codex/worktrees/a93c/meanfi/build/periodic-study/runs/square48--T0.05--e1e-05--gk21-charge-only.json
square48,normal,2,48,0.05,1e-05,gk21-derivative,gk21-derivative,repeatability,2,success,pass,pass,passes declared density/filling targets with empirical reference margin,3.6375106051564217,5.7056581681536045e-12,1.673754468356492e-10,,4.440892254438494e-16,0.0,True,1e-05,1e-05,2.5e-06,2.5e-06,1.673505778398976e-10,1.673505778398976e-10,2.558844670874638e-09,5.6173137918946736e-08,9261,0,9261,2.447695387993008,0.0,0.00019637779769254848,9.627696999814361e-05,1.8186547844306915,2.0001105412070284,1.8186547844306915,2.0001105412070284,0.6729039867329132,1.1898152171634138,428.41796875,9261,31311,7056,7056,5,representative sampled LAPACK cost; not a rigorous lower bound or exact node replay,8881001d4a6f9b3a7d9009c3e36c82d12b89f2146f109cc1575e268d853da4a6,/home/tinkerer/.codex/worktrees/a93c/meanfi/build/periodic-study/runs/square48--T0.05--e1e-05--gk21-derivative--r2.json
square48,normal,2,48,0.05,1e-05,gk21-derivative,gk21-derivative,repeatability,3,success,pass,pass,passes declared density/filling targets with empirical reference margin,2.934816266875714,5.7056581681536045e-12,1.673754468356492e-10,,4.440892254438494e-16,0.0,True,1e-05,1e-05,2.5e-06,2.5e-06,1.673505778398976e-10,1.673505778398976e-10,2.558844670874638e-09,5.6173137918946736e-08,9261,0,9261,1.8606257918290794,0.0,0.00019637779769254848,9.627696999814361e-05,1.8186547844306915,1.6137291650951908,1.8186547844306915,1.6137291650951908,0.6339837395714812,1.0741904750466347,426.48828125,9261,31311,7056,7056,5,representative sampled LAPACK cost; not a rigorous lower bound or exact node replay,8881001d4a6f9b3a7d9009c3e36c82d12b89f2146f109cc1575e268d853da4a6,/home/tinkerer/.codex/worktrees/a93c/meanfi/build/periodic-study/runs/square48--T0.05--e1e-05--gk21-derivative--r3.json
square48,normal,2,48,0.05,1e-05,gk21-derivative,gk21-derivative,baseline,,success,pass,pass,passes declared density/filling targets with empirical reference margin,2.9647706211544573,5.7056581681536045e-12,1.673754468356492e-10,,4.440892254438494e-16,0.0,True,1e-05,1e-05,2.5e-06,2.5e-06,1.673505778398976e-10,1.673505778398976e-10,2.558844670874638e-09,5.6173137918946736e-08,9261,0,9261,1.8786036376841366,0.0,0.00019637779769254848,9.627696999814361e-05,1.8186547844306915,1.6301997754249682,1.8186547844306915,1.6301997754249682,0.633642152374211,1.0861669834703207,429.48046875,9261,31311,7056,7056,5,representative sampled LAPACK cost; not a rigorous lower bound or exact node replay,8a9aaa0b12b444025a5422a427af22b3ecf515296748655c1c1d4dcc9434fb2c,/home/tinkerer/.codex/worktrees/a93c/meanfi/build/periodic-study/runs/square48--T0.05--e1e-05--gk21-derivative.json
square48,normal,2,48,0.05,1e-05,gk21-fresh,gk21-fresh,optimizations,,success,pass,pass,passes declared density/filling targets with empirical reference margin,5.883701969869435,5.761758847810938e-10,1.673861049766856e-10,,4.440892254438494e-16,3.552713678800501e-15,True,1e-05,1e-05,2.5e-06,2.5e-06,1.6734347241254e-10,1.6734347241254e-10,2.0040552366207276e-06,2.9353205643900537e-08,23814,0,23814,4.815479786600918,0.0,0.00019637779769254848,9.627696999814361e-05,4.67654087425035,1.2581311974125733,4.67654087425035,1.2581311974125733,0.8184438659981579,1.0682221832685173,840.5234375,23814,60858,2205,1764,13,representative sampled LAPACK cost; not a rigorous lower bound or exact node replay,8a9aaa0b12b444025a5422a427af22b3ecf515296748655c1c1d4dcc9434fb2c,/home/tinkerer/.codex/worktrees/a93c/meanfi/build/periodic-study/runs/square48--T0.05--e1e-05--gk21-fresh.json
square48,normal,2,48,0.05,1e-05,gk21-lean,gk21-lean,lean-adaptive,,success,pass,pass,passes declared density/filling targets with empirical reference margin,3.8469039578922093,5.7054361235486795e-12,1.673718941219704e-10,,4.440892254438494e-16,0.0,True,1e-05,1e-05,2.5e-06,2.5e-06,1.673470251262188e-10,1.673470251262188e-10,2.5588445987523304e-09,5.617313901893795e-08,9261,9261,18522,1.888770580291748,0.9062290573492646,0.00019637779769254848,9.627696999814361e-05,2.7102758035834995,1.4193773020464824,3.637309568861383,1.0576234673081284,0.7265582058285763,1.0519043202511966,180.19921875,,40572,9261,7056,,representative sampled LAPACK cost; not a rigorous lower bound or exact node replay,8881001d4a6f9b3a7d9009c3e36c82d12b89f2146f109cc1575e268d853da4a6,/home/tinkerer/.codex/worktrees/a93c/meanfi/build/periodic-study/runs/square48--T0.05--e1e-05--gk21-lean.json
square48,normal,2,48,0.05,1e-05,gk21-lean,gk21-lean (filling_target=0.001),independent-filling-target,,success,pass,pass,passes declared density/filling targets with empirical reference margin,0.9211864341050386,5.519371052309374e-06,0.00016191119103226015,,4.440892254438494e-16,3.552713678800501e-15,True,1e-05,0.001,0.00025,0.00025,0.00016192406905801704,0.0001619240690509116,2.004082672428922e-06,4.1887997671437916e-05,2205,2205,4410,0.4517333353869617,0.21590553782880306,0.00019637779769254848,9.627696999814361e-05,0.6453037627579761,1.4275237295501926,0.8660260878241388,1.0636936312386251,0.7247597755435866,0.2535475608892739,141.10546875,,8820,2205,1764,,representative sampled LAPACK cost; not a rigorous lower bound or exact node replay,8881001d4a6f9b3a7d9009c3e36c82d12b89f2146f109cc1575e268d853da4a6,/home/tinkerer/.codex/worktrees/a93c/meanfi/build/periodic-study/runs/square48--T0.05--e1e-05--gk21-lean--q0.001.json
square48,normal,2,48,0.05,1e-05,gm,gm,optimizations,,success,pass,pass,passes declared density/filling targets with empirical reference margin,25.160776564851403,5.510758516180658e-12,1.5932144492580846e-10,,4.440892254438494e-16,0.0,True,1e-05,1e-05,2.5e-06,2.5e-06,1.673292615578248e-10,1.673292615578248e-10,4.434028849639791e-09,1.1851470582864565e-07,77197,0,77197,15.97913834406063,0.0,0.00019637779769254848,9.627696999814361e-05,15.159776848471665,1.6597062619287823,15.159776848471665,1.6597062619287823,0.6350812862581852,9.181638220790774,2261.171875,77197,234005,57902,57902,1135,representative sampled LAPACK cost; not a rigorous lower bound or exact node replay,8a9aaa0b12b444025a5422a427af22b3ecf515296748655c1c1d4dcc9434fb2c,/home/tinkerer/.codex/worktrees/a93c/meanfi/build/periodic-study/runs/square48--T0.05--e1e-05--gm.json
square48,normal,2,48,0.05,1e-05,gm-charge-only,gm-charge-only,optimizations,,success,pass,pass,passes declared density/filling targets with empirical reference margin,7.393315481022,1.963101903257325e-10,5.5394728804003535e-09,,4.440892254438494e-16,7.105427357601002e-15,True,1e-05,1e-05,2.5e-06,2.5e-06,1.4852403751319798e-09,1.4852403751319798e-09,8.234866877221099e-08,2.3945636552294425e-06,21981,0,21981,4.629258451517671,0.0,0.00019637779769254848,9.627696999814361e-05,4.316580371079908,1.7127714175219595,4.316580371079908,1.7127714175219595,0.6261410680229427,2.764057029504329,761.91015625,21981,97835,16490,16490,323,representative sampled LAPACK cost; not a rigorous lower bound or exact node replay,8a9aaa0b12b444025a5422a427af22b3ecf515296748655c1c1d4dcc9434fb2c,/home/tinkerer/.codex/worktrees/a93c/meanfi/build/periodic-study/runs/square48--T0.05--e1e-05--gm-charge-only.json
square48,normal,2,48,0.05,1e-05,gm-derivative,gm-derivative,repeatability,2,success,pass,pass,passes declared density/filling targets with empirical reference margin,7.001206758897752,1.850142596237207e-10,4.513879048317904e-09,,4.440892254438494e-16,3.552713678800501e-15,True,1e-05,1e-05,2.5e-06,2.5e-06,1.673505778398976e-10,1.673505778398976e-10,1.3613114879058765e-07,2.3855283048067333e-06,21301,0,21301,4.421255649998784,0.0,0.00019637779769254848,9.627696999814361e-05,4.183043468648975,1.6737112132279555,4.183043468648975,1.6737112132279555,0.6314990832658759,2.5799511088989675,745.06640625,21301,65807,15980,15980,313,representative sampled LAPACK cost; not a rigorous lower bound or exact node replay,8881001d4a6f9b3a7d9009c3e36c82d12b89f2146f109cc1575e268d853da4a6,/home/tinkerer/.codex/worktrees/a93c/meanfi/build/periodic-study/runs/square48--T0.05--e1e-05--gm-derivative--r2.json
square48,normal,2,48,0.05,1e-05,gm-derivative,gm-derivative,repeatability,3,success,pass,pass,passes declared density/filling targets with empirical reference margin,7.02612858498469,1.850142596237207e-10,4.513879048317904e-09,,4.440892254438494e-16,3.552713678800501e-15,True,1e-05,1e-05,2.5e-06,2.5e-06,1.673505778398976e-10,1.673505778398976e-10,1.3613114879058765e-07,2.3855283048067333e-06,21301,0,21301,4.42379822768271,0.0,0.00019637779769254848,9.627696999814361e-05,4.183043468648975,1.6796690346739247,4.183043468648975,1.6796690346739247,0.6296210173461192,2.6023303573019803,743.8515625,21301,65807,15980,15980,313,representative sampled LAPACK cost; not a rigorous lower bound or exact node replay,8881001d4a6f9b3a7d9009c3e36c82d12b89f2146f109cc1575e268d853da4a6,/home/tinkerer/.codex/worktrees/a93c/meanfi/build/periodic-study/runs/square48--T0.05--e1e-05--gm-derivative--r3.json
square48,normal,2,48,0.05,1e-05,gm-derivative,gm-derivative,baseline,,success,pass,pass,passes declared density/filling targets with empirical reference margin,7.867091136984527,1.850142596237207e-10,4.513879048317904e-09,,4.440892254438494e-16,3.552713678800501e-15,True,1e-05,1e-05,2.5e-06,2.5e-06,1.673505778398976e-10,1.673505778398976e-10,1.3613114879058765e-07,2.3855283048067333e-06,21301,0,21301,4.949137491174042,0.0,0.00019637779769254848,9.627696999814361e-05,4.183043468648975,1.880709869726841,4.183043468648975,1.880709869726841,0.6290937024877351,2.917953645810485,744.015625,21301,65807,15980,15980,313,representative sampled LAPACK cost; not a rigorous lower bound or exact node replay,8a9aaa0b12b444025a5422a427af22b3ecf515296748655c1c1d4dcc9434fb2c,/home/tinkerer/.codex/worktrees/a93c/meanfi/build/periodic-study/runs/square48--T0.05--e1e-05--gm-derivative.json
square48,normal,2,48,0.05,1e-05,gm-fresh,gm-fresh,optimizations,,success,pass,pass,passes declared density/filling targets with empirical reference margin,20.811618178151548,4.7284640591893634e-08,1.5932144492580846e-10,,4.440892254438494e-16,0.0,True,1e-05,1e-05,2.5e-06,2.5e-06,1.673292615578248e-10,1.673292615578248e-10,9.141591955704126e-06,1.1851470582864565e-07,81566,0,81566,16.943230951204896,0.0,0.00019637779769254848,9.627696999814361e-05,16.01775144659041,1.2992846247830607,16.01775144659041,1.2992846247830607,0.8141236691048003,3.868387226946652,2281.1171875,81566,234005,4369,3281,1199,representative sampled LAPACK cost; not a rigorous lower bound or exact node replay,8a9aaa0b12b444025a5422a427af22b3ecf515296748655c1c1d4dcc9434fb2c,/home/tinkerer/.codex/worktrees/a93c/meanfi/build/periodic-study/runs/square48--T0.05--e1e-05--gm-fresh.json
square48,normal,2,48,0.05,1e-05,gm-lean,gm-lean,lean-adaptive,,success,pass,pass,passes declared density/filling targets with empirical reference margin,7.534185000695288,3.5259378750041037e-10,4.5138826010315825e-09,,4.440892254438494e-16,0.0,True,1e-05,1e-05,2.5e-06,2.5e-06,1.673505778398976e-10,6.449241141126549e-09,2.0573651646819606e-07,2.470857395721851e-06,18173,21301,39474,3.6809735568240285,2.1222471981309354,0.00019637779769254848,9.627696999814361e-05,5.619569455397141,1.340705023844721,7.751817186115659,0.9719250105884626,0.7702519588275861,1.7309642457403243,136.9921875,,83980,18173,13634,,representative sampled LAPACK cost; not a rigorous lower bound or exact node replay,8881001d4a6f9b3a7d9009c3e36c82d12b89f2146f109cc1575e268d853da4a6,/home/tinkerer/.codex/worktrees/a93c/meanfi/build/periodic-study/runs/square48--T0.05--e1e-05--gm-lean.json
square48,normal,2,48,0.05,1e-05,periodic,periodic,repeatability,2,success,pass,pass,passes declared density/filling targets with empirical reference margin,2.640170299913734,5.737227359858821e-11,1.6831513960369193e-09,,4.440892254438494e-16,0.0,True,1e-05,1e-05,2.5e-06,2.5e-06,1.6831478433232405e-09,1.6831478433232405e-09,7.237749288790951e-11,1.6804087010768853e-09,8192,0,8192,1.691396452486515,0.0,0.00019637779769254848,9.627696999814361e-05,1.6087269186973572,1.6411550457871202,1.6087269186973572,1.6411550457871202,0.6406391483692474,0.9487738474272192,420.078125,8192,17792,9536,4096,3,representative sampled LAPACK cost; not a rigorous lower bound or exact node replay,8881001d4a6f9b3a7d9009c3e36c82d12b89f2146f109cc1575e268d853da4a6,/home/tinkerer/.codex/worktrees/a93c/meanfi/build/periodic-study/runs/square48--T0.05--e1e-05--periodic--r2.json
square48,normal,2,48,0.05,1e-05,periodic,periodic,repeatability,3,success,pass,pass,passes declared density/filling targets with empirical reference margin,2.6342018079012632,5.737227359858821e-11,1.6831513960369193e-09,,4.440892254438494e-16,0.0,True,1e-05,1e-05,2.5e-06,2.5e-06,1.6831478433232405e-09,1.6831478433232405e-09,7.237749288790951e-11,1.6804087010768853e-09,8192,0,8192,1.686289045959711,0.0,0.00019637779769254848,9.627696999814361e-05,1.6087269186973572,1.6374449742124468,1.6087269186973572,1.6374449742124468,0.6401518064795579,0.9479127619415522,413.21484375,8192,17792,9536,4096,3,representative sampled LAPACK cost; not a rigorous lower bound or exact node replay,8881001d4a6f9b3a7d9009c3e36c82d12b89f2146f109cc1575e268d853da4a6,/home/tinkerer/.codex/worktrees/a93c/meanfi/build/periodic-study/runs/square48--T0.05--e1e-05--periodic--r3.json
square48,normal,2,48,0.05,1e-05,periodic,periodic,baseline,,success,pass,pass,passes declared density/filling targets with empirical reference margin,2.6391894491389394,5.737227359858821e-11,1.6831513960369193e-09,,4.440892254438494e-16,0.0,True,1e-05,1e-05,2.5e-06,2.5e-06,1.6831478433232405e-09,1.6831478433232405e-09,7.237749288790951e-11,1.6804087010768853e-09,8192,0,8192,1.685209218878299,0.0,0.00019637779769254848,9.627696999814361e-05,1.6087269186973572,1.6405453395881409,1.6087269186973572,1.6405453395881409,0.6385328720634718,0.9539802302606404,412.75,8192,17792,9536,4096,3,representative sampled LAPACK cost; not a rigorous lower bound or exact node replay,8a9aaa0b12b444025a5422a427af22b3ecf515296748655c1c1d4dcc9434fb2c,/home/tinkerer/.codex/worktrees/a93c/meanfi/build/periodic-study/runs/square48--T0.05--e1e-05--periodic.json
square48,normal,2,48,0.05,1e-05,periodic,periodic (filling_target=0.001),independent-filling-target,,success,pass,pass,passes declared density/filling targets with empirical reference margin,0.6767915622331202,7.056905234614774e-07,2.0701827111224702e-05,,4.440892254438494e-16,0.0,True,1e-05,0.001,0.00025,0.00025,2.0703507374264518e-05,2.0703507374264518e-05,7.909297365382706e-07,2.0708915400291517e-05,2048,0,2048,0.42572514014318585,0.0,0.00019637779769254848,9.627696999814361e-05,0.4021817296743393,1.68280036684198,0.4021817296743393,1.68280036684198,0.6290343495691296,0.25106642208993435,176.4140625,2048,4416,2368,1024,2,representative sampled LAPACK cost; not a rigorous lower bound or exact node replay,8881001d4a6f9b3a7d9009c3e36c82d12b89f2146f109cc1575e268d853da4a6,/home/tinkerer/.codex/worktrees/a93c/meanfi/build/periodic-study/runs/square48--T0.05--e1e-05--periodic--q0.001.json
square48,normal,2,48,0.05,1e-05,periodic-anisotropic,periodic-anisotropic (max_ref=30),repeatability,2,success,pass,pass,passes declared density/filling targets with empirical reference margin,1.5324328569695354,1.3253770303478518e-10,3.888324329182069e-09,,4.440892254438494e-16,7.105427357601002e-15,True,1e-05,1e-05,2.5e-06,2.5e-06,3.888331434609427e-09,3.888331434609427e-09,3.611076992982021e-10,8.410516727508366e-09,4096,0,4096,0.8371404334902763,0.0,0.00019637779769254848,9.627696999814361e-05,0.8043634593486786,1.9051497667614092,0.8043634593486786,1.9051497667614092,0.5462819657533085,0.695292423479259,258.078125,,19264,6080,2048,5,representative sampled LAPACK cost; not a rigorous lower bound or exact node replay,8881001d4a6f9b3a7d9009c3e36c82d12b89f2146f109cc1575e268d853da4a6,/home/tinkerer/.codex/worktrees/a93c/meanfi/build/periodic-study/runs/square48--T0.05--e1e-05--periodic-anisotropic--r2.json
square48,normal,2,48,0.05,1e-05,periodic-anisotropic,periodic-anisotropic (max_ref=30),repeatability,3,success,pass,pass,passes declared density/filling targets with empirical reference margin,1.522815068718046,1.3253770303478518e-10,3.888324329182069e-09,,4.440892254438494e-16,7.105427357601002e-15,True,1e-05,1e-05,2.5e-06,2.5e-06,3.888331434609427e-09,3.888331434609427e-09,3.611076992982021e-10,8.410516727508366e-09,4096,0,4096,0.8359240749850869,0.0,0.00019637779769254848,9.627696999814361e-05,0.8043634593486786,1.8931927488987663,0.8043634593486786,1.8931927488987663,0.5489334142778048,0.686890993732959,257.93359375,,19264,6080,2048,5,representative sampled LAPACK cost; not a rigorous lower bound or exact node replay,8881001d4a6f9b3a7d9009c3e36c82d12b89f2146f109cc1575e268d853da4a6,/home/tinkerer/.codex/worktrees/a93c/meanfi/build/periodic-study/runs/square48--T0.05--e1e-05--periodic-anisotropic--r3.json
square48,normal,2,48,0.05,1e-05,periodic-anisotropic,periodic-anisotropic (max_ref=30),anisotropic-refinement,,success,pass,pass,passes declared density/filling targets with empirical reference margin,1.535864314995706,1.3253770303478518e-10,3.888324329182069e-09,,4.440892254438494e-16,7.105427357601002e-15,True,1e-05,1e-05,2.5e-06,2.5e-06,3.888331434609427e-09,3.888331434609427e-09,3.611076992982021e-10,8.410516727508366e-09,4096,0,4096,0.839583202265203,0.0,0.00019637779769254848,9.627696999814361e-05,0.8043634593486786,1.9094158208521177,0.8043634593486786,1.9094158208521177,0.5466519366768088,0.6962811127305031,258.02734375,,19264,6080,2048,5,representative sampled LAPACK cost; not a rigorous lower bound or exact node replay,8881001d4a6f9b3a7d9009c3e36c82d12b89f2146f109cc1575e268d853da4a6,/home/tinkerer/.codex/worktrees/a93c/meanfi/build/periodic-study/runs/square48--T0.05--e1e-05--periodic-anisotropic.json
square48,normal,2,48,0.05,0.001,gauss-bounded,gauss-bounded,gauss-tolerance,,success,pass,pass,passes declared density/filling targets with empirical reference margin,1.718674628995359,2.7865770801938083e-09,8.175054588832609e-08,,4.440892254438494e-16,0.0,True,0.001,0.001,0.00025,0.00025,8.175084076356143e-08,8.175084076356143e-08,8.601055589974038e-09,8.230740888848231e-08,5440,0,5440,1.1135625513270497,0.0,0.00019637779769254848,9.627696999814361e-05,1.0682952194474638,1.6088011981222567,1.0682952194474638,1.6088011981222567,0.6479193516564424,0.6051120776683092,298.07421875,,19136,5440,4096,,representative sampled LAPACK cost; not a rigorous lower bound or exact node replay,8881001d4a6f9b3a7d9009c3e36c82d12b89f2146f109cc1575e268d853da4a6,/home/tinkerer/.codex/worktrees/a93c/meanfi/build/periodic-study/runs/square48--T0.05--e0.001--gauss-bounded.json
square48,normal,2,48,0.05,0.001,gk21-derivative,gk21-derivative,tolerance,,success,pass,pass,passes declared density/filling targets with empirical reference margin,1.1961598261259496,5.519371052475908e-06,0.00016191119103226015,,4.440892254438494e-16,3.552713678800501e-15,True,0.001,0.001,0.00025,0.00025,0.00016192406905446433,0.00016192406905446433,2.0040826723133343e-06,4.1887997663359045e-05,2205,0,2205,0.852886161301285,0.0,0.00019637779769254848,9.627696999814361e-05,0.4330130439120694,2.7624106085100983,0.4330130439120694,2.7624106085100983,0.7130202358187879,0.3432736648246646,230.890625,2205,6615,1764,1764,1,representative sampled LAPACK cost; not a rigorous lower bound or exact node replay,8881001d4a6f9b3a7d9009c3e36c82d12b89f2146f109cc1575e268d853da4a6,/home/tinkerer/.codex/worktrees/a93c/meanfi/build/periodic-study/runs/square48--T0.05--e0.001--gk21-derivative.json
square48,normal,2,48,0.05,0.001,gm-derivative,gm-derivative,tolerance,,success,pass,pass,passes declared density/filling targets with empirical reference margin,1.5945622422732413,5.472467093536881e-06,0.0001582369334407474,,4.440892254438494e-16,3.552713678800501e-15,True,0.001,0.001,0.00025,0.00025,0.00016239572561715931,0.00016239572561715931,1.4320427698229396e-05,0.00023845855927843995,4845,0,4845,1.00986730447039,0.0,0.00019637779769254848,9.627696999814361e-05,0.9514504298203974,1.675927817463115,0.9514504298203974,1.675927817463115,0.6333194639242818,0.5846949378028512,259.35546875,4845,11186,3638,3638,71,representative sampled LAPACK cost; not a rigorous lower bound or exact node replay,8881001d4a6f9b3a7d9009c3e36c82d12b89f2146f109cc1575e268d853da4a6,/home/tinkerer/.codex/worktrees/a93c/meanfi/build/periodic-study/runs/square48--T0.05--e0.001--gm-derivative.json
square48,normal,2,48,0.05,0.001,periodic,periodic,tolerance,,success,pass,pass,passes declared density/filling targets with empirical reference margin,0.669657944701612,7.056905234614774e-07,2.0701827111224702e-05,,4.440892254438494e-16,0.0,True,0.001,0.001,0.00025,0.00025,2.0703507374264518e-05,2.0703507374264518e-05,7.909297365382706e-07,2.0708915400291517e-05,2048,0,2048,0.42275602649897337,0.0,0.00019637779769254848,9.627696999814361e-05,0.4021817296743393,1.6650630679913223,0.4021817296743393,1.6650630679913223,0.6313014425407081,0.24690191820263863,177.16015625,2048,4416,2368,1024,2,representative sampled LAPACK cost; not a rigorous lower bound or exact node replay,8881001d4a6f9b3a7d9009c3e36c82d12b89f2146f109cc1575e268d853da4a6,/home/tinkerer/.codex/worktrees/a93c/meanfi/build/periodic-study/runs/square48--T0.05--e0.001--periodic.json
square48,normal,2,48,0.2,1e-05,gauss-bounded,gauss-bounded,gauss-temperature,,success,pass,pass,passes declared density/filling targets with empirical reference margin,0.42416547471657395,7.611689056830081e-13,2.7970514793196344e-11,,2.2204462783717213e-16,3.552713678800501e-15,True,1e-05,1e-05,2.5e-06,2.5e-06,2.7974067506875144e-11,2.7974067506875144e-11,1.8361201448158226e-11,2.828670631060959e-11,1344,0,1344,0.27477642660960555,0.0,0.00019637779769254848,9.627696999814361e-05,0.26393176009878516,1.6071028153558178,0.26393176009878516,1.6071028153558178,0.6478047907911654,0.1493890481069684,178.07421875,,4800,1344,1024,,representative sampled LAPACK cost; not a rigorous lower bound or exact node replay,8881001d4a6f9b3a7d9009c3e36c82d12b89f2146f109cc1575e268d853da4a6,/home/tinkerer/.codex/worktrees/a93c/meanfi/build/periodic-study/runs/square48--T0.2--e1e-05--gauss-bounded.json
square48,normal,2,48,0.2,1e-05,gk21-derivative,gk21-derivative,temperature,,success,pass,pass,passes declared density/filling targets with empirical reference margin,0.15987820690497756,7.172040739078939e-14,1.1368683772161603e-12,,2.2204462783717213e-16,0.0,True,1e-05,1e-05,2.5e-06,2.5e-06,1.7763568394002505e-13,1.7763568394002505e-13,5.337505531999298e-08,7.319758310586622e-07,441,0,441,0.09112413227558136,0.0,0.00019637779769254848,9.627696999814361e-05,0.08660260878241388,1.8461130577101452,0.08660260878241388,1.8461130577101452,0.569959683934536,0.0687540746293962,164.32421875,441,2646,441,441,0,representative sampled LAPACK cost; not a rigorous lower bound or exact node replay,8881001d4a6f9b3a7d9009c3e36c82d12b89f2146f109cc1575e268d853da4a6,/home/tinkerer/.codex/worktrees/a93c/meanfi/build/periodic-study/runs/square48--T0.2--e1e-05--gk21-derivative.json
square48,normal,2,48,0.2,1e-05,gm-derivative,gm-derivative,temperature,,success,pass,pass,passes declared density/filling targets with empirical reference margin,0.8957591359503567,9.487022278875656e-12,2.099689311307884e-10,,2.2204462783717213e-16,0.0,True,1e-05,1e-05,2.5e-06,2.5e-06,1.5987211554602254e-13,1.5987211554602254e-13,1.0881685159518492e-07,2.393224878285971e-06,2737,0,2737,0.5692274956963956,0.0,0.00019637779769254848,9.627696999814361e-05,0.5374860322845052,1.6665719333078564,0.5374860322845052,1.6665719333078564,0.6354693721236491,0.3265316402539611,240.3046875,2737,7922,2057,2057,40,representative sampled LAPACK cost; not a rigorous lower bound or exact node replay,8881001d4a6f9b3a7d9009c3e36c82d12b89f2146f109cc1575e268d853da4a6,/home/tinkerer/.codex/worktrees/a93c/meanfi/build/periodic-study/runs/square48--T0.2--e1e-05--gm-derivative.json
square48,normal,2,48,0.2,1e-05,periodic,periodic,temperature,,success,pass,pass,passes declared density/filling targets with empirical reference margin,0.1657027117908001,5.600603869559961e-10,2.058203207866427e-08,,2.2204462783717213e-16,3.552713678800501e-15,True,1e-05,1e-05,2.5e-06,2.5e-06,2.058202852595059e-08,2.058202852595059e-08,2.0631454322739273e-09,2.0581872206548724e-08,512,0,512,0.10380263486877084,0.0,0.00019637779769254848,9.627696999814361e-05,0.10054543241858482,1.6480381833851618,0.10054543241858482,1.6480381833851618,0.6264389625670207,0.06190007692202926,136.73046875,512,1152,576,256,1,representative sampled LAPACK cost; not a rigorous lower bound or exact node replay,8881001d4a6f9b3a7d9009c3e36c82d12b89f2146f109cc1575e268d853da4a6,/home/tinkerer/.codex/worktrees/a93c/meanfi/build/periodic-study/runs/square48--T0.2--e1e-05--periodic.json
vanhove48,normal,2,48,0.05,1e-05,gauss,gauss,baseline,,success,pass,pass,passes declared density/filling targets with empirical reference margin,1.7033353028818965,1.2847324315501396e-09,6.166709098920364e-08,,3.330669252380062e-16,3.552713678800501e-15,True,1e-05,1e-05,2.5e-06,2.5e-06,6.166710875277204e-08,6.166710875277204e-08,1.2848264674403254e-09,6.167168464799033e-08,5440,0,5440,1.1362769426777959,0.0,0.00019429546955507249,9.678170317783952e-05,1.0569673543795943,1.611530664427852,1.0569673543795943,1.611530664427852,0.6670894102619216,0.5670583602041006,291.0390625,,19072,5440,4096,,representative sampled LAPACK cost; not a rigorous lower bound or exact node replay,8a9aaa0b12b444025a5422a427af22b3ecf515296748655c1c1d4dcc9434fb2c,/home/tinkerer/.codex/worktrees/a93c/meanfi/build/periodic-study/runs/vanhove48--T0.05--e1e-05--gauss.json
vanhove48,normal,2,48,0.05,1e-05,gk21-derivative,gk21-derivative,baseline,,success,pass,pass,passes declared density/filling targets with empirical reference margin,2.9252795251086354,3.602196319008044e-11,1.7290950893311674e-09,,3.330669252380062e-16,3.552713678800501e-15,True,1e-05,1e-05,2.5e-06,2.5e-06,1.729102194758525e-09,1.729102194758525e-09,1.0733847292908945e-09,3.2506911384899695e-08,9261,0,9261,1.873782180249691,0.0,0.00019429546955507249,9.678170317783952e-05,1.7993703435495263,1.6257239848346536,1.7993703435495263,1.6257239848346536,0.640548078966951,1.0514973448589444,415.69140625,9261,24255,7056,7056,5,representative sampled LAPACK cost; not a rigorous lower bound or exact node replay,8a9aaa0b12b444025a5422a427af22b3ecf515296748655c1c1d4dcc9434fb2c,/home/tinkerer/.codex/worktrees/a93c/meanfi/build/periodic-study/runs/vanhove48--T0.05--e1e-05--gk21-derivative.json
vanhove48,normal,2,48,0.05,1e-05,gm-derivative,gm-derivative,baseline,,success,pass,pass,passes declared density/filling targets with empirical reference margin,7.909116648603231,3.602373954691984e-11,8.099299009245442e-10,,3.330669252380062e-16,0.0,True,1e-05,1e-05,2.5e-06,2.5e-06,1.729173249032101e-09,1.729173249032101e-09,1.0590269887339608e-07,2.4903158738461342e-06,24429,0,24429,5.075361052528024,0.0,0.00019429546955507249,9.678170317783952e-05,4.746444025760866,1.6663246433914032,4.746444025760866,1.6663246433914032,0.641710228590995,2.833755596075207,804.40625,24429,57188,18326,18326,359,representative sampled LAPACK cost; not a rigorous lower bound or exact node replay,8a9aaa0b12b444025a5422a427af22b3ecf515296748655c1c1d4dcc9434fb2c,/home/tinkerer/.codex/worktrees/a93c/meanfi/build/periodic-study/runs/vanhove48--T0.05--e1e-05--gm-derivative.json
vanhove48,normal,2,48,0.05,1e-05,periodic,periodic,baseline,,success,pass,pass,passes declared density/filling targets with empirical reference margin,0.6599683659151196,1.4693801730917993e-13,7.005951374594588e-12,,3.330669252380062e-16,3.552713678800501e-15,True,1e-05,1e-05,2.5e-06,2.5e-06,7.002398660915787e-12,7.002398660915787e-12,3.855804565103518e-13,7.453593298123451e-12,2048,0,2048,0.41924095852300525,0.0,0.00019429546955507249,9.678170317783952e-05,0.39791712164878845,1.658557347772595,0.39791712164878845,1.658557347772595,0.6352440210398281,0.2407274073921144,177.203125,2048,4416,2368,1024,2,representative sampled LAPACK cost; not a rigorous lower bound or exact node replay,8a9aaa0b12b444025a5422a427af22b3ecf515296748655c1c1d4dcc9434fb2c,/home/tinkerer/.codex/worktrees/a93c/meanfi/build/periodic-study/runs/vanhove48--T0.05--e1e-05--periodic.json
wire48,normal,1,48,0.01,1e-05,gauss-bounded,gauss-bounded (max_n=4096),multichannel-wire,,success,pass,pass,passes declared density/filling targets with empirical reference margin,1.4368434129282832,1.7797978646427737e-09,6.321096890360423e-08,,5.21344692631767e-10,1.5768044647757051e-09,True,1e-05,1e-05,2.5e-06,2.5e-06,6.321818801779955e-08,6.321818801779955e-08,4.8732666728390495e-08,6.334108348937662e-08,4088,0,4088,0.8027658872306347,0.0,0.00019418224837863818,9.781042172107846e-05,0.7938170313718729,1.8100435694169141,0.7938170313718729,1.8100435694169141,0.5587010247655309,0.6340775256976485,231.4921875,,16856,4088,2048,,representative sampled LAPACK cost; not a rigorous lower bound or exact node replay,8881001d4a6f9b3a7d9009c3e36c82d12b89f2146f109cc1575e268d853da4a6,/home/tinkerer/.codex/worktrees/a93c/meanfi/build/periodic-study/runs/wire48--T0.01--e1e-05--gauss-bounded.json
wire48,normal,1,48,0.01,1e-05,gk21-derivative,gk21-derivative (max_n=4096),multichannel-wire,,success,pass,pass,passes declared density/filling targets with empirical reference margin,1.4309774241410196,2.8421709430404007e-13,1.0114575843545026e-11,,5.21344692631767e-10,1.576843544626172e-09,True,1e-05,1e-05,2.5e-06,2.5e-06,1.021049911287264e-11,1.021049911287264e-11,2.6177822296940278e-08,1.3760369554855783e-07,4683,0,4683,0.9703521942719817,0.0,0.00019418224837863818,9.781042172107846e-05,0.9093554691571626,1.5736172186519348,0.9093554691571626,1.5736172186519348,0.6781044745373674,0.46062522986903787,237.84765625,4683,11235,2352,2352,111,representative sampled LAPACK cost; not a rigorous lower bound or exact node replay,8881001d4a6f9b3a7d9009c3e36c82d12b89f2146f109cc1575e268d853da4a6,/home/tinkerer/.codex/worktrees/a93c/meanfi/build/periodic-study/runs/wire48--T0.01--e1e-05--gk21-derivative.json
wire48,normal,1,48,0.01,1e-05,periodic,periodic (max_n=4096),multichannel-wire,,success,pass,pass,passes declared density/filling targets with empirical reference margin,1.4739443412981927,4.2872655425796324e-10,1.5227463734390767e-08,,5.21344692631767e-10,1.576843544626172e-09,True,1e-05,1e-05,2.5e-06,2.5e-06,1.5227463734390767e-08,1.5227463734390767e-08,7.155045445017549e-10,1.5226454763705988e-08,4096,0,4096,0.8145549693144858,0.0,0.00019418224837863818,9.781042172107846e-05,0.795370489358902,1.8531544242812508,0.795370489358902,1.8531544242812508,0.5526361793261865,0.659389371983707,262.23046875,4096,14856,6136,2048,8,representative sampled LAPACK cost; not a rigorous lower bound or exact node replay,8881001d4a6f9b3a7d9009c3e36c82d12b89f2146f109cc1575e268d853da4a6,/home/tinkerer/.codex/worktrees/a93c/meanfi/build/periodic-study/runs/wire48--T0.01--e1e-05--periodic.json
wire48,normal,1,48,0.05,1e-05,gauss-bounded,gauss-bounded (max_n=4096),wire-timing-repeats,2,success,pass,pass,passes declared density/filling targets with empirical reference margin,0.3471541050821543,3.3678130839653875e-09,1.1869665428321241e-07,,3.8509705123107225e-11,3.3569236279618053e-10,True,1e-05,1e-05,2.5e-06,2.5e-06,1.1869605032188701e-07,1.1869605032188701e-07,1.9022600716844806e-08,1.1850553605086134e-07,1016,0,1016,0.20047298166900873,0.0,0.00019418224837863818,9.781042172107846e-05,0.1972891643526964,1.7596207385294733,0.1972891643526964,1.7596207385294733,0.5774754748228216,0.14668112341314554,128.859375,,4192,1016,512,,representative sampled LAPACK cost; not a rigorous lower bound or exact node replay,8881001d4a6f9b3a7d9009c3e36c82d12b89f2146f109cc1575e268d853da4a6,/home/tinkerer/.codex/worktrees/a93c/meanfi/build/periodic-study/runs/wire48--T0.05--e1e-05--gauss-bounded--r2.json
wire48,normal,1,48,0.05,1e-05,gauss-bounded,gauss-bounded (max_n=4096),wire-timing-repeats,3,success,pass,pass,passes declared density/filling targets with empirical reference margin,0.34752676356583834,3.3678130839653875e-09,1.1869665428321241e-07,,3.8509705123107225e-11,3.3569236279618053e-10,True,1e-05,1e-05,2.5e-06,2.5e-06,1.1869605032188701e-07,1.1869605032188701e-07,1.9022600716844806e-08,1.1850553605086134e-07,1016,0,1016,0.2000549379736185,0.0,0.00019418224837863818,9.781042172107846e-05,0.1972891643526964,1.7615096333651667,0.1972891643526964,1.7615096333651667,0.575653327878785,0.14747182559221983,193.23828125,,4192,1016,512,,representative sampled LAPACK cost; not a rigorous lower bound or exact node replay,8881001d4a6f9b3a7d9009c3e36c82d12b89f2146f109cc1575e268d853da4a6,/home/tinkerer/.codex/worktrees/a93c/meanfi/build/periodic-study/runs/wire48--T0.05--e1e-05--gauss-bounded--r3.json
wire48,normal,1,48,0.05,1e-05,gauss-bounded,gauss-bounded (max_n=4096),multichannel-wire,,success,pass,pass,passes declared density/filling targets with empirical reference margin,0.3664466831833124,3.3678130839653875e-09,1.1869665428321241e-07,,3.8509705123107225e-11,3.3569236279618053e-10,True,1e-05,1e-05,2.5e-06,2.5e-06,1.1869605032188701e-07,1.1869605032188701e-07,1.9022600716844806e-08,1.1850553605086134e-07,1016,0,1016,0.2135960003361106,0.0,0.00019418224837863818,9.781042172107846e-05,0.1972891643526964,1.8574090695027272,0.1972891643526964,1.8574090695027272,0.5828842506653572,0.15285068284720182,193.14453125,,4192,1016,512,,representative sampled LAPACK cost; not a rigorous lower bound or exact node replay,8881001d4a6f9b3a7d9009c3e36c82d12b89f2146f109cc1575e268d853da4a6,/home/tinkerer/.codex/worktrees/a93c/meanfi/build/periodic-study/runs/wire48--T0.05--e1e-05--gauss-bounded.json
wire48,normal,1,48,0.05,1e-05,gk21-derivative,gk21-derivative (max_n=4096),wire-timing-repeats,2,success,pass,pass,passes declared density/filling targets with empirical reference margin,0.28471407713368535,4.470313008653193e-13,1.5475620784854982e-11,,3.8509705123107225e-11,3.3569236279618053e-10,True,1e-05,1e-05,2.5e-06,2.5e-06,1.5546675058430992e-11,1.5546675058430992e-11,2.7581248473367705e-08,1.0670806054841125e-07,903,0,903,0.18713984359055758,0.0,0.00019418224837863818,9.781042172107846e-05,0.17534657028591027,1.6237219619947316,0.17534657028591027,1.6237219619947316,0.6572904489815145,0.09757423354312778,111.02734375,903,2289,462,462,21,representative sampled LAPACK cost; not a rigorous lower bound or exact node replay,8881001d4a6f9b3a7d9009c3e36c82d12b89f2146f109cc1575e268d853da4a6,/home/tinkerer/.codex/worktrees/a93c/meanfi/build/periodic-study/runs/wire48--T0.05--e1e-05--gk21-derivative--r2.json
wire48,normal,1,48,0.05,1e-05,gk21-derivative,gk21-derivative (max_n=4096),wire-timing-repeats,3,success,pass,pass,passes declared density/filling targets with empirical reference margin,0.29416024638339877,4.470313008653193e-13,1.5475620784854982e-11,,3.8509705123107225e-11,3.3569236279618053e-10,True,1e-05,1e-05,2.5e-06,2.5e-06,1.5546675058430992e-11,1.5546675058430992e-11,2.7581248473367705e-08,1.0670806054841125e-07,903,0,903,0.18568697338923812,0.0,0.00019418224837863818,9.781042172107846e-05,0.17534657028591027,1.6775933849390814,0.17534657028591027,1.6775933849390814,0.631244281551287,0.10847327299416065,142.77734375,903,2289,462,462,21,representative sampled LAPACK cost; not a rigorous lower bound or exact node replay,8881001d4a6f9b3a7d9009c3e36c82d12b89f2146f109cc1575e268d853da4a6,/home/tinkerer/.codex/worktrees/a93c/meanfi/build/periodic-study/runs/wire48--T0.05--e1e-05--gk21-derivative--r3.json
wire48,normal,1,48,0.05,1e-05,gk21-derivative,gk21-derivative (max_n=4096),multichannel-wire,,success,pass,pass,passes declared density/filling targets with empirical reference margin,0.28210253082215786,4.470313008653193e-13,1.5475620784854982e-11,,3.8509705123107225e-11,3.3569236279618053e-10,True,1e-05,1e-05,2.5e-06,2.5e-06,1.5546675058430992e-11,1.5546675058430992e-11,2.7581248473367705e-08,1.0670806054841125e-07,903,0,903,0.18597877258434892,0.0,0.00019418224837863818,9.781042172107846e-05,0.17534657028591027,1.6088283355766657,0.17534657028591027,1.6088283355766657,0.659259497042914,0.09612375823780894,106.3203125,903,2289,462,462,21,representative sampled LAPACK cost; not a rigorous lower bound or exact node replay,8881001d4a6f9b3a7d9009c3e36c82d12b89f2146f109cc1575e268d853da4a6,/home/tinkerer/.codex/worktrees/a93c/meanfi/build/periodic-study/runs/wire48--T0.05--e1e-05--gk21-derivative.json
wire48,normal,1,48,0.05,1e-05,periodic,periodic (max_n=4096),wire-timing-repeats,2,success,pass,pass,passes declared density/filling targets with empirical reference margin,0.3786374949850142,2.4549140498209e-11,8.652243366213952e-10,,3.8509705123107225e-11,3.3569591550985933e-10,True,1e-05,1e-05,2.5e-06,2.5e-06,8.652207839077164e-10,8.652207839077164e-10,5.493933086242464e-11,8.65405525019014e-10,1024,0,1024,0.20471454178914428,0.0,0.00019418224837863818,9.781042172107846e-05,0.1988426223397255,1.9042069076020662,0.1988426223397255,1.9042069076020662,0.5406610399143025,0.17392295319586992,152.63671875,1024,3616,1528,512,6,representative sampled LAPACK cost; not a rigorous lower bound or exact node replay,8881001d4a6f9b3a7d9009c3e36c82d12b89f2146f109cc1575e268d853da4a6,/home/tinkerer/.codex/worktrees/a93c/meanfi/build/periodic-study/runs/wire48--T0.05--e1e-05--periodic--r2.json
wire48,normal,1,48,0.05,1e-05,periodic,periodic (max_n=4096),wire-timing-repeats,3,success,pass,pass,passes declared density/filling targets with empirical reference margin,0.4437871631234884,2.4549140498209e-11,8.652243366213952e-10,,3.8509705123107225e-11,3.3569591550985933e-10,True,1e-05,1e-05,2.5e-06,2.5e-06,8.652207839077164e-10,8.652207839077164e-10,5.493933086242464e-11,8.65405525019014e-10,1024,0,1024,0.24566693231463432,0.0,0.00019418224837863818,9.781042172107846e-05,0.1988426223397255,2.231851289736421,0.1988426223397255,2.231851289736421,0.553569261863203,0.1981202308088541,209.68359375,1024,3616,1528,512,6,representative sampled LAPACK cost; not a rigorous lower bound or exact node replay,8881001d4a6f9b3a7d9009c3e36c82d12b89f2146f109cc1575e268d853da4a6,/home/tinkerer/.codex/worktrees/a93c/meanfi/build/periodic-study/runs/wire48--T0.05--e1e-05--periodic--r3.json
wire48,normal,1,48,0.05,1e-05,periodic,periodic (max_n=4096),multichannel-wire,,success,pass,pass,passes declared density/filling targets with empirical reference margin,0.6917083621956408,2.4549140498209e-11,8.652243366213952e-10,,3.8509705123107225e-11,3.3569591550985933e-10,True,1e-05,1e-05,2.5e-06,2.5e-06,8.652207839077164e-10,8.652207839077164e-10,5.493933086242464e-11,8.65405525019014e-10,1024,0,1024,0.38904727157205343,0.0,0.00019418224837863818,9.781042172107846e-05,0.1988426223397255,3.478672500173766,0.1988426223397255,3.478672500173766,0.5624440773523806,0.30266109062358737,197.46484375,1024,3616,1528,512,6,representative sampled LAPACK cost; not a rigorous lower bound or exact node replay,8881001d4a6f9b3a7d9009c3e36c82d12b89f2146f109cc1575e268d853da4a6,/home/tinkerer/.codex/worktrees/a93c/meanfi/build/periodic-study/runs/wire48--T0.05--e1e-05--periodic.json
wire48,normal,1,48,0.2,1e-05,gauss-bounded,gauss-bounded (max_n=4096),multichannel-wire,,success,pass,pass,passes declared density/filling targets with empirical reference margin,0.1712199319154024,7.793764911223633e-09,2.7640053801292197e-07,,6.106226635438361e-16,3.552713678800501e-15,True,1e-05,1e-05,2.5e-06,2.5e-06,2.7640167843401287e-07,2.7640167843401287e-07,8.213789509659009e-08,2.76319738645725e-07,248,0,248,0.09958376456052065,0.0,0.00019418224837863818,9.781042172107846e-05,0.04815719759790227,3.5554380332725333,0.04815719759790227,3.5554380332725333,0.5816131536001528,0.07163616735488176,94.875,,1048,248,128,,representative sampled LAPACK cost; not a rigorous lower bound or exact node replay,8881001d4a6f9b3a7d9009c3e36c82d12b89f2146f109cc1575e268d853da4a6,/home/tinkerer/.codex/worktrees/a93c/meanfi/build/periodic-study/runs/wire48--T0.2--e1e-05--gauss-bounded.json
wire48,normal,1,48,0.2,1e-05,gk21-derivative,gk21-derivative (max_n=4096),multichannel-wire,,success,pass,pass,passes declared density/filling targets with empirical reference margin,0.10381192993372679,1.2534417948018017e-13,4.419575816427823e-12,,6.106226635438361e-16,0.0,True,1e-05,1e-05,2.5e-06,2.5e-06,4.433786671143025e-12,4.433786671143025e-12,5.660912159648625e-08,2.255526585846684e-08,315,0,315,0.06522763427346945,0.0,0.00019418224837863818,9.781042172107846e-05,0.061167408239271026,1.6971771883425477,0.061167408239271026,1.6971771883425477,0.6283250327309257,0.03858429566025734,87.875,315,861,168,168,7,representative sampled LAPACK cost; not a rigorous lower bound or exact node replay,8881001d4a6f9b3a7d9009c3e36c82d12b89f2146f109cc1575e268d853da4a6,/home/tinkerer/.codex/worktrees/a93c/meanfi/build/periodic-study/runs/wire48--T0.2--e1e-05--gk21-derivative.json
wire48,normal,1,48,0.2,1e-05,periodic,periodic (max_n=4096),multichannel-wire,,success,pass,pass,passes declared density/filling targets with empirical reference margin,0.1014613350853324,3.9530156925593474e-11,1.4019185812230717e-09,,6.106226635438361e-16,3.552713678800501e-15,True,1e-05,1e-05,2.5e-06,2.5e-06,1.4019185812230717e-09,1.4019185812230717e-09,2.904957385752027e-10,1.398351656689556e-09,256,0,256,0.05308314599096775,0.0,0.00019418224837863818,9.781042172107846e-05,0.049710655584931374,2.0410379604023574,0.049710655584931374,2.0410379604023574,0.5231859599158935,0.04837818909436464,90.28515625,256,896,376,128,4,representative sampled LAPACK cost; not a rigorous lower bound or exact node replay,8881001d4a6f9b3a7d9009c3e36c82d12b89f2146f109cc1575e268d853da4a6,/home/tinkerer/.codex/worktrees/a93c/meanfi/build/periodic-study/runs/wire48--T0.2--e1e-05--periodic.json
