model,temperature,method,parameter,status,wall_s,usable,density_error,charge_error,n_eigh,effective_resolution,density_fit_floor,charge_fit_floor,file,reason
square48,0.2,periodic,2,success,0.002565620932728052,True,0.0010039485813719273,0.01995243744550379,4,2.0,1e-13,1e-13,/home/tinkerer/.codex/worktrees/a93c/meanfi/build/periodic-study/convergence/runs/square48--T0.2--periodic--n2--mu0d441d19cb.json,
square48,0.2,periodic,3,success,0.004862465895712376,True,9.964903595194308e-05,0.0013189151757053708,9,3.0,1e-13,1e-13,/home/tinkerer/.codex/worktrees/a93c/meanfi/build/periodic-study/convergence/runs/square48--T0.2--periodic--n3--mu0d441d19cb.json,
square48,0.2,periodic,4,success,0.00733942398801446,True,8.697867301982187e-06,1.4484605436848597e-05,16,4.0,1e-13,1e-13,/home/tinkerer/.codex/worktrees/a93c/meanfi/build/periodic-study/convergence/runs/square48--T0.2--periodic--n4--mu0d441d19cb.json,
square48,0.2,periodic,5,success,0.01073387498036027,True,1.1435265792059113e-06,1.9116817785658213e-05,25,5.0,1e-13,1e-13,/home/tinkerer/.codex/worktrees/a93c/meanfi/build/periodic-study/convergence/runs/square48--T0.2--periodic--n5--mu0d441d19cb.json,
square48,0.2,periodic,6,success,0.014504364226013422,True,1.2282903916194243e-07,5.864151937373663e-07,36,6.0,1e-13,1e-13,/home/tinkerer/.codex/worktrees/a93c/meanfi/build/periodic-study/convergence/runs/square48--T0.2--periodic--n6--mu0d441d19cb.json,
square48,0.2,periodic,8,success,0.022357672918587923,True,2.0631454045183517e-09,2.058188286468976e-08,64,8.0,1e-13,1e-13,/home/tinkerer/.codex/worktrees/a93c/meanfi/build/periodic-study/convergence/runs/square48--T0.2--periodic--n8--mu0d441d19cb.json,
square48,0.2,periodic,10,success,0.03402627678588033,True,3.360467459856409e-11,3.7473313341251924e-10,100,10.0,1e-13,1e-13,/home/tinkerer/.codex/worktrees/a93c/meanfi/build/periodic-study/convergence/runs/square48--T0.2--periodic--n10--mu0d441d19cb.json,
square48,0.2,periodic,12,success,0.0471090292558074,True,8.084644065320413e-13,1.7408297026122455e-11,144,12.0,1e-13,1e-13,/home/tinkerer/.codex/worktrees/a93c/meanfi/build/periodic-study/convergence/runs/square48--T0.2--periodic--n12--mu0d441d19cb.json,
square48,0.2,periodic,16,success,0.0849286550655961,True,7.771561172376096e-16,7.105427357601002e-15,256,16.0,1e-13,1e-13,/home/tinkerer/.codex/worktrees/a93c/meanfi/build/periodic-study/convergence/runs/square48--T0.2--periodic--n16--mu0d441d19cb.json,
square48,0.2,periodic,20,success,0.1241996199823916,True,4.996003622076543e-16,3.552713678800501e-15,400,20.0,1e-13,1e-13,/home/tinkerer/.codex/worktrees/a93c/meanfi/build/periodic-study/convergence/runs/square48--T0.2--periodic--n20--mu0d441d19cb.json,
square48,0.2,periodic,24,success,0.17986687226220965,True,3.3306690740877334e-16,3.552713678800501e-15,576,24.0,1e-13,1e-13,/home/tinkerer/.codex/worktrees/a93c/meanfi/build/periodic-study/convergence/runs/square48--T0.2--periodic--n24--mu0d441d19cb.json,
square48,0.2,periodic,32,success,0.3167308559641242,True,4.440892098500626e-16,0.0,1024,32.0,1e-13,1e-13,/home/tinkerer/.codex/worktrees/a93c/meanfi/build/periodic-study/convergence/runs/square48--T0.2--periodic--n32--mu0d441d19cb.json,
square48,0.2,periodic,40,success,0.5040987329557538,True,4.440892225585899e-16,3.552713678800501e-15,1600,40.0,1e-13,1e-13,/home/tinkerer/.codex/worktrees/a93c/meanfi/build/periodic-study/convergence/runs/square48--T0.2--periodic--n40--mu0d441d19cb.json,
square48,0.2,periodic,48,success,0.7176562850363553,True,3.3306690738754696e-16,3.552713678800501e-15,2304,48.0,1e-13,1e-13,/home/tinkerer/.codex/worktrees/a93c/meanfi/build/periodic-study/convergence/runs/square48--T0.2--periodic--n48--mu0d441d19cb.json,
square48,0.2,periodic,64,success,1.269030551891774,True,3.3306690738754696e-16,3.552713678800501e-15,4096,64.0,1e-13,1e-13,/home/tinkerer/.codex/worktrees/a93c/meanfi/build/periodic-study/convergence/runs/square48--T0.2--periodic--n64--mu0d441d19cb.json,
square48,0.2,gauss,2,success,0.002786547876894474,True,0.0028720902173725027,0.03514620120881773,4,2.0,1e-13,1e-13,/home/tinkerer/.codex/worktrees/a93c/meanfi/build/periodic-study/convergence/runs/square48--T0.2--gauss--n2--mu0d441d19cb.json,
square48,0.2,gauss,3,success,0.004672858864068985,True,0.0006850037962951028,0.008532925569991079,9,3.0,1e-13,1e-13,/home/tinkerer/.codex/worktrees/a93c/meanfi/build/periodic-study/convergence/runs/square48--T0.2--gauss--n3--mu0d441d19cb.json,
square48,0.2,gauss,4,success,0.0075094266794621944,True,0.00017499152107269822,0.0032864926002069694,16,4.0,1e-13,1e-13,/home/tinkerer/.codex/worktrees/a93c/meanfi/build/periodic-study/convergence/runs/square48--T0.2--gauss--n4--mu0d441d19cb.json,
square48,0.2,gauss,5,success,0.01058148592710495,True,4.653339585497518e-05,0.0007768375886776369,25,5.0,1e-13,1e-13,/home/tinkerer/.codex/worktrees/a93c/meanfi/build/periodic-study/convergence/runs/square48--T0.2--gauss--n5--mu0d441d19cb.json,
square48,0.2,gauss,6,success,0.014847171027213335,True,1.0042659355335992e-05,0.00010888774810879909,36,6.0,1e-13,1e-13,/home/tinkerer/.codex/worktrees/a93c/meanfi/build/periodic-study/convergence/runs/square48--T0.2--gauss--n6--mu0d441d19cb.json,
square48,0.2,gauss,8,success,0.02271786192432046,True,6.018722439327107e-07,5.7900800563004395e-06,64,8.0,1e-13,1e-13,/home/tinkerer/.codex/worktrees/a93c/meanfi/build/periodic-study/convergence/runs/square48--T0.2--gauss--n8--mu0d441d19cb.json,
square48,0.2,gauss,10,success,0.034125001169741154,True,5.337511194136724e-08,7.31977149115437e-07,100,10.0,1e-13,1e-13,/home/tinkerer/.codex/worktrees/a93c/meanfi/build/periodic-study/convergence/runs/square48--T0.2--gauss--n10--mu0d441d19cb.json,
square48,0.2,gauss,12,success,0.04811783600598574,True,4.111879392532103e-09,5.410217340795498e-08,144,12.0,1e-13,1e-13,/home/tinkerer/.codex/worktrees/a93c/meanfi/build/periodic-study/convergence/runs/square48--T0.2--gauss--n12--mu0d441d19cb.json,
square48,0.2,gauss,16,success,0.08399610919877887,True,1.836175655967054e-11,2.8283153596930788e-11,256,16.0,1e-13,1e-13,/home/tinkerer/.codex/worktrees/a93c/meanfi/build/periodic-study/convergence/runs/square48--T0.2--gauss--n16--mu0d441d19cb.json,
square48,0.2,gauss,20,success,0.1251962990500033,True,1.2867484855405802e-13,2.6929569685307797e-12,400,20.0,1e-13,1e-13,/home/tinkerer/.codex/worktrees/a93c/meanfi/build/periodic-study/convergence/runs/square48--T0.2--gauss--n20--mu0d441d19cb.json,
square48,0.2,gauss,24,success,0.17882720520719886,True,8.881784198301782e-16,1.0658141036401503e-14,576,24.0,1e-13,1e-13,/home/tinkerer/.codex/worktrees/a93c/meanfi/build/periodic-study/convergence/runs/square48--T0.2--gauss--n24--mu0d441d19cb.json,
square48,0.2,gauss,32,success,0.3269822560250759,True,4.44089212749179e-16,3.552713678800501e-15,1024,32.0,1e-13,1e-13,/home/tinkerer/.codex/worktrees/a93c/meanfi/build/periodic-study/convergence/runs/square48--T0.2--gauss--n32--mu0d441d19cb.json,
square48,0.2,gauss,40,success,0.5003462336026132,True,3.3306690738754696e-16,7.105427357601002e-15,1600,40.0,1e-13,1e-13,/home/tinkerer/.codex/worktrees/a93c/meanfi/build/periodic-study/convergence/runs/square48--T0.2--gauss--n40--mu0d441d19cb.json,
square48,0.2,gauss,48,success,0.7194832912646234,True,3.3306690738754696e-16,0.0,2304,48.0,1e-13,1e-13,/home/tinkerer/.codex/worktrees/a93c/meanfi/build/periodic-study/convergence/runs/square48--T0.2--gauss--n48--mu0d441d19cb.json,
square48,0.2,gauss,64,success,1.269088373053819,True,2.7755575776943765e-16,7.105427357601002e-15,4096,64.0,1e-13,1e-13,/home/tinkerer/.codex/worktrees/a93c/meanfi/build/periodic-study/convergence/runs/square48--T0.2--gauss--n64--mu0d441d19cb.json,
square48,0.2,clenshaw-curtis,2,success,0.00792141119018197,True,0.003527441542047788,0.03747894916377348,9,3.0,1e-13,1e-13,/home/tinkerer/.codex/worktrees/a93c/meanfi/build/periodic-study/convergence/runs/square48--T0.2--clenshaw-curtis--n2--mu0d441d19cb.json,
square48,0.2,clenshaw-curtis,3,success,0.012835107743740082,True,0.0017392608624858807,0.02432080826947569,16,4.0,1e-13,1e-13,/home/tinkerer/.codex/worktrees/a93c/meanfi/build/periodic-study/convergence/runs/square48--T0.2--clenshaw-curtis--n3--mu0d441d19cb.json,
square48,0.2,clenshaw-curtis,4,success,0.01094217598438263,True,0.0004473914589315231,0.006616667028573886,25,5.0,1e-13,1e-13,/home/tinkerer/.codex/worktrees/a93c/meanfi/build/periodic-study/convergence/runs/square48--T0.2--clenshaw-curtis--n4--mu0d441d19cb.json,
square48,0.2,clenshaw-curtis,5,success,0.014629354234784842,True,8.83907085798552e-05,0.001517144382532365,36,6.0,1e-13,1e-13,/home/tinkerer/.codex/worktrees/a93c/meanfi/build/periodic-study/convergence/runs/square48--T0.2--clenshaw-curtis--n5--mu0d441d19cb.json,
square48,0.2,clenshaw-curtis,6,success,0.018007978331297636,True,1.953392765047246e-05,0.00020943426936526066,49,7.0,1e-13,1e-13,/home/tinkerer/.codex/worktrees/a93c/meanfi/build/periodic-study/convergence/runs/square48--T0.2--clenshaw-curtis--n6--mu0d441d19cb.json,
square48,0.2,clenshaw-curtis,8,success,0.028334081638604403,True,1.3710368042541e-06,3.083449463758825e-06,81,9.0,1e-13,1e-13,/home/tinkerer/.codex/worktrees/a93c/meanfi/build/periodic-study/convergence/runs/square48--T0.2--clenshaw-curtis--n8--mu0d441d19cb.json,
square48,0.2,clenshaw-curtis,10,success,0.04080754378810525,True,1.470184500806937e-07,2.2671654669181862e-06,121,11.0,1e-13,1e-13,/home/tinkerer/.codex/worktrees/a93c/meanfi/build/periodic-study/convergence/runs/square48--T0.2--clenshaw-curtis--n10--mu0d441d19cb.json,
square48,0.2,clenshaw-curtis,12,success,0.05514146015048027,True,8.032930098877955e-09,5.2345495049621604e-08,169,13.0,1e-13,1e-13,/home/tinkerer/.codex/worktrees/a93c/meanfi/build/periodic-study/convergence/runs/square48--T0.2--clenshaw-curtis--n12--mu0d441d19cb.json,
square48,0.2,clenshaw-curtis,16,success,0.09319654712453485,True,2.2436974500550377e-10,2.7944366820520372e-09,289,17.0,1e-13,1e-13,/home/tinkerer/.codex/worktrees/a93c/meanfi/build/periodic-study/convergence/runs/square48--T0.2--clenshaw-curtis--n16--mu0d441d19cb.json,
square48,0.2,clenshaw-curtis,20,success,0.14355248305946589,True,9.524880884015374e-12,1.2218848155498563e-10,441,21.0,1e-13,1e-13,/home/tinkerer/.codex/worktrees/a93c/meanfi/build/periodic-study/convergence/runs/square48--T0.2--clenshaw-curtis--n20--mu0d441d19cb.json,
square48,0.2,clenshaw-curtis,24,success,0.19448616402223706,True,4.01845223763088e-13,5.396572078097961e-12,625,25.0,1e-13,1e-13,/home/tinkerer/.codex/worktrees/a93c/meanfi/build/periodic-study/convergence/runs/square48--T0.2--clenshaw-curtis--n24--mu0d441d19cb.json,
square48,0.2,clenshaw-curtis,32,success,0.3388321711681783,True,9.436895710973651e-16,0.0,1089,33.0,1e-13,1e-13,/home/tinkerer/.codex/worktrees/a93c/meanfi/build/periodic-study/convergence/runs/square48--T0.2--clenshaw-curtis--n32--mu0d441d19cb.json,
square48,0.2,clenshaw-curtis,40,success,0.5248930240049958,True,3.330669173642376e-16,0.0,1681,41.0,1e-13,1e-13,/home/tinkerer/.codex/worktrees/a93c/meanfi/build/periodic-study/convergence/runs/square48--T0.2--clenshaw-curtis--n40--mu0d441d19cb.json,
square48,0.2,clenshaw-curtis,48,success,0.7449524118565023,True,3.3306690871195597e-16,0.0,2401,49.0,1e-13,1e-13,/home/tinkerer/.codex/worktrees/a93c/meanfi/build/periodic-study/convergence/runs/square48--T0.2--clenshaw-curtis--n48--mu0d441d19cb.json,
square48,0.2,clenshaw-curtis,64,success,1.2983860080130398,True,4.440892386930891e-16,3.552713678800501e-15,4225,65.0,1e-13,1e-13,/home/tinkerer/.codex/worktrees/a93c/meanfi/build/periodic-study/convergence/runs/square48--T0.2--clenshaw-curtis--n64--mu0d441d19cb.json,
square48,0.2,gm,0.01,success,0.03260067384690046,True,7.393243543540873e-06,0.00014504639948853537,85,9.219544457292887,1e-13,1e-13,/home/tinkerer/.codex/worktrees/a93c/meanfi/build/periodic-study/convergence/runs/square48--T0.2--gm--e0.01--mu0d441d19cb.json,
square48,0.2,gm,0.001,success,0.10875046718865633,True,2.4900626144352955e-09,2.3762819267858504e-08,357,18.894443627691185,1e-13,1e-13,/home/tinkerer/.codex/worktrees/a93c/meanfi/build/periodic-study/convergence/runs/square48--T0.2--gm--e0.001--mu0d441d19cb.json,
square48,0.2,gm,0.0001,success,0.18597435718402267,True,2.7164268612267506e-09,1.3857082592494407e-08,629,25.079872407968907,1e-13,1e-13,/home/tinkerer/.codex/worktrees/a93c/meanfi/build/periodic-study/convergence/runs/square48--T0.2--gm--e0.0001--mu0d441d19cb.json,
square48,0.2,gm,1e-05,success,0.6303752870298922,True,4.216887783403678e-09,1.0458620636200067e-07,2193,46.82947789587238,1e-13,1e-13,/home/tinkerer/.codex/worktrees/a93c/meanfi/build/periodic-study/convergence/runs/square48--T0.2--gm--e1e-05--mu0d441d19cb.json,
square48,0.2,gm,1e-06,success,1.41059402609244,True,7.942591029319601e-12,2.064517445887759e-10,4913,70.09279563550022,1e-13,1e-13,/home/tinkerer/.codex/worktrees/a93c/meanfi/build/periodic-study/convergence/runs/square48--T0.2--gm--e1e-06--mu0d441d19cb.json,
square48,0.2,gm,1e-07,success,3.5595724382437766,True,4.63240557085476e-14,6.146194664324867e-13,12461,111.6288493177279,1e-13,1e-13,/home/tinkerer/.codex/worktrees/a93c/meanfi/build/periodic-study/convergence/runs/square48--T0.2--gm--e1e-07--mu0d441d19cb.json,
square48,0.2,gk21,0.01,success,0.1398088033311069,True,9.692247004977933e-14,1.2683187833317788e-12,441,21.0,1e-13,1e-13,/home/tinkerer/.codex/worktrees/a93c/meanfi/build/periodic-study/convergence/runs/square48--T0.2--gk21--e0.01--mu0d441d19cb.json,
square48,0.2,gk21,0.001,success,0.14670341880992055,True,9.725553695716687e-14,1.2789769243681803e-12,441,21.0,1e-13,1e-13,/home/tinkerer/.codex/worktrees/a93c/meanfi/build/periodic-study/convergence/runs/square48--T0.2--gk21--e0.001--mu0d441d19cb.json,
square48,0.2,gk21,0.0001,success,0.14118796400725842,True,9.781064846947942e-14,1.3180567748349858e-12,441,21.0,1e-13,1e-13,/home/tinkerer/.codex/worktrees/a93c/meanfi/build/periodic-study/convergence/runs/square48--T0.2--gk21--e0.0001--mu0d441d19cb.json,
square48,0.2,gk21,1e-05,success,0.14043886866420507,True,9.658940314239179e-14,1.3038459201197838e-12,441,21.0,1e-13,1e-13,/home/tinkerer/.codex/worktrees/a93c/meanfi/build/periodic-study/convergence/runs/square48--T0.2--gk21--e1e-05--mu0d441d19cb.json,
square48,0.2,gk21,1e-06,success,0.6928454330191016,True,4.440892233958183e-16,1.4210854715202004e-14,2205,46.95742752749558,1e-13,1e-13,/home/tinkerer/.codex/worktrees/a93c/meanfi/build/periodic-study/convergence/runs/square48--T0.2--gk21--e1e-06--mu0d441d19cb.json,
square48,0.2,gk21,1e-07,success,0.6845827791839838,True,2.7755576236979096e-16,1.0658141036401503e-14,2205,46.95742752749558,1e-13,1e-13,/home/tinkerer/.codex/worktrees/a93c/meanfi/build/periodic-study/convergence/runs/square48--T0.2--gk21--e1e-07--mu0d441d19cb.json,
square48,0.05,periodic,2,success,0.002473226748406887,True,0.009564721965801048,0.07886069927435457,4,2.0,1e-13,1e-13,/home/tinkerer/.codex/worktrees/a93c/meanfi/build/periodic-study/convergence/runs/square48--T0.05--periodic--n2--muea6fb4469f.json,
square48,0.05,periodic,3,success,0.0043013617396354675,True,0.004987025229829467,0.06897413080838533,9,3.0,1e-13,1e-13,/home/tinkerer/.codex/worktrees/a93c/meanfi/build/periodic-study/convergence/runs/square48--T0.05--periodic--n3--muea6fb4469f.json,
square48,0.05,periodic,4,success,0.007070176303386688,True,0.0012471413144104493,0.01903402998305026,16,4.0,1e-13,1e-13,/home/tinkerer/.codex/worktrees/a93c/meanfi/build/periodic-study/convergence/runs/square48--T0.05--periodic--n4--muea6fb4469f.json,
square48,0.05,periodic,5,success,0.010781032033264637,True,0.0012901176864604236,0.02498023014205586,25,5.0,1e-13,1e-13,/home/tinkerer/.codex/worktrees/a93c/meanfi/build/periodic-study/convergence/runs/square48--T0.05--periodic--n5--muea6fb4469f.json,
square48,0.05,periodic,6,success,0.014989642892032862,True,0.00040902102386347616,0.001733972470209011,36,6.0,1e-13,1e-13,/home/tinkerer/.codex/worktrees/a93c/meanfi/build/periodic-study/convergence/runs/square48--T0.05--periodic--n6--muea6fb4469f.json,
square48,0.05,periodic,8,success,0.04015402402728796,True,8.327914239830703e-05,0.0007457501155201385,64,8.0,1e-13,1e-13,/home/tinkerer/.codex/worktrees/a93c/meanfi/build/periodic-study/convergence/runs/square48--T0.05--periodic--n8--muea6fb4469f.json,
square48,0.05,periodic,10,success,0.05961908493191004,True,3.404086835812059e-05,0.0008370825930867909,100,10.0,1e-13,1e-13,/home/tinkerer/.codex/worktrees/a93c/meanfi/build/periodic-study/convergence/runs/square48--T0.05--periodic--n10--muea6fb4469f.json,
square48,0.05,periodic,12,success,0.04847877472639084,True,9.100761929337065e-06,0.00019739111889194305,144,12.0,1e-13,1e-13,/home/tinkerer/.codex/worktrees/a93c/meanfi/build/periodic-study/convergence/runs/square48--T0.05--periodic--n12--muea6fb4469f.json,
square48,0.05,periodic,16,success,0.08447081316262484,True,7.908753256735679e-07,2.0707898798377755e-05,256,16.0,1e-13,1e-13,/home/tinkerer/.codex/worktrees/a93c/meanfi/build/periodic-study/convergence/runs/square48--T0.05--periodic--n16--muea6fb4469f.json,
square48,0.05,periodic,20,success,0.12486046459525824,True,4.1867389888317064e-08,8.597671055099454e-07,400,20.0,1e-13,1e-13,/home/tinkerer/.codex/worktrees/a93c/meanfi/build/periodic-study/convergence/runs/square48--T0.05--periodic--n20--muea6fb4469f.json,
square48,0.05,periodic,24,success,0.18026858987286687,True,2.8338527080506992e-09,1.6396555224673648e-09,576,24.0,1e-13,1e-13,/home/tinkerer/.codex/worktrees/a93c/meanfi/build/periodic-study/convergence/runs/square48--T0.05--periodic--n24--muea6fb4469f.json,
square48,0.05,periodic,32,success,0.324875280726701,True,7.237777044366567e-11,1.6804122537905641e-09,1024,32.0,1e-13,1e-13,/home/tinkerer/.codex/worktrees/a93c/meanfi/build/periodic-study/convergence/runs/square48--T0.05--periodic--n32--muea6fb4469f.json,
square48,0.05,periodic,40,success,0.4969895421527326,True,7.359113318727853e-13,1.0938805417026742e-11,1600,40.0,1e-13,1e-13,/home/tinkerer/.codex/worktrees/a93c/meanfi/build/periodic-study/convergence/runs/square48--T0.05--periodic--n40--muea6fb4469f.json,
square48,0.05,periodic,48,success,0.723420093767345,True,4.996003611486845e-15,1.4210854715202004e-14,2304,48.0,1e-13,1e-13,/home/tinkerer/.codex/worktrees/a93c/meanfi/build/periodic-study/convergence/runs/square48--T0.05--periodic--n48--muea6fb4469f.json,
square48,0.05,periodic,64,success,1.2675598822534084,True,3.8857805862155155e-16,3.552713678800501e-15,4096,64.0,1e-13,1e-13,/home/tinkerer/.codex/worktrees/a93c/meanfi/build/periodic-study/convergence/runs/square48--T0.05--periodic--n64--muea6fb4469f.json,
square48,0.05,gauss,2,success,0.0028503290377557278,True,0.014877206655450503,0.2020637047830789,4,2.0,1e-13,1e-13,/home/tinkerer/.codex/worktrees/a93c/meanfi/build/periodic-study/convergence/runs/square48--T0.05--gauss--n2--muea6fb4469f.json,
square48,0.05,gauss,3,success,0.00452096201479435,True,0.005182530326585666,0.04190747843410847,9,3.0,1e-13,1e-13,/home/tinkerer/.codex/worktrees/a93c/meanfi/build/periodic-study/convergence/runs/square48--T0.05--gauss--n3--muea6fb4469f.json,
square48,0.05,gauss,4,success,0.007466091774404049,True,0.0036141288440431074,0.013974765378875986,16,4.0,1e-13,1e-13,/home/tinkerer/.codex/worktrees/a93c/meanfi/build/periodic-study/convergence/runs/square48--T0.05--gauss--n4--muea6fb4469f.json,
square48,0.05,gauss,5,success,0.010594401974231005,True,0.001605894386775164,0.000989399014912351,25,5.0,1e-13,1e-13,/home/tinkerer/.codex/worktrees/a93c/meanfi/build/periodic-study/convergence/runs/square48--T0.05--gauss--n5--muea6fb4469f.json,
square48,0.05,gauss,6,success,0.014886841643601656,True,0.0009171519402007,0.015996902614624275,36,6.0,1e-13,1e-13,/home/tinkerer/.codex/worktrees/a93c/meanfi/build/periodic-study/convergence/runs/square48--T0.05--gauss--n6--muea6fb4469f.json,
square48,0.05,gauss,8,success,0.02319824183359742,True,0.0007958433268417386,0.013721510610253063,64,8.0,1e-13,1e-13,/home/tinkerer/.codex/worktrees/a93c/meanfi/build/periodic-study/convergence/runs/square48--T0.05--gauss--n8--muea6fb4469f.json,
square48,0.05,gauss,10,success,0.034208156168460846,True,0.00025158419876197824,0.0018430645395746126,100,10.0,1e-13,1e-13,/home/tinkerer/.codex/worktrees/a93c/meanfi/build/periodic-study/convergence/runs/square48--T0.05--gauss--n10--muea6fb4469f.json,
square48,0.05,gauss,12,success,0.0820496897213161,True,6.030882019025796e-05,0.000572727629670311,144,12.0,1e-13,1e-13,/home/tinkerer/.codex/worktrees/a93c/meanfi/build/periodic-study/convergence/runs/square48--T0.05--gauss--n12--muea6fb4469f.json,
square48,0.05,gauss,16,success,0.08449568599462509,True,2.0845014040926646e-05,0.00029445978321263055,256,16.0,1e-13,1e-13,/home/tinkerer/.codex/worktrees/a93c/meanfi/build/periodic-study/convergence/runs/square48--T0.05--gauss--n16--muea6fb4469f.json,
square48,0.05,gauss,20,success,0.12565994169563055,True,3.086109292782524e-06,5.744240717930893e-05,400,20.0,1e-13,1e-13,/home/tinkerer/.codex/worktrees/a93c/meanfi/build/periodic-study/convergence/runs/square48--T0.05--gauss--n20--muea6fb4469f.json,
square48,0.05,gauss,24,success,0.18118390021845698,True,3.616811910522877e-07,5.490027959353938e-06,576,24.0,1e-13,1e-13,/home/tinkerer/.codex/worktrees/a93c/meanfi/build/periodic-study/convergence/runs/square48--T0.05--gauss--n24--muea6fb4469f.json,
square48,0.05,gauss,32,success,0.3182858400978148,True,8.601064915847445e-09,8.230688308685785e-08,1024,32.0,1e-13,1e-13,/home/tinkerer/.codex/worktrees/a93c/meanfi/build/periodic-study/convergence/runs/square48--T0.05--gauss--n32--muea6fb4469f.json,
square48,0.05,gauss,40,success,0.49776231683790684,True,5.480058629103723e-10,2.2763870788367058e-09,1600,40.0,1e-13,1e-13,/home/tinkerer/.codex/worktrees/a93c/meanfi/build/periodic-study/convergence/runs/square48--T0.05--gauss--n40--muea6fb4469f.json,
square48,0.05,gauss,48,success,0.7169555583968759,True,3.0522306904146035e-11,5.005276193514874e-10,2304,48.0,1e-13,1e-13,/home/tinkerer/.codex/worktrees/a93c/meanfi/build/periodic-study/convergence/runs/square48--T0.05--gauss--n48--muea6fb4469f.json,
square48,0.05,gauss,64,success,1.269541546702385,True,4.64073224293332e-14,2.948752353404416e-13,4096,64.0,1e-13,1e-13,/home/tinkerer/.codex/worktrees/a93c/meanfi/build/periodic-study/convergence/runs/square48--T0.05--gauss--n64--muea6fb4469f.json,
square48,0.05,clenshaw-curtis,2,success,0.004472529981285334,True,0.012872027955305787,0.06178778445824307,9,3.0,1e-13,1e-13,/home/tinkerer/.codex/worktrees/a93c/meanfi/build/periodic-study/convergence/runs/square48--T0.05--clenshaw-curtis--n2--muea6fb4469f.json,
square48,0.05,clenshaw-curtis,3,success,0.007220454979687929,True,0.01109781235912749,0.17606807526785673,16,4.0,1e-13,1e-13,/home/tinkerer/.codex/worktrees/a93c/meanfi/build/periodic-study/convergence/runs/square48--T0.05--clenshaw-curtis--n3--muea6fb4469f.json,
square48,0.05,clenshaw-curtis,4,success,0.010749494656920433,True,0.005254799112159814,0.08002289729105883,25,5.0,1e-13,1e-13,/home/tinkerer/.codex/worktrees/a93c/meanfi/build/periodic-study/convergence/runs/square48--T0.05--clenshaw-curtis--n4--muea6fb4469f.json,
square48,0.05,clenshaw-curtis,5,success,0.014717013109475374,True,0.0024644391927562403,0.012486281920541131,36,6.0,1e-13,1e-13,/home/tinkerer/.codex/worktrees/a93c/meanfi/build/periodic-study/convergence/runs/square48--T0.05--clenshaw-curtis--n5--muea6fb4469f.json,
square48,0.05,clenshaw-curtis,6,success,0.018079613335430622,True,0.0014335042820169397,0.026567512283893535,49,7.0,1e-13,1e-13,/home/tinkerer/.codex/worktrees/a93c/meanfi/build/periodic-study/convergence/runs/square48--T0.05--clenshaw-curtis--n6--muea6fb4469f.json,
square48,0.05,clenshaw-curtis,8,success,0.028282557148486376,True,0.0007727425609364014,0.013923742766518643,81,9.0,1e-13,1e-13,/home/tinkerer/.codex/worktrees/a93c/meanfi/build/periodic-study/convergence/runs/square48--T0.05--clenshaw-curtis--n8--muea6fb4469f.json,
square48,0.05,clenshaw-curtis,10,success,0.0397205650806427,True,0.0003141169559376933,0.0007757112155992729,121,11.0,1e-13,1e-13,/home/tinkerer/.codex/worktrees/a93c/meanfi/build/periodic-study/convergence/runs/square48--T0.05--clenshaw-curtis--n10--muea6fb4469f.json,
square48,0.05,clenshaw-curtis,12,success,0.05555890779942274,True,8.298291697206306e-05,0.001403107016340499,169,13.0,1e-13,1e-13,/home/tinkerer/.codex/worktrees/a93c/meanfi/build/periodic-study/convergence/runs/square48--T0.05--clenshaw-curtis--n12--muea6fb4469f.json,
square48,0.05,clenshaw-curtis,16,success,0.09360650274902582,True,2.7456973232475868e-05,0.00042379914341594827,289,17.0,1e-13,1e-13,/home/tinkerer/.codex/worktrees/a93c/meanfi/build/periodic-study/convergence/runs/square48--T0.05--clenshaw-curtis--n16--muea6fb4469f.json,
square48,0.05,clenshaw-curtis,20,success,0.24278757069259882,True,3.7002967639976347e-06,6.62088500789082e-05,441,21.0,1e-13,1e-13,/home/tinkerer/.codex/worktrees/a93c/meanfi/build/periodic-study/convergence/runs/square48--T0.05--clenshaw-curtis--n20--muea6fb4469f.json,
square48,0.05,clenshaw-curtis,24,success,0.19360789004713297,True,3.6884017678984193e-07,3.860773531982886e-06,625,25.0,1e-13,1e-13,/home/tinkerer/.codex/worktrees/a93c/meanfi/build/periodic-study/convergence/runs/square48--T0.05--clenshaw-curtis--n24--muea6fb4469f.json,
square48,0.05,clenshaw-curtis,32,success,0.3404550510458648,True,9.479052098804175e-09,5.3601070248987526e-08,1089,33.0,1e-13,1e-13,/home/tinkerer/.codex/worktrees/a93c/meanfi/build/periodic-study/convergence/runs/square48--T0.05--clenshaw-curtis--n32--muea6fb4469f.json,
square48,0.05,clenshaw-curtis,40,success,0.5250255758874118,True,6.312368405758662e-10,2.0112267407057516e-09,1681,41.0,1e-13,1e-13,/home/tinkerer/.codex/worktrees/a93c/meanfi/build/periodic-study/convergence/runs/square48--T0.05--clenshaw-curtis--n40--muea6fb4469f.json,
square48,0.05,clenshaw-curtis,48,success,0.7422752808779478,True,3.306976914529969e-11,4.610605230936926e-10,2401,49.0,1e-13,1e-13,/home/tinkerer/.codex/worktrees/a93c/meanfi/build/periodic-study/convergence/runs/square48--T0.05--clenshaw-curtis--n48--muea6fb4469f.json,
square48,0.05,clenshaw-curtis,64,success,1.2965867761522532,True,8.226752612472713e-14,1.7763568394002505e-13,4225,65.0,1e-13,1e-13,/home/tinkerer/.codex/worktrees/a93c/meanfi/build/periodic-study/convergence/runs/square48--T0.05--clenshaw-curtis--n64--muea6fb4469f.json,
square48,0.05,gm,0.01,success,0.3437725310213864,True,3.362945765306158e-05,0.0005075521038371278,1173,34.249087579087416,1e-13,1e-13,/home/tinkerer/.codex/worktrees/a93c/meanfi/build/periodic-study/convergence/runs/square48--T0.05--gm--e0.01--muea6fb4469f.json,
square48,0.05,gm,0.001,success,1.856552034150809,True,1.487204142058829e-07,2.314460282093478e-06,4097,64.00781202322104,1e-13,1e-13,/home/tinkerer/.codex/worktrees/a93c/meanfi/build/periodic-study/convergence/runs/square48--T0.05--gm--e0.001--muea6fb4469f.json,
square48,0.05,gm,0.0001,success,2.3085875678807497,True,4.223337235487179e-10,6.089344140036701e-09,8041,89.67162315916892,1e-13,1e-13,/home/tinkerer/.codex/worktrees/a93c/meanfi/build/periodic-study/convergence/runs/square48--T0.05--gm--e0.0001--muea6fb4469f.json,
square48,0.05,gm,1e-05,success,5.829594359267503,True,2.4295032652332793e-10,1.9353514346676093e-09,18173,134.80726983364065,1e-13,1e-13,/home/tinkerer/.codex/worktrees/a93c/meanfi/build/periodic-study/convergence/runs/square48--T0.05--gm--e1e-05--muea6fb4469f.json,
square48,0.05,gm,1e-06,success,13.55668525584042,True,3.806566173381043e-12,8.499512205162318e-11,47617,218.2131985009156,1e-13,1e-13,/home/tinkerer/.codex/worktrees/a93c/meanfi/build/periodic-study/convergence/runs/square48--T0.05--gm--e1e-06--muea6fb4469f.json,
square48,0.05,gm,1e-07,success,23.6173581359908,True,3.793076963631879e-13,6.689759857181343e-12,82365,286.99303127428027,1e-13,1e-13,/home/tinkerer/.codex/worktrees/a93c/meanfi/build/periodic-study/convergence/runs/square48--T0.05--gm--e1e-07--muea6fb4469f.json,
square48,0.05,gk21,0.01,success,0.14059296576306224,True,2.4836771769232158e-06,4.981509811230467e-05,441,21.0,1e-13,1e-13,/home/tinkerer/.codex/worktrees/a93c/meanfi/build/periodic-study/convergence/runs/square48--T0.05--gk21--e0.01--muea6fb4469f.json,
square48,0.05,gk21,0.001,success,0.6844573048874736,True,5.726704110919911e-10,1.2864141751833813e-08,2205,46.95742752749558,1e-13,1e-13,/home/tinkerer/.codex/worktrees/a93c/meanfi/build/periodic-study/convergence/runs/square48--T0.05--gk21--e0.001--muea6fb4469f.json,
square48,0.05,gk21,0.0001,success,1.781851719133556,True,3.4840064166985485e-10,7.540634783254063e-09,5733,75.71657678474378,1e-13,1e-13,/home/tinkerer/.codex/worktrees/a93c/meanfi/build/periodic-study/convergence/runs/square48--T0.05--gk21--e0.0001--muea6fb4469f.json,
square48,0.05,gk21,1e-05,success,2.86244548112154,True,2.1094237474524865e-15,2.1316282072803006e-14,9261,96.23408959407264,1e-13,1e-13,/home/tinkerer/.codex/worktrees/a93c/meanfi/build/periodic-study/convergence/runs/square48--T0.05--gk21--e1e-05--muea6fb4469f.json,
square48,0.05,gk21,1e-06,success,3.4473906331695616,True,2.164934898666701e-15,2.4868995751603507e-14,9261,96.23408959407264,1e-13,1e-13,/home/tinkerer/.codex/worktrees/a93c/meanfi/build/periodic-study/convergence/runs/square48--T0.05--gk21--e1e-06--muea6fb4469f.json,
square48,0.05,gk21,1e-07,success,6.15231365384534,True,6.106226655497104e-16,7.105427357601002e-15,19845,140.87228258248675,1e-13,1e-13,/home/tinkerer/.codex/worktrees/a93c/meanfi/build/periodic-study/convergence/runs/square48--T0.05--gk21--e1e-07--muea6fb4469f.json,
square48,0.01,periodic,2,success,0.0026541142724454403,True,0.014500910969552583,0.07582775803351183,4,2.0,8.713007576362833e-09,4.0837733195076e-09,/home/tinkerer/.codex/worktrees/a93c/meanfi/build/periodic-study/convergence/runs/square48--T0.01--periodic--n2--mub09a5f40c9.json,
square48,0.01,periodic,3,success,0.004448816180229187,True,0.011566944775030341,0.17845309501288042,9,3.0,8.713007576362833e-09,4.0837733195076e-09,/home/tinkerer/.codex/worktrees/a93c/meanfi/build/periodic-study/convergence/runs/square48--T0.01--periodic--n3--mub09a5f40c9.json,
square48,0.01,periodic,4,success,0.012810893822461367,True,0.0055153171321861705,0.06720506041615337,16,4.0,8.713007576362833e-09,4.0837733195076e-09,/home/tinkerer/.codex/worktrees/a93c/meanfi/build/periodic-study/convergence/runs/square48--T0.01--periodic--n4--mub09a5f40c9.json,
square48,0.01,periodic,5,success,0.010803220327943563,True,0.006121666038047202,0.14561866445686533,25,5.0,8.713007576362833e-09,4.0837733195076e-09,/home/tinkerer/.codex/worktrees/a93c/meanfi/build/periodic-study/convergence/runs/square48--T0.01--periodic--n5--mub09a5f40c9.json,
square48,0.01,periodic,6,success,0.01465710997581482,True,0.0022752750238507757,0.007158966761625862,36,6.0,8.713007576362833e-09,4.0837733195076e-09,/home/tinkerer/.codex/worktrees/a93c/meanfi/build/periodic-study/convergence/runs/square48--T0.01--periodic--n6--mub09a5f40c9.json,
square48,0.01,periodic,8,success,0.022710626013576984,True,0.0009982146166605532,0.007272498664914195,64,8.0,8.713007576362833e-09,4.0837733195076e-09,/home/tinkerer/.codex/worktrees/a93c/meanfi/build/periodic-study/convergence/runs/square48--T0.01--periodic--n8--mub09a5f40c9.json,
square48,0.01,periodic,10,success,0.03425703477114439,True,0.0012112911527926151,0.015717495129845105,100,10.0,8.713007576362833e-09,4.0837733195076e-09,/home/tinkerer/.codex/worktrees/a93c/meanfi/build/periodic-study/convergence/runs/square48--T0.01--periodic--n10--mub09a5f40c9.json,
square48,0.01,periodic,12,success,0.048151273280382156,True,0.00045793912170105644,0.005833689126863106,144,12.0,8.713007576362833e-09,4.0837733195076e-09,/home/tinkerer/.codex/worktrees/a93c/meanfi/build/periodic-study/convergence/runs/square48--T0.01--periodic--n12--mub09a5f40c9.json,
square48,0.01,periodic,16,success,0.08430015202611685,True,0.00017936313837590978,0.00365631533927413,256,16.0,8.713007576362833e-09,4.0837733195076e-09,/home/tinkerer/.codex/worktrees/a93c/meanfi/build/periodic-study/convergence/runs/square48--T0.01--periodic--n16--mub09a5f40c9.json,
square48,0.01,periodic,20,success,0.12445458397269249,True,0.00012090300099332207,0.0016356622170725643,400,20.0,8.713007576362833e-09,4.0837733195076e-09,/home/tinkerer/.codex/worktrees/a93c/meanfi/build/periodic-study/convergence/runs/square48--T0.01--periodic--n20--mub09a5f40c9.json,
square48,0.01,periodic,24,success,0.18082374520599842,True,4.3465658367991544e-05,0.00019843582892775657,576,24.0,8.713007576362833e-09,4.0837733195076e-09,/home/tinkerer/.codex/worktrees/a93c/meanfi/build/periodic-study/convergence/runs/square48--T0.01--periodic--n24--mub09a5f40c9.json,
square48,0.01,periodic,32,success,0.32949546398594975,True,1.1315573567316495e-05,0.00010778243485631833,1024,32.0,8.713007576362833e-09,4.0837733195076e-09,/home/tinkerer/.codex/worktrees/a93c/meanfi/build/periodic-study/convergence/runs/square48--T0.01--periodic--n32--mub09a5f40c9.json,
square48,0.01,periodic,40,success,0.5034714341163635,True,6.619096475535269e-06,9.988328400112323e-05,1600,40.0,8.713007576362833e-09,4.0837733195076e-09,/home/tinkerer/.codex/worktrees/a93c/meanfi/build/periodic-study/convergence/runs/square48--T0.01--periodic--n40--mub09a5f40c9.json,
square48,0.01,periodic,48,success,0.71560238301754,True,7.379023360121195e-07,8.080141260080609e-06,2304,48.0,8.713007576362833e-09,4.0837733195076e-09,/home/tinkerer/.codex/worktrees/a93c/meanfi/build/periodic-study/convergence/runs/square48--T0.01--periodic--n48--mub09a5f40c9.json,
square48,0.01,periodic,64,success,1.2722145058214664,True,8.069020474010813e-08,2.803569287834762e-07,4096,64.0,8.713007576362833e-09,4.0837733195076e-09,/home/tinkerer/.codex/worktrees/a93c/meanfi/build/periodic-study/convergence/runs/square48--T0.01--periodic--n64--mub09a5f40c9.json,
square48,0.01,periodic,96,success,2.8447312959469855,True,2.3357671352641773e-09,4.112158435987112e-08,9216,96.0,8.713007576362833e-09,4.0837733195076e-09,/home/tinkerer/.codex/worktrees/a93c/meanfi/build/periodic-study/convergence/runs/square48--T0.01--periodic--n96--mub09a5f40c9.json,
square48,0.01,periodic,128,success,5.073002372868359,True,2.9375724075464404e-11,5.399343194767425e-10,16384,128.0,8.713007576362833e-09,4.0837733195076e-09,/home/tinkerer/.codex/worktrees/a93c/meanfi/build/periodic-study/convergence/runs/square48--T0.01--periodic--n128--mub09a5f40c9.json,
square48,0.01,gauss,2,success,0.002889357041567564,True,0.01355146845165578,0.08882617641746648,4,2.0,8.713007576362833e-09,4.0837733195076e-09,/home/tinkerer/.codex/worktrees/a93c/meanfi/build/periodic-study/convergence/runs/square48--T0.01--gauss--n2--mub09a5f40c9.json,
square48,0.01,gauss,3,success,0.004629119299352169,True,0.009223422838513795,0.02696398649157672,9,3.0,8.713007576362833e-09,4.0837733195076e-09,/home/tinkerer/.codex/worktrees/a93c/meanfi/build/periodic-study/convergence/runs/square48--T0.01--gauss--n3--mub09a5f40c9.json,
square48,0.01,gauss,4,success,0.007413947954773903,True,0.008278236953592422,0.010132231414548443,16,4.0,8.713007576362833e-09,4.0837733195076e-09,/home/tinkerer/.codex/worktrees/a93c/meanfi/build/periodic-study/convergence/runs/square48--T0.01--gauss--n4--mub09a5f40c9.json,
square48,0.01,gauss,5,success,0.011770667973905802,True,0.004143914373725521,0.028021027347531202,25,5.0,8.713007576362833e-09,4.0837733195076e-09,/home/tinkerer/.codex/worktrees/a93c/meanfi/build/periodic-study/convergence/runs/square48--T0.01--gauss--n5--mub09a5f40c9.json,
square48,0.01,gauss,6,success,0.014768877066671848,True,0.0034886048783976387,0.028406929619087862,36,6.0,8.713007576362833e-09,4.0837733195076e-09,/home/tinkerer/.codex/worktrees/a93c/meanfi/build/periodic-study/convergence/runs/square48--T0.01--gauss--n6--mub09a5f40c9.json,
square48,0.01,gauss,8,success,0.023098140954971313,True,0.005041762728719257,0.08808060969865039,64,8.0,8.713007576362833e-09,4.0837733195076e-09,/home/tinkerer/.codex/worktrees/a93c/meanfi/build/periodic-study/convergence/runs/square48--T0.01--gauss--n8--mub09a5f40c9.json,
square48,0.01,gauss,10,success,0.03463188512250781,True,0.0018524566985017032,0.004999045854994222,100,10.0,8.713007576362833e-09,4.0837733195076e-09,/home/tinkerer/.codex/worktrees/a93c/meanfi/build/periodic-study/convergence/runs/square48--T0.01--gauss--n10--mub09a5f40c9.json,
square48,0.01,gauss,12,success,0.047609210945665836,True,0.0008160776174390427,0.01066421100170345,144,12.0,8.713007576362833e-09,4.0837733195076e-09,/home/tinkerer/.codex/worktrees/a93c/meanfi/build/periodic-study/convergence/runs/square48--T0.01--gauss--n12--mub09a5f40c9.json,
square48,0.01,gauss,16,success,0.08396096993237734,True,0.0008049134841207617,0.009945194553321102,256,16.0,8.713007576362833e-09,4.0837733195076e-09,/home/tinkerer/.codex/worktrees/a93c/meanfi/build/periodic-study/convergence/runs/square48--T0.01--gauss--n16--mub09a5f40c9.json,
square48,0.01,gauss,20,success,0.12606139574199915,True,0.0003524973544103971,0.0035788899540776242,400,20.0,8.713007576362833e-09,4.0837733195076e-09,/home/tinkerer/.codex/worktrees/a93c/meanfi/build/periodic-study/convergence/runs/square48--T0.01--gauss--n20--mub09a5f40c9.json,
square48,0.01,gauss,24,success,0.17897547408938408,True,0.00017109171762530462,0.00045440462566403994,576,24.0,8.713007576362833e-09,4.0837733195076e-09,/home/tinkerer/.codex/worktrees/a93c/meanfi/build/periodic-study/convergence/runs/square48--T0.01--gauss--n24--mub09a5f40c9.json,
square48,0.01,gauss,32,success,0.32325722090899944,True,8.925928487329982e-05,0.001445174075957567,1024,32.0,8.713007576362833e-09,4.0837733195076e-09,/home/tinkerer/.codex/worktrees/a93c/meanfi/build/periodic-study/convergence/runs/square48--T0.01--gauss--n32--mub09a5f40c9.json,
square48,0.01,gauss,40,success,0.5001751119270921,True,2.5191949195313423e-05,0.00014362826557245967,1600,40.0,8.713007576362833e-09,4.0837733195076e-09,/home/tinkerer/.codex/worktrees/a93c/meanfi/build/periodic-study/convergence/runs/square48--T0.01--gauss--n40--mub09a5f40c9.json,
square48,0.01,gauss,48,success,0.7130840457975864,True,1.0371236865092115e-05,0.00014602133698460307,2304,48.0,8.713007576362833e-09,4.0837733195076e-09,/home/tinkerer/.codex/worktrees/a93c/meanfi/build/periodic-study/convergence/runs/square48--T0.01--gauss--n48--mub09a5f40c9.json,
square48,0.01,gauss,64,success,1.27551562897861,True,2.5675568349203814e-06,4.5369188683253014e-05,4096,64.0,8.713007576362833e-09,4.0837733195076e-09,/home/tinkerer/.codex/worktrees/a93c/meanfi/build/periodic-study/convergence/runs/square48--T0.01--gauss--n64--mub09a5f40c9.json,
square48,0.01,gauss,96,success,3.591215844731778,True,1.38435498453493e-07,2.59891392317968e-06,9216,96.0,8.713007576362833e-09,4.0837733195076e-09,/home/tinkerer/.codex/worktrees/a93c/meanfi/build/periodic-study/convergence/runs/square48--T0.01--gauss--n96--mub09a5f40c9.json,
square48,0.01,gauss,128,success,5.064859068952501,True,7.090704245982238e-09,7.342910990359997e-08,16384,128.0,8.713007576362833e-09,4.0837733195076e-09,/home/tinkerer/.codex/worktrees/a93c/meanfi/build/periodic-study/convergence/runs/square48--T0.01--gauss--n128--mub09a5f40c9.json,
square48,0.01,clenshaw-curtis,2,success,0.004509325604885817,True,0.012238018540014606,0.005462964652355851,9,3.0,8.713007576362833e-09,4.0837733195076e-09,/home/tinkerer/.codex/worktrees/a93c/meanfi/build/periodic-study/convergence/runs/square48--T0.01--clenshaw-curtis--n2--mub09a5f40c9.json,
square48,0.01,clenshaw-curtis,3,success,0.01272388081997633,True,0.013479012418825626,0.1076087957070122,16,4.0,8.713007576362833e-09,4.0837733195076e-09,/home/tinkerer/.codex/worktrees/a93c/meanfi/build/periodic-study/convergence/runs/square48--T0.01--clenshaw-curtis--n3--mub09a5f40c9.json,
square48,0.01,clenshaw-curtis,4,success,0.010810954961925745,True,0.010823425860230995,0.21104427692608496,25,5.0,8.713007576362833e-09,4.0837733195076e-09,/home/tinkerer/.codex/worktrees/a93c/meanfi/build/periodic-study/convergence/runs/square48--T0.01--clenshaw-curtis--n4--mub09a5f40c9.json,
square48,0.01,clenshaw-curtis,5,success,0.015087377279996872,True,0.007034756217468852,0.05482540834699989,36,6.0,8.713007576362833e-09,4.0837733195076e-09,/home/tinkerer/.codex/worktrees/a93c/meanfi/build/periodic-study/convergence/runs/square48--T0.01--clenshaw-curtis--n5--mub09a5f40c9.json,
square48,0.01,clenshaw-curtis,6,success,0.017706811893731356,True,0.0043480584408196465,0.0336620219514181,49,7.0,8.713007576362833e-09,4.0837733195076e-09,/home/tinkerer/.codex/worktrees/a93c/meanfi/build/periodic-study/convergence/runs/square48--T0.01--clenshaw-curtis--n6--mub09a5f40c9.json,
square48,0.01,clenshaw-curtis,8,success,0.02836792217567563,True,0.0025802284277057774,0.028444183576208815,81,9.0,8.713007576362833e-09,4.0837733195076e-09,/home/tinkerer/.codex/worktrees/a93c/meanfi/build/periodic-study/convergence/runs/square48--T0.01--clenshaw-curtis--n8--mub09a5f40c9.json,
square48,0.01,clenshaw-curtis,10,success,0.03994917217642069,True,0.0024491255160399295,0.029227793271985547,121,11.0,8.713007576362833e-09,4.0837733195076e-09,/home/tinkerer/.codex/worktrees/a93c/meanfi/build/periodic-study/convergence/runs/square48--T0.01--clenshaw-curtis--n10--mub09a5f40c9.json,
square48,0.01,clenshaw-curtis,12,success,0.05571627104654908,True,0.0010354354484800044,0.0003820564496450629,169,13.0,8.713007576362833e-09,4.0837733195076e-09,/home/tinkerer/.codex/worktrees/a93c/meanfi/build/periodic-study/convergence/runs/square48--T0.01--clenshaw-curtis--n12--mub09a5f40c9.json,
square48,0.01,clenshaw-curtis,16,success,0.09317961102351546,True,0.0008380881342625601,0.013582034585077452,289,17.0,8.713007576362833e-09,4.0837733195076e-09,/home/tinkerer/.codex/worktrees/a93c/meanfi/build/periodic-study/convergence/runs/square48--T0.01--clenshaw-curtis--n16--mub09a5f40c9.json,
square48,0.01,clenshaw-curtis,20,success,0.1384961437433958,True,0.0003787870193402987,0.006459193642225358,441,21.0,8.713007576362833e-09,4.0837733195076e-09,/home/tinkerer/.codex/worktrees/a93c/meanfi/build/periodic-study/convergence/runs/square48--T0.01--clenshaw-curtis--n20--mub09a5f40c9.json,
square48,0.01,clenshaw-curtis,24,success,0.19483615504577756,True,0.00016414152000432392,0.0014606891424975288,625,25.0,8.713007576362833e-09,4.0837733195076e-09,/home/tinkerer/.codex/worktrees/a93c/meanfi/build/periodic-study/convergence/runs/square48--T0.01--clenshaw-curtis--n24--mub09a5f40c9.json,
square48,0.01,clenshaw-curtis,32,success,0.33810321101918817,True,0.00011394494140332112,0.001238600826912517,1089,33.0,8.713007576362833e-09,4.0837733195076e-09,/home/tinkerer/.codex/worktrees/a93c/meanfi/build/periodic-study/convergence/runs/square48--T0.01--clenshaw-curtis--n32--mub09a5f40c9.json,
square48,0.01,clenshaw-curtis,40,success,0.9205135321244597,True,2.4775139557120518e-05,0.00033052147326984027,1681,41.0,8.713007576362833e-09,4.0837733195076e-09,/home/tinkerer/.codex/worktrees/a93c/meanfi/build/periodic-study/convergence/runs/square48--T0.01--clenshaw-curtis--n40--mub09a5f40c9.json,
square48,0.01,clenshaw-curtis,48,success,0.7558447606861591,True,8.840300906753917e-06,3.3037760818643847e-05,2401,49.0,8.713007576362833e-09,4.0837733195076e-09,/home/tinkerer/.codex/worktrees/a93c/meanfi/build/periodic-study/convergence/runs/square48--T0.01--clenshaw-curtis--n48--mub09a5f40c9.json,
square48,0.01,clenshaw-curtis,64,success,1.3014348922297359,True,2.432282779241124e-06,3.154076280864615e-05,4225,65.0,8.713007576362833e-09,4.0837733195076e-09,/home/tinkerer/.codex/worktrees/a93c/meanfi/build/periodic-study/convergence/runs/square48--T0.01--clenshaw-curtis--n64--mub09a5f40c9.json,
square48,0.01,clenshaw-curtis,96,success,2.924860440194607,True,1.5925960605844836e-07,3.1002136822166904e-06,9409,97.0,8.713007576362833e-09,4.0837733195076e-09,/home/tinkerer/.codex/worktrees/a93c/meanfi/build/periodic-study/convergence/runs/square48--T0.01--clenshaw-curtis--n96--mub09a5f40c9.json,
square48,0.01,clenshaw-curtis,128,success,5.154844937846065,True,7.13044218114689e-09,7.9963889731971e-08,16641,129.0,8.713007576362833e-09,4.0837733195076e-09,/home/tinkerer/.codex/worktrees/a93c/meanfi/build/periodic-study/convergence/runs/square48--T0.01--clenshaw-curtis--n128--mub09a5f40c9.json,
square48,0.01,gm,0.01,success,2.4489377476274967,True,1.1402136465887835e-05,0.00015541796287976695,8585,92.65527507918802,8.713007576362833e-09,4.0837733195076e-09,/home/tinkerer/.codex/worktrees/a93c/meanfi/build/periodic-study/convergence/runs/square48--T0.01--gm--e0.01--mub09a5f40c9.json,
square48,0.01,gm,0.001,success,6.117658818140626,True,4.555264402350545e-07,5.292894087460809e-06,21369,146.181394164921,8.713007576362833e-09,4.0837733195076e-09,/home/tinkerer/.codex/worktrees/a93c/meanfi/build/periodic-study/convergence/runs/square48--T0.01--gm--e0.001--mub09a5f40c9.json,
square48,0.01,gm,0.0001,success,13.797143331263214,True,1.7805438845552857e-08,2.574061532811811e-07,48229,219.61101975993827,8.713007576362833e-09,4.0837733195076e-09,/home/tinkerer/.codex/worktrees/a93c/meanfi/build/periodic-study/convergence/runs/square48--T0.01--gm--e0.0001--mub09a5f40c9.json,
square48,0.01,gm,1e-05,success,34.26466389093548,True,1.5877194003977024e-10,2.355342587634368e-10,111605,334.07334524023315,8.713007576362833e-09,4.0837733195076e-09,/home/tinkerer/.codex/worktrees/a93c/meanfi/build/periodic-study/convergence/runs/square48--T0.01--gm--e1e-05--mub09a5f40c9.json,
square48,0.01,gm,1e-06,error,38.77599649783224,False,,,,,,,/home/tinkerer/.codex/worktrees/a93c/meanfi/build/periodic-study/convergence/runs/square48--T0.01--gm--e1e-06--mub09a5f40c9.json,error
square48,0.01,gm,1e-07,error,38.765660794917494,False,,,,,,,/home/tinkerer/.codex/worktrees/a93c/meanfi/build/periodic-study/convergence/runs/square48--T0.01--gm--e1e-07--mub09a5f40c9.json,error
square48,0.01,gk21,0.01,success,0.14066303614526987,True,0.00044692895841919045,0.007082143365728655,441,21.0,8.713007576362833e-09,4.0837733195076e-09,/home/tinkerer/.codex/worktrees/a93c/meanfi/build/periodic-study/convergence/runs/square48--T0.01--gk21--e0.01--mub09a5f40c9.json,
square48,0.01,gk21,0.001,success,6.681001414079219,True,9.820660025260037e-08,8.62494253794921e-07,21609,147.0,8.713007576362833e-09,4.0837733195076e-09,/home/tinkerer/.codex/worktrees/a93c/meanfi/build/periodic-study/convergence/runs/square48--T0.01--gk21--e0.001--mub09a5f40c9.json,
square48,0.01,gk21,0.0001,success,11.615528643131256,True,2.651889263738383e-10,4.2552343870738696e-09,37485,193.61043360315063,8.713007576362833e-09,4.0837733195076e-09,/home/tinkerer/.codex/worktrees/a93c/meanfi/build/periodic-study/convergence/runs/square48--T0.01--gk21--e0.0001--mub09a5f40c9.json,
square48,0.01,gk21,1e-05,success,18.675937029067427,True,4.760969396500059e-12,5.512745815394737e-11,60417,245.79869812511214,8.713007576362833e-09,4.0837733195076e-09,/home/tinkerer/.codex/worktrees/a93c/meanfi/build/periodic-study/convergence/runs/square48--T0.01--gk21--e1e-05--mub09a5f40c9.json,
square48,0.01,gk21,1e-06,success,31.784744310192764,True,6.580846978465615e-13,8.803624496067641e-12,102753,320.55108797194873,8.713007576362833e-09,4.0837733195076e-09,/home/tinkerer/.codex/worktrees/a93c/meanfi/build/periodic-study/convergence/runs/square48--T0.01--gk21--e1e-06--mub09a5f40c9.json,
square48,0.01,gk21,1e-07,success,43.648683100007474,True,7.85482789922299e-14,1.3535839116229909e-12,141561,376.2459302105473,8.713007576362833e-09,4.0837733195076e-09,/home/tinkerer/.codex/worktrees/a93c/meanfi/build/periodic-study/convergence/runs/square48--T0.01--gk21--e1e-07--mub09a5f40c9.json,
anisotropic48,0.05,periodic,2,success,0.002822988200932741,True,0.0220039970891886,0.6369741482331293,4,2.0,1e-13,1.0658141036401503e-13,/home/tinkerer/.codex/worktrees/a93c/meanfi/build/periodic-study/convergence/runs/anisotropic48--T0.05--periodic--n2--mu248d14bf75.json,
anisotropic48,0.05,periodic,3,success,0.0051933699287474155,True,0.01915068840022427,0.6223590001539137,9,3.0,1e-13,1.0658141036401503e-13,/home/tinkerer/.codex/worktrees/a93c/meanfi/build/periodic-study/convergence/runs/anisotropic48--T0.05--periodic--n3--mu248d14bf75.json,
anisotropic48,0.05,periodic,4,success,0.007219110149890184,True,0.01399733491568611,0.46594986070953937,16,4.0,1e-13,1.0658141036401503e-13,/home/tinkerer/.codex/worktrees/a93c/meanfi/build/periodic-study/convergence/runs/anisotropic48--T0.05--periodic--n4--mu248d14bf75.json,
anisotropic48,0.05,periodic,5,success,0.011209724936634302,True,0.005924523790781547,0.07260484023721503,25,5.0,1e-13,1.0658141036401503e-13,/home/tinkerer/.codex/worktrees/a93c/meanfi/build/periodic-study/convergence/runs/anisotropic48--T0.05--periodic--n5--mu248d14bf75.json,
anisotropic48,0.05,periodic,6,success,0.014774476177990437,True,0.003597471506074479,0.12440750159604974,36,6.0,1e-13,1.0658141036401503e-13,/home/tinkerer/.codex/worktrees/a93c/meanfi/build/periodic-study/convergence/runs/anisotropic48--T0.05--periodic--n6--mu248d14bf75.json,
anisotropic48,0.05,periodic,8,success,0.02269722707569599,True,0.001215014560480121,0.015067240858535058,64,8.0,1e-13,1.0658141036401503e-13,/home/tinkerer/.codex/worktrees/a93c/meanfi/build/periodic-study/convergence/runs/anisotropic48--T0.05--periodic--n8--mu248d14bf75.json,
anisotropic48,0.05,periodic,10,success,0.03465688368305564,True,0.000495403327074026,0.0024247497153027098,100,10.0,1e-13,1.0658141036401503e-13,/home/tinkerer/.codex/worktrees/a93c/meanfi/build/periodic-study/convergence/runs/anisotropic48--T0.05--periodic--n10--mu248d14bf75.json,
anisotropic48,0.05,periodic,12,success,0.0475865607149899,True,0.00011115404079724105,0.00038241521375681486,144,12.0,1e-13,1.0658141036401503e-13,/home/tinkerer/.codex/worktrees/a93c/meanfi/build/periodic-study/convergence/runs/anisotropic48--T0.05--periodic--n12--mu248d14bf75.json,
anisotropic48,0.05,periodic,16,success,0.08890923671424389,True,2.3718357875956997e-05,0.0005925963584694216,256,16.0,1e-13,1.0658141036401503e-13,/home/tinkerer/.codex/worktrees/a93c/meanfi/build/periodic-study/convergence/runs/anisotropic48--T0.05--periodic--n16--mu248d14bf75.json,
anisotropic48,0.05,periodic,20,success,0.12603852478787303,True,2.625281988798654e-06,1.899294515794736e-05,400,20.0,1e-13,1.0658141036401503e-13,/home/tinkerer/.codex/worktrees/a93c/meanfi/build/periodic-study/convergence/runs/anisotropic48--T0.05--periodic--n20--mu248d14bf75.json,
anisotropic48,0.05,periodic,24,success,0.178732983302325,True,3.164893107865385e-07,4.806202262841452e-07,576,24.0,1e-13,1.0658141036401503e-13,/home/tinkerer/.codex/worktrees/a93c/meanfi/build/periodic-study/convergence/runs/anisotropic48--T0.05--periodic--n24--mu248d14bf75.json,
anisotropic48,0.05,periodic,32,success,0.3248528242111206,True,5.755293324381794e-09,7.970488269393172e-08,1024,32.0,1e-13,1.0658141036401503e-13,/home/tinkerer/.codex/worktrees/a93c/meanfi/build/periodic-study/convergence/runs/anisotropic48--T0.05--periodic--n32--mu248d14bf75.json,
anisotropic48,0.05,periodic,40,success,0.5263227326795459,True,1.8272794388707325e-10,2.180168934273752e-09,1600,40.0,1e-13,1.0658141036401503e-13,/home/tinkerer/.codex/worktrees/a93c/meanfi/build/periodic-study/convergence/runs/anisotropic48--T0.05--periodic--n40--mu248d14bf75.json,
anisotropic48,0.05,periodic,48,success,0.7266888809390366,True,2.4105717422173748e-12,2.8780533511962858e-11,2304,48.0,1e-13,1.0658141036401503e-13,/home/tinkerer/.codex/worktrees/a93c/meanfi/build/periodic-study/convergence/runs/anisotropic48--T0.05--periodic--n48--mu248d14bf75.json,
anisotropic48,0.05,periodic,64,success,1.265001697000116,True,1.3322676309060417e-15,2.842170943040401e-14,4096,64.0,1e-13,1.0658141036401503e-13,/home/tinkerer/.codex/worktrees/a93c/meanfi/build/periodic-study/convergence/runs/anisotropic48--T0.05--periodic--n64--mu248d14bf75.json,
anisotropic48,0.05,gauss,2,success,0.0028079221956431866,True,0.0307571510616671,0.5437340968389002,4,2.0,1e-13,1.0658141036401503e-13,/home/tinkerer/.codex/worktrees/a93c/meanfi/build/periodic-study/convergence/runs/anisotropic48--T0.05--gauss--n2--mu248d14bf75.json,
anisotropic48,0.05,gauss,3,success,0.004628658294677734,True,0.027195055954911507,0.93316877854868,9,3.0,1e-13,1.0658141036401503e-13,/home/tinkerer/.codex/worktrees/a93c/meanfi/build/periodic-study/convergence/runs/anisotropic48--T0.05--gauss--n3--mu248d14bf75.json,
anisotropic48,0.05,gauss,4,success,0.007512936368584633,True,0.016179781778684565,0.5136050228600944,16,4.0,1e-13,1.0658141036401503e-13,/home/tinkerer/.codex/worktrees/a93c/meanfi/build/periodic-study/convergence/runs/anisotropic48--T0.05--gauss--n4--mu248d14bf75.json,
anisotropic48,0.05,gauss,5,success,0.01105514308437705,True,0.007705997258779129,0.14149613834766583,25,5.0,1e-13,1.0658141036401503e-13,/home/tinkerer/.codex/worktrees/a93c/meanfi/build/periodic-study/convergence/runs/anisotropic48--T0.05--gauss--n5--mu248d14bf75.json,
anisotropic48,0.05,gauss,6,success,0.014890592079609632,True,0.0071916363927849725,0.26209074365473484,36,6.0,1e-13,1.0658141036401503e-13,/home/tinkerer/.codex/worktrees/a93c/meanfi/build/periodic-study/convergence/runs/anisotropic48--T0.05--gauss--n6--mu248d14bf75.json,
anisotropic48,0.05,gauss,8,success,0.03969992930069566,True,0.002169493890620263,0.049180690627832035,64,8.0,1e-13,1.0658141036401503e-13,/home/tinkerer/.codex/worktrees/a93c/meanfi/build/periodic-study/convergence/runs/anisotropic48--T0.05--gauss--n8--mu248d14bf75.json,
anisotropic48,0.05,gauss,10,success,0.03486290201544762,True,0.0012781072980054767,0.009148876297430775,100,10.0,1e-13,1.0658141036401503e-13,/home/tinkerer/.codex/worktrees/a93c/meanfi/build/periodic-study/convergence/runs/anisotropic48--T0.05--gauss--n10--mu248d14bf75.json,
anisotropic48,0.05,gauss,12,success,0.0471149398945272,True,0.0005263143471169584,0.00576755750799407,144,12.0,1e-13,1.0658141036401503e-13,/home/tinkerer/.codex/worktrees/a93c/meanfi/build/periodic-study/convergence/runs/anisotropic48--T0.05--gauss--n12--mu248d14bf75.json,
anisotropic48,0.05,gauss,16,success,0.08472910709679127,True,0.0001248256272695092,0.0032991737689584966,256,16.0,1e-13,1.0658141036401503e-13,/home/tinkerer/.codex/worktrees/a93c/meanfi/build/periodic-study/convergence/runs/anisotropic48--T0.05--gauss--n16--mu248d14bf75.json,
anisotropic48,0.05,gauss,20,success,0.12665909389033914,True,1.4314344302435167e-05,0.00013244227735143,400,20.0,1e-13,1.0658141036401503e-13,/home/tinkerer/.codex/worktrees/a93c/meanfi/build/periodic-study/convergence/runs/anisotropic48--T0.05--gauss--n20--mu248d14bf75.json,
anisotropic48,0.05,gauss,24,success,0.18086988804861903,True,6.003074631388827e-06,0.00011656677603255616,576,24.0,1e-13,1.0658141036401503e-13,/home/tinkerer/.codex/worktrees/a93c/meanfi/build/periodic-study/convergence/runs/anisotropic48--T0.05--gauss--n24--mu248d14bf75.json,
anisotropic48,0.05,gauss,32,success,0.3198930970393121,True,2.8018984229299937e-07,3.961544166486419e-06,1024,32.0,1e-13,1.0658141036401503e-13,/home/tinkerer/.codex/worktrees/a93c/meanfi/build/periodic-study/convergence/runs/anisotropic48--T0.05--gauss--n32--mu248d14bf75.json,
anisotropic48,0.05,gauss,40,success,0.49504453176632524,True,1.4667412950863934e-08,3.103916270674745e-07,1600,40.0,1e-13,1.0658141036401503e-13,/home/tinkerer/.codex/worktrees/a93c/meanfi/build/periodic-study/convergence/runs/anisotropic48--T0.05--gauss--n40--mu248d14bf75.json,
anisotropic48,0.05,gauss,48,success,0.7157070408575237,True,5.517281076450331e-10,6.054097667629321e-09,2304,48.0,1e-13,1.0658141036401503e-13,/home/tinkerer/.codex/worktrees/a93c/meanfi/build/periodic-study/convergence/runs/anisotropic48--T0.05--gauss--n48--mu248d14bf75.json,
anisotropic48,0.05,gauss,64,success,1.2766082929447293,True,1.076250200071628e-12,5.453415496958769e-12,4096,64.0,1e-13,1.0658141036401503e-13,/home/tinkerer/.codex/worktrees/a93c/meanfi/build/periodic-study/convergence/runs/anisotropic48--T0.05--gauss--n64--mu248d14bf75.json,
anisotropic48,0.05,clenshaw-curtis,2,success,0.004514959640800953,True,0.0226423896805244,0.6951572972608773,9,3.0,1e-13,1.0658141036401503e-13,/home/tinkerer/.codex/worktrees/a93c/meanfi/build/periodic-study/convergence/runs/anisotropic48--T0.05--clenshaw-curtis--n2--mu248d14bf75.json,
anisotropic48,0.05,clenshaw-curtis,3,success,0.007386433891952038,True,0.030050251344770518,0.8797385764408396,16,4.0,1e-13,1.0658141036401503e-13,/home/tinkerer/.codex/worktrees/a93c/meanfi/build/periodic-study/convergence/runs/anisotropic48--T0.05--clenshaw-curtis--n3--mu248d14bf75.json,
anisotropic48,0.05,clenshaw-curtis,4,success,0.010445704218000174,True,0.02503046926301189,0.9561639982517498,25,5.0,1e-13,1.0658141036401503e-13,/home/tinkerer/.codex/worktrees/a93c/meanfi/build/periodic-study/convergence/runs/anisotropic48--T0.05--clenshaw-curtis--n4--mu248d14bf75.json,
anisotropic48,0.05,clenshaw-curtis,5,success,0.015066024847328663,True,0.008264205032904981,0.16325103790362405,36,6.0,1e-13,1.0658141036401503e-13,/home/tinkerer/.codex/worktrees/a93c/meanfi/build/periodic-study/convergence/runs/anisotropic48--T0.05--clenshaw-curtis--n5--mu248d14bf75.json,
anisotropic48,0.05,clenshaw-curtis,6,success,0.01812048815190792,True,0.009070884905089283,0.2925274510488691,49,7.0,1e-13,1.0658141036401503e-13,/home/tinkerer/.codex/worktrees/a93c/meanfi/build/periodic-study/convergence/runs/anisotropic48--T0.05--clenshaw-curtis--n6--mu248d14bf75.json,
anisotropic48,0.05,clenshaw-curtis,8,success,0.02783440798521042,True,0.002903518254129449,0.015011781417236136,81,9.0,1e-13,1.0658141036401503e-13,/home/tinkerer/.codex/worktrees/a93c/meanfi/build/periodic-study/convergence/runs/anisotropic48--T0.05--clenshaw-curtis--n8--mu248d14bf75.json,
anisotropic48,0.05,clenshaw-curtis,10,success,0.0403524162247777,True,0.001503796928744824,0.025049115525515475,121,11.0,1e-13,1.0658141036401503e-13,/home/tinkerer/.codex/worktrees/a93c/meanfi/build/periodic-study/convergence/runs/anisotropic48--T0.05--clenshaw-curtis--n10--mu248d14bf75.json,
anisotropic48,0.05,clenshaw-curtis,12,success,0.054890607949346304,True,0.0005948868458202699,0.0058074203484217435,169,13.0,1e-13,1.0658141036401503e-13,/home/tinkerer/.codex/worktrees/a93c/meanfi/build/periodic-study/convergence/runs/anisotropic48--T0.05--clenshaw-curtis--n12--mu248d14bf75.json,
anisotropic48,0.05,clenshaw-curtis,16,success,0.16036234702914953,True,0.00016391828617307036,0.0032936845621591715,289,17.0,1e-13,1.0658141036401503e-13,/home/tinkerer/.codex/worktrees/a93c/meanfi/build/periodic-study/convergence/runs/anisotropic48--T0.05--clenshaw-curtis--n16--mu248d14bf75.json,
anisotropic48,0.05,clenshaw-curtis,20,success,0.13852110411971807,True,2.765921623293366e-05,0.0006824696069074321,441,21.0,1e-13,1.0658141036401503e-13,/home/tinkerer/.codex/worktrees/a93c/meanfi/build/periodic-study/convergence/runs/anisotropic48--T0.05--clenshaw-curtis--n20--mu248d14bf75.json,
anisotropic48,0.05,clenshaw-curtis,24,success,0.1961420150473714,True,5.146507697562086e-06,8.626752988050157e-05,625,25.0,1e-13,1.0658141036401503e-13,/home/tinkerer/.codex/worktrees/a93c/meanfi/build/periodic-study/convergence/runs/anisotropic48--T0.05--clenshaw-curtis--n24--mu248d14bf75.json,
anisotropic48,0.05,clenshaw-curtis,32,success,0.3419963479973376,True,3.412464119126324e-07,7.637302172014415e-06,1089,33.0,1e-13,1.0658141036401503e-13,/home/tinkerer/.codex/worktrees/a93c/meanfi/build/periodic-study/convergence/runs/anisotropic48--T0.05--clenshaw-curtis--n32--mu248d14bf75.json,
anisotropic48,0.05,clenshaw-curtis,40,success,0.5190202090889215,True,1.631803414614552e-08,4.127585313540294e-07,1681,41.0,1e-13,1.0658141036401503e-13,/home/tinkerer/.codex/worktrees/a93c/meanfi/build/periodic-study/convergence/runs/anisotropic48--T0.05--clenshaw-curtis--n40--mu248d14bf75.json,
anisotropic48,0.05,clenshaw-curtis,48,success,0.7453554249368608,True,7.166475746167578e-10,3.8084273512595246e-09,2401,49.0,1e-13,1.0658141036401503e-13,/home/tinkerer/.codex/worktrees/a93c/meanfi/build/periodic-study/convergence/runs/anisotropic48--T0.05--clenshaw-curtis--n48--mu248d14bf75.json,
anisotropic48,0.05,clenshaw-curtis,64,success,1.3066571960225701,True,3.785971536274246e-12,5.084643817099277e-11,4225,65.0,1e-13,1.0658141036401503e-13,/home/tinkerer/.codex/worktrees/a93c/meanfi/build/periodic-study/convergence/runs/anisotropic48--T0.05--clenshaw-curtis--n64--mu248d14bf75.json,
anisotropic48,0.05,gm,0.01,success,0.1148687731474638,True,2.095171309826182e-05,0.00031931970370990825,357,18.894443627691185,1e-13,1.0658141036401503e-13,/home/tinkerer/.codex/worktrees/a93c/meanfi/build/periodic-study/convergence/runs/anisotropic48--T0.05--gm--e0.01--mu248d14bf75.json,
anisotropic48,0.05,gm,0.001,success,1.170505077112466,True,7.697752779645128e-08,2.0496480068743494e-06,2941,54.230987451824994,1e-13,1.0658141036401503e-13,/home/tinkerer/.codex/worktrees/a93c/meanfi/build/periodic-study/convergence/runs/anisotropic48--T0.05--gm--e0.001--mu248d14bf75.json,
anisotropic48,0.05,gm,0.0001,success,1.3285587606951594,True,8.709877707957503e-09,2.2077262684661036e-07,4573,67.62396025078685,1e-13,1.0658141036401503e-13,/home/tinkerer/.codex/worktrees/a93c/meanfi/build/periodic-study/convergence/runs/anisotropic48--T0.05--gm--e0.0001--mu248d14bf75.json,
anisotropic48,0.05,gm,1e-05,success,2.8170469300821424,True,1.5297326183549842e-09,3.014177707427734e-08,9809,99.04039579888602,1e-13,1.0658141036401503e-13,/home/tinkerer/.codex/worktrees/a93c/meanfi/build/periodic-study/convergence/runs/anisotropic48--T0.05--gm--e1e-05--mu248d14bf75.json,
anisotropic48,0.05,gm,1e-06,success,6.617076610215008,True,2.932210030337501e-12,7.078426733642118e-11,23069,151.88482478509826,1e-13,1.0658141036401503e-13,/home/tinkerer/.codex/worktrees/a93c/meanfi/build/periodic-study/convergence/runs/anisotropic48--T0.05--gm--e1e-06--mu248d14bf75.json,
anisotropic48,0.05,gm,1e-07,success,14.394610385410488,True,1.5070167336261875e-12,3.941025283893396e-11,50473,224.66196829904254,1e-13,1.0658141036401503e-13,/home/tinkerer/.codex/worktrees/a93c/meanfi/build/periodic-study/convergence/runs/anisotropic48--T0.05--gm--e1e-07--mu248d14bf75.json,
anisotropic48,0.05,gk21,0.01,success,0.6821721429005265,True,1.1298127683412318e-07,1.6884619213897167e-06,2205,46.95742752749558,1e-13,1.0658141036401503e-13,/home/tinkerer/.codex/worktrees/a93c/meanfi/build/periodic-study/convergence/runs/anisotropic48--T0.05--gk21--e0.01--mu248d14bf75.json,
anisotropic48,0.05,gk21,0.001,success,2.342140523251146,True,2.8192299161844403e-08,4.2220705154250027e-07,7497,86.58521813797087,1e-13,1.0658141036401503e-13,/home/tinkerer/.codex/worktrees/a93c/meanfi/build/periodic-study/convergence/runs/anisotropic48--T0.05--gk21--e0.001--mu248d14bf75.json,
anisotropic48,0.05,gk21,0.0001,success,2.8778726728633046,True,4.6851411639219295e-14,1.0302869668521453e-13,9261,96.23408959407264,1e-13,1.0658141036401503e-13,/home/tinkerer/.codex/worktrees/a93c/meanfi/build/periodic-study/convergence/runs/anisotropic48--T0.05--gk21--e0.0001--mu248d14bf75.json,
anisotropic48,0.05,gk21,1e-05,success,2.8744432162493467,True,4.6906922790450515e-14,9.237055564881302e-14,9261,96.23408959407264,1e-13,1.0658141036401503e-13,/home/tinkerer/.codex/worktrees/a93c/meanfi/build/periodic-study/convergence/runs/anisotropic48--T0.05--gk21--e1e-05--mu248d14bf75.json,
anisotropic48,0.05,gk21,1e-06,success,6.134107733145356,True,2.1982415887658437e-14,4.263256414560601e-13,19845,140.87228258248675,1e-13,1.0658141036401503e-13,/home/tinkerer/.codex/worktrees/a93c/meanfi/build/periodic-study/convergence/runs/anisotropic48--T0.05--gk21--e1e-06--mu248d14bf75.json,
anisotropic48,0.05,gk21,1e-07,success,7.226223906036466,True,4.996003683305301e-16,3.552713678800501e-15,23373,152.88230767489088,1e-13,1.0658141036401503e-13,/home/tinkerer/.codex/worktrees/a93c/meanfi/build/periodic-study/convergence/runs/anisotropic48--T0.05--gk21--e1e-07--mu248d14bf75.json,
cubic48,0.05,periodic,2,success,0.004769701976329088,True,0.016347635249277626,0.34653747573383953,8,2.0,2.336390774465144e-09,3.763531708500523e-09,/home/tinkerer/.codex/worktrees/a93c/meanfi/build/periodic-study/convergence/runs/cubic48--T0.05--periodic--n2--mu5a9bbb45df.json,
cubic48,0.05,periodic,3,success,0.012579269707202911,True,0.008559575424116755,0.08222174871514198,27,3.0,2.336390774465144e-09,3.763531708500523e-09,/home/tinkerer/.codex/worktrees/a93c/meanfi/build/periodic-study/convergence/runs/cubic48--T0.05--periodic--n3--mu5a9bbb45df.json,
cubic48,0.05,periodic,4,success,0.02547133294865489,True,0.006489648549620419,0.09726552609120986,64,3.9999999999999996,2.336390774465144e-09,3.763531708500523e-09,/home/tinkerer/.codex/worktrees/a93c/meanfi/build/periodic-study/convergence/runs/cubic48--T0.05--periodic--n4--mu5a9bbb45df.json,
cubic48,0.05,periodic,5,success,0.04402823792770505,True,0.0027057988466109295,0.03063176170997295,125,4.999999999999999,2.336390774465144e-09,3.763531708500523e-09,/home/tinkerer/.codex/worktrees/a93c/meanfi/build/periodic-study/convergence/runs/cubic48--T0.05--periodic--n5--mu5a9bbb45df.json,
cubic48,0.05,periodic,6,success,0.07897762209177017,True,0.0019559473038914255,0.01352585248312721,216,5.999999999999999,2.336390774465144e-09,3.763531708500523e-09,/home/tinkerer/.codex/worktrees/a93c/meanfi/build/periodic-study/convergence/runs/cubic48--T0.05--periodic--n6--mu5a9bbb45df.json,
cubic48,0.05,periodic,8,success,0.17668722197413445,True,0.0004985937528604878,0.0012397810027273692,512,7.999999999999999,2.336390774465144e-09,3.763531708500523e-09,/home/tinkerer/.codex/worktrees/a93c/meanfi/build/periodic-study/convergence/runs/cubic48--T0.05--periodic--n8--mu5a9bbb45df.json,
cubic48,0.05,periodic,10,success,0.3441600138321519,True,0.00033008548311663777,0.0007949791245991378,1000,9.999999999999998,2.336390774465144e-09,3.763531708500523e-09,/home/tinkerer/.codex/worktrees/a93c/meanfi/build/periodic-study/convergence/runs/cubic48--T0.05--periodic--n10--mu5a9bbb45df.json,
cubic48,0.05,periodic,12,success,0.58243314223364,True,0.0002094996410627048,0.0032158134335062982,1728,11.999999999999998,2.336390774465144e-09,3.763531708500523e-09,/home/tinkerer/.codex/worktrees/a93c/meanfi/build/periodic-study/convergence/runs/cubic48--T0.05--periodic--n12--mu5a9bbb45df.json,
cubic48,0.05,periodic,16,success,1.3872921140864491,True,4.319294045890265e-05,0.0001899358024566311,4096,15.999999999999998,2.336390774465144e-09,3.763531708500523e-09,/home/tinkerer/.codex/worktrees/a93c/meanfi/build/periodic-study/convergence/runs/cubic48--T0.05--periodic--n16--mu5a9bbb45df.json,
cubic48,0.05,periodic,20,success,2.725129034370184,True,1.022414190279819e-05,2.7809408948087366e-05,8000,19.999999999999996,2.336390774465144e-09,3.763531708500523e-09,/home/tinkerer/.codex/worktrees/a93c/meanfi/build/periodic-study/convergence/runs/cubic48--T0.05--periodic--n20--mu5a9bbb45df.json,
cubic48,0.05,periodic,24,success,4.665394471026957,True,5.046597516045193e-06,0.0001568480714375653,13824,23.999999999999996,2.336390774465144e-09,3.763531708500523e-09,/home/tinkerer/.codex/worktrees/a93c/meanfi/build/periodic-study/convergence/runs/cubic48--T0.05--periodic--n24--mu5a9bbb45df.json,
cubic48,0.05,periodic,32,success,11.040654465556145,True,1.8734983439627928e-07,7.299679509742418e-07,32768,31.999999999999993,2.336390774465144e-09,3.763531708500523e-09,/home/tinkerer/.codex/worktrees/a93c/meanfi/build/periodic-study/convergence/runs/cubic48--T0.05--periodic--n32--mu5a9bbb45df.json,
cubic48,0.05,gauss,2,success,0.004737331066280603,True,0.01699479717950969,0.17168997657915597,8,2.0,2.336390774465144e-09,3.763531708500523e-09,/home/tinkerer/.codex/worktrees/a93c/meanfi/build/periodic-study/convergence/runs/cubic48--T0.05--gauss--n2--mu5a9bbb45df.json,
cubic48,0.05,gauss,3,success,0.012702762614935637,True,0.008348341021522904,0.029574217093870203,27,3.0,2.336390774465144e-09,3.763531708500523e-09,/home/tinkerer/.codex/worktrees/a93c/meanfi/build/periodic-study/convergence/runs/cubic48--T0.05--gauss--n3--mu5a9bbb45df.json,
cubic48,0.05,gauss,4,success,0.02446917723864317,True,0.005353185736547528,0.022287782268769263,64,3.9999999999999996,2.336390774465144e-09,3.763531708500523e-09,/home/tinkerer/.codex/worktrees/a93c/meanfi/build/periodic-study/convergence/runs/cubic48--T0.05--gauss--n4--mu5a9bbb45df.json,
cubic48,0.05,gauss,5,success,0.04466209467500448,True,0.005109231944049275,0.07389471831271166,125,4.999999999999999,2.336390774465144e-09,3.763531708500523e-09,/home/tinkerer/.codex/worktrees/a93c/meanfi/build/periodic-study/convergence/runs/cubic48--T0.05--gauss--n5--mu5a9bbb45df.json,
cubic48,0.05,gauss,6,success,0.07670952193439007,True,0.0018175059512400282,0.006296691887303751,216,5.999999999999999,2.336390774465144e-09,3.763531708500523e-09,/home/tinkerer/.codex/worktrees/a93c/meanfi/build/periodic-study/convergence/runs/cubic48--T0.05--gauss--n6--mu5a9bbb45df.json,
cubic48,0.05,gauss,8,success,0.17694985028356314,True,0.0018434262853171401,0.014191275684101612,512,7.999999999999999,2.336390774465144e-09,3.763531708500523e-09,/home/tinkerer/.codex/worktrees/a93c/meanfi/build/periodic-study/convergence/runs/cubic48--T0.05--gauss--n8--mu5a9bbb45df.json,
cubic48,0.05,gauss,10,success,0.5684238821268082,True,0.0006645592724618954,0.0019951361931589418,1000,9.999999999999998,2.336390774465144e-09,3.763531708500523e-09,/home/tinkerer/.codex/worktrees/a93c/meanfi/build/periodic-study/convergence/runs/cubic48--T0.05--gauss--n10--mu5a9bbb45df.json,
cubic48,0.05,gauss,12,success,1.0538290818221867,True,0.00045245985986946957,0.0027276813387544507,1728,11.999999999999998,2.336390774465144e-09,3.763531708500523e-09,/home/tinkerer/.codex/worktrees/a93c/meanfi/build/periodic-study/convergence/runs/cubic48--T0.05--gauss--n12--mu5a9bbb45df.json,
cubic48,0.05,gauss,16,success,1.379593568854034,True,0.00010289433402493886,0.0013327453397771194,4096,15.999999999999998,2.336390774465144e-09,3.763531708500523e-09,/home/tinkerer/.codex/worktrees/a93c/meanfi/build/periodic-study/convergence/runs/cubic48--T0.05--gauss--n16--mu5a9bbb45df.json,
cubic48,0.05,gauss,20,success,2.6918337950482965,True,5.167584709403483e-05,0.0008059158140270029,8000,19.999999999999996,2.336390774465144e-09,3.763531708500523e-09,/home/tinkerer/.codex/worktrees/a93c/meanfi/build/periodic-study/convergence/runs/cubic48--T0.05--gauss--n20--mu5a9bbb45df.json,
cubic48,0.05,gauss,24,success,4.66966306604445,True,2.036150372450307e-05,0.00020012140818082003,13824,23.999999999999996,2.336390774465144e-09,3.763531708500523e-09,/home/tinkerer/.codex/worktrees/a93c/meanfi/build/periodic-study/convergence/runs/cubic48--T0.05--gauss--n24--mu5a9bbb45df.json,
cubic48,0.05,gauss,32,success,11.043617453891784,True,2.8183103250589703e-06,4.4021356984558224e-05,32768,31.999999999999993,2.336390774465144e-09,3.763531708500523e-09,/home/tinkerer/.codex/worktrees/a93c/meanfi/build/periodic-study/convergence/runs/cubic48--T0.05--gauss--n32--mu5a9bbb45df.json,
cubic48,0.05,clenshaw-curtis,2,success,0.012654095888137817,True,0.029765823667583957,0.6416261410162676,27,3.0,2.336390774465144e-09,3.763531708500523e-09,/home/tinkerer/.codex/worktrees/a93c/meanfi/build/periodic-study/convergence/runs/cubic48--T0.05--clenshaw-curtis--n2--mu5a9bbb45df.json,
cubic48,0.05,clenshaw-curtis,3,success,0.024857334792613983,True,0.00753500531955123,0.0016529818593902235,64,3.9999999999999996,2.336390774465144e-09,3.763531708500523e-09,/home/tinkerer/.codex/worktrees/a93c/meanfi/build/periodic-study/convergence/runs/cubic48--T0.05--clenshaw-curtis--n3--mu5a9bbb45df.json,
cubic48,0.05,clenshaw-curtis,4,success,0.045781734865158796,True,0.00706365779315353,0.04636451470426195,125,4.999999999999999,2.336390774465144e-09,3.763531708500523e-09,/home/tinkerer/.codex/worktrees/a93c/meanfi/build/periodic-study/convergence/runs/cubic48--T0.05--clenshaw-curtis--n4--mu5a9bbb45df.json,
cubic48,0.05,clenshaw-curtis,5,success,0.07616068609058857,True,0.00425012123326568,0.07978879914071868,216,5.999999999999999,2.336390774465144e-09,3.763531708500523e-09,/home/tinkerer/.codex/worktrees/a93c/meanfi/build/periodic-study/convergence/runs/cubic48--T0.05--clenshaw-curtis--n5--mu5a9bbb45df.json,
cubic48,0.05,clenshaw-curtis,6,success,0.11473725689575076,True,0.0036794442432531715,0.030264905365211092,343,6.999999999999999,2.336390774465144e-09,3.763531708500523e-09,/home/tinkerer/.codex/worktrees/a93c/meanfi/build/periodic-study/convergence/runs/cubic48--T0.05--clenshaw-curtis--n6--mu5a9bbb45df.json,
cubic48,0.05,clenshaw-curtis,8,success,0.2499060151167214,True,0.0021615186609347803,0.03299572790829686,729,8.999999999999998,2.336390774465144e-09,3.763531708500523e-09,/home/tinkerer/.codex/worktrees/a93c/meanfi/build/periodic-study/convergence/runs/cubic48--T0.05--clenshaw-curtis--n8--mu5a9bbb45df.json,
cubic48,0.05,clenshaw-curtis,10,success,0.45237399684265256,True,0.0005059667810072277,8.76314200439765e-05,1331,10.999999999999998,2.336390774465144e-09,3.763531708500523e-09,/home/tinkerer/.codex/worktrees/a93c/meanfi/build/periodic-study/convergence/runs/cubic48--T0.05--clenshaw-curtis--n10--mu5a9bbb45df.json,
cubic48,0.05,clenshaw-curtis,12,success,1.209850077982992,True,0.0004492563919438197,0.0002850115827719435,2197,12.999999999999998,2.336390774465144e-09,3.763531708500523e-09,/home/tinkerer/.codex/worktrees/a93c/meanfi/build/periodic-study/convergence/runs/cubic48--T0.05--clenshaw-curtis--n12--mu5a9bbb45df.json,
cubic48,0.05,clenshaw-curtis,16,success,1.6686176415532827,True,0.00012057480118965458,0.00283798742673369,4913,16.999999999999996,2.336390774465144e-09,3.763531708500523e-09,/home/tinkerer/.codex/worktrees/a93c/meanfi/build/periodic-study/convergence/runs/cubic48--T0.05--clenshaw-curtis--n16--mu5a9bbb45df.json,
cubic48,0.05,clenshaw-curtis,20,success,3.132644275203347,True,5.513495847114802e-05,0.0007760140108210578,9261,20.999999999999996,2.336390774465144e-09,3.763531708500523e-09,/home/tinkerer/.codex/worktrees/a93c/meanfi/build/periodic-study/convergence/runs/cubic48--T0.05--clenshaw-curtis--n20--mu5a9bbb45df.json,
cubic48,0.05,clenshaw-curtis,24,success,5.9614412849769,True,2.4290894418743658e-05,0.00019058253071690956,15625,24.999999999999996,2.336390774465144e-09,3.763531708500523e-09,/home/tinkerer/.codex/worktrees/a93c/meanfi/build/periodic-study/convergence/runs/cubic48--T0.05--clenshaw-curtis--n24--mu5a9bbb45df.json,
cubic48,0.05,clenshaw-curtis,32,success,12.125952444970608,True,2.4138258990502592e-06,6.037291981897397e-07,35937,32.99999999999999,2.336390774465144e-09,3.763531708500523e-09,/home/tinkerer/.codex/worktrees/a93c/meanfi/build/periodic-study/convergence/runs/cubic48--T0.05--clenshaw-curtis--n32--mu5a9bbb45df.json,
cubic48,0.05,gm,0.01,success,35.67888619797304,True,9.89159649952831e-06,8.130904762992941e-05,108009,47.62335435651225,2.336390774465144e-09,3.763531708500523e-09,/home/tinkerer/.codex/worktrees/a93c/meanfi/build/periodic-study/convergence/runs/cubic48--T0.05--gm--e0.01--mu5a9bbb45df.json,
cubic48,0.05,gm,0.001,timeout,44.649764952715486,False,,,,,,,/home/tinkerer/.codex/worktrees/a93c/meanfi/build/periodic-study/convergence/runs/cubic48--T0.05--gm--e0.001--mu5a9bbb45df.json,timeout
cubic48,0.05,gm,0.0001,timeout,44.649399724788964,False,,,,,,,/home/tinkerer/.codex/worktrees/a93c/meanfi/build/periodic-study/convergence/runs/cubic48--T0.05--gm--e0.0001--mu5a9bbb45df.json,timeout
cubic48,0.05,gm,1e-05,timeout,44.650660703424364,False,,,,,,,/home/tinkerer/.codex/worktrees/a93c/meanfi/build/periodic-study/convergence/runs/cubic48--T0.05--gm--e1e-05--mu5a9bbb45df.json,timeout
cubic48,0.05,gm,1e-06,timeout,44.649501190986484,False,,,,,,,/home/tinkerer/.codex/worktrees/a93c/meanfi/build/periodic-study/convergence/runs/cubic48--T0.05--gm--e1e-06--mu5a9bbb45df.json,timeout
cubic48,0.05,gm,1e-07,timeout,44.64131698291749,False,,,,,,,/home/tinkerer/.codex/worktrees/a93c/meanfi/build/periodic-study/convergence/runs/cubic48--T0.05--gm--e1e-07--mu5a9bbb45df.json,timeout
cubic48,0.05,gk21,0.01,success,3.1941235731355846,True,4.2035375722448975e-05,0.00045187276942826315,9261,20.999999999999996,2.336390774465144e-09,3.763531708500523e-09,/home/tinkerer/.codex/worktrees/a93c/meanfi/build/periodic-study/convergence/runs/cubic48--T0.05--gk21--e0.01--mu5a9bbb45df.json,
cubic48,0.05,gk21,0.001,timeout,44.690575901884586,False,,,,,,,/home/tinkerer/.codex/worktrees/a93c/meanfi/build/periodic-study/convergence/runs/cubic48--T0.05--gk21--e0.001--mu5a9bbb45df.json,timeout
cubic48,0.05,gk21,0.0001,timeout,44.679376860149205,False,,,,,,,/home/tinkerer/.codex/worktrees/a93c/meanfi/build/periodic-study/convergence/runs/cubic48--T0.05--gk21--e0.0001--mu5a9bbb45df.json,timeout
cubic48,0.05,gk21,1e-05,timeout,44.694703083951026,False,,,,,,,/home/tinkerer/.codex/worktrees/a93c/meanfi/build/periodic-study/convergence/runs/cubic48--T0.05--gk21--e1e-05--mu5a9bbb45df.json,timeout
cubic48,0.05,gk21,1e-06,timeout,44.67254976509139,False,,,,,,,/home/tinkerer/.codex/worktrees/a93c/meanfi/build/periodic-study/convergence/runs/cubic48--T0.05--gk21--e1e-06--mu5a9bbb45df.json,timeout
cubic48,0.05,gk21,1e-07,timeout,44.70107791107148,False,,,,,,,/home/tinkerer/.codex/worktrees/a93c/meanfi/build/periodic-study/convergence/runs/cubic48--T0.05--gk21--e1e-07--mu5a9bbb45df.json,timeout
bdg_nodal48,0.01,periodic,2,success,0.018375264946371317,True,0.002063213588562318,0.09903425225095219,4,2.0,1e-13,1e-13,/home/tinkerer/.codex/worktrees/a93c/meanfi/build/periodic-study/convergence/runs/bdg_nodal48--T0.01--periodic--n2--mu0a98c798fc.json,
bdg_nodal48,0.01,periodic,3,success,0.01684325374662876,True,0.0009838697652009565,0.04122622523918906,9,3.0,1e-13,1e-13,/home/tinkerer/.codex/worktrees/a93c/meanfi/build/periodic-study/convergence/runs/bdg_nodal48--T0.01--periodic--n3--mu0a98c798fc.json,
bdg_nodal48,0.01,periodic,4,success,0.03552146581932902,True,0.0005343379438700058,0.02389096169259375,16,4.0,1e-13,1e-13,/home/tinkerer/.codex/worktrees/a93c/meanfi/build/periodic-study/convergence/runs/bdg_nodal48--T0.01--periodic--n4--mu0a98c798fc.json,
bdg_nodal48,0.01,periodic,5,success,0.038082883693277836,True,3.3972054913344873e-05,0.0016306586358147968,25,5.0,1e-13,1e-13,/home/tinkerer/.codex/worktrees/a93c/meanfi/build/periodic-study/convergence/runs/bdg_nodal48--T0.01--periodic--n5--mu0a98c798fc.json,
bdg_nodal48,0.01,periodic,6,success,0.06089274398982525,True,0.0003130761011040373,0.01502765285296448,36,6.0,1e-13,1e-13,/home/tinkerer/.codex/worktrees/a93c/meanfi/build/periodic-study/convergence/runs/bdg_nodal48--T0.01--periodic--n6--mu0a98c798fc.json,
bdg_nodal48,0.01,periodic,8,success,0.0897052981890738,True,3.642892045258028e-05,0.0017485881817300708,64,8.0,1e-13,1e-13,/home/tinkerer/.codex/worktrees/a93c/meanfi/build/periodic-study/convergence/runs/bdg_nodal48--T0.01--periodic--n8--mu0a98c798fc.json,
bdg_nodal48,0.01,periodic,10,success,0.14869325794279575,True,3.844473776098978e-05,0.0018436081274089133,100,10.0,1e-13,1e-13,/home/tinkerer/.codex/worktrees/a93c/meanfi/build/periodic-study/convergence/runs/bdg_nodal48--T0.01--periodic--n10--mu0a98c798fc.json,
bdg_nodal48,0.01,periodic,12,success,0.37145633716136217,True,3.6896846110634485e-05,0.001771048613289139,144,12.0,1e-13,1e-13,/home/tinkerer/.codex/worktrees/a93c/meanfi/build/periodic-study/convergence/runs/bdg_nodal48--T0.01--periodic--n12--mu0a98c798fc.json,
bdg_nodal48,0.01,periodic,16,success,0.3752029500901699,True,4.402082479537661e-06,0.0002112999589662934,256,16.0,1e-13,1e-13,/home/tinkerer/.codex/worktrees/a93c/meanfi/build/periodic-study/convergence/runs/bdg_nodal48--T0.01--periodic--n16--mu0a98c798fc.json,
bdg_nodal48,0.01,periodic,20,success,0.5612473879009485,True,3.90437863828641e-06,0.00018741017464307674,400,20.0,1e-13,1e-13,/home/tinkerer/.codex/worktrees/a93c/meanfi/build/periodic-study/convergence/runs/bdg_nodal48--T0.01--periodic--n20--mu0a98c798fc.json,
bdg_nodal48,0.01,periodic,24,success,0.8150744950398803,True,5.757892138080756e-07,2.7637882293873872e-05,576,24.0,1e-13,1e-13,/home/tinkerer/.codex/worktrees/a93c/meanfi/build/periodic-study/convergence/runs/bdg_nodal48--T0.01--periodic--n24--mu0a98c798fc.json,
bdg_nodal48,0.01,periodic,32,success,1.8774517546407878,True,8.085621150399902e-08,3.88109812021753e-06,1024,32.0,1e-13,1e-13,/home/tinkerer/.codex/worktrees/a93c/meanfi/build/periodic-study/convergence/runs/bdg_nodal48--T0.01--periodic--n32--mu0a98c798fc.json,
bdg_nodal48,0.01,periodic,40,success,2.257055427879095,True,1.1528010435135627e-08,5.533445097682943e-07,1600,40.0,1e-13,1e-13,/home/tinkerer/.codex/worktrees/a93c/meanfi/build/periodic-study/convergence/runs/bdg_nodal48--T0.01--periodic--n40--mu0a98c798fc.json,
bdg_nodal48,0.01,periodic,48,success,3.684183416888118,True,1.6559974502783348e-09,7.948784386258012e-08,2304,48.0,1e-13,1e-13,/home/tinkerer/.codex/worktrees/a93c/meanfi/build/periodic-study/convergence/runs/bdg_nodal48--T0.01--periodic--n48--mu0a98c798fc.json,
bdg_nodal48,0.01,periodic,64,success,5.794568580109626,True,3.4254599157179655e-11,1.6441994432625506e-09,4096,64.0,1e-13,1e-13,/home/tinkerer/.codex/worktrees/a93c/meanfi/build/periodic-study/convergence/runs/bdg_nodal48--T0.01--periodic--n64--mu0a98c798fc.json,
bdg_nodal48,0.01,periodic,96,success,13.013591928873211,True,1.471045507632367e-14,6.856737400084967e-13,9216,96.0,1e-13,1e-13,/home/tinkerer/.codex/worktrees/a93c/meanfi/build/periodic-study/convergence/runs/bdg_nodal48--T0.01--periodic--n96--mu0a98c798fc.json,
bdg_nodal48,0.01,periodic,128,success,23.110977767035365,True,3.885780586282922e-16,3.552713678800501e-15,16384,128.0,1e-13,1e-13,/home/tinkerer/.codex/worktrees/a93c/meanfi/build/periodic-study/convergence/runs/bdg_nodal48--T0.01--periodic--n128--mu0a98c798fc.json,
bdg_nodal48,0.01,gauss,2,success,0.018101566936820745,True,0.0032021926113777743,0.15370524534609942,4,2.0,1e-13,1e-13,/home/tinkerer/.codex/worktrees/a93c/meanfi/build/periodic-study/convergence/runs/bdg_nodal48--T0.01--gauss--n2--mu0a98c798fc.json,
bdg_nodal48,0.01,gauss,3,success,0.016870603896677494,True,0.001532921473473281,0.06146123882302135,9,3.0,1e-13,1e-13,/home/tinkerer/.codex/worktrees/a93c/meanfi/build/periodic-study/convergence/runs/bdg_nodal48--T0.01--gauss--n3--mu0a98c798fc.json,
bdg_nodal48,0.01,gauss,4,success,0.026915586087852716,True,0.0008346249514002979,0.04006199766722318,16,4.0,1e-13,1e-13,/home/tinkerer/.codex/worktrees/a93c/meanfi/build/periodic-study/convergence/runs/bdg_nodal48--T0.01--gauss--n4--mu0a98c798fc.json,
bdg_nodal48,0.01,gauss,5,success,0.038588606752455235,True,0.0006215128310707585,0.02983261589140085,25,5.0,1e-13,1e-13,/home/tinkerer/.codex/worktrees/a93c/meanfi/build/periodic-study/convergence/runs/bdg_nodal48--T0.01--gauss--n5--mu0a98c798fc.json,
bdg_nodal48,0.01,gauss,6,success,0.053486478980630636,True,0.00033971030966867266,0.016306094864074083,36,6.0,1e-13,1e-13,/home/tinkerer/.codex/worktrees/a93c/meanfi/build/periodic-study/convergence/runs/bdg_nodal48--T0.01--gauss--n6--mu0a98c798fc.json,
bdg_nodal48,0.01,gauss,8,success,0.10008278302848339,True,0.0001812215652836624,0.008698635133630006,64,8.0,1e-13,1e-13,/home/tinkerer/.codex/worktrees/a93c/meanfi/build/periodic-study/convergence/runs/bdg_nodal48--T0.01--gauss--n8--mu0a98c798fc.json,
bdg_nodal48,0.01,gauss,10,success,0.14222867274656892,True,8.103040669593664e-05,0.003889459521371208,100,10.0,1e-13,1e-13,/home/tinkerer/.codex/worktrees/a93c/meanfi/build/periodic-study/convergence/runs/bdg_nodal48--T0.01--gauss--n10--mu0a98c798fc.json,
bdg_nodal48,0.01,gauss,12,success,0.2156950351782143,True,3.86616154406938e-05,0.001855757541171954,144,12.0,1e-13,1e-13,/home/tinkerer/.codex/worktrees/a93c/meanfi/build/periodic-study/convergence/runs/bdg_nodal48--T0.01--gauss--n12--mu0a98c798fc.json,
bdg_nodal48,0.01,gauss,16,success,0.38621698692440987,True,7.455060330063823e-06,0.0003578428958341817,256,16.0,1e-13,1e-13,/home/tinkerer/.codex/worktrees/a93c/meanfi/build/periodic-study/convergence/runs/bdg_nodal48--T0.01--gauss--n16--mu0a98c798fc.json,
bdg_nodal48,0.01,gauss,20,success,0.5698016127571464,True,9.86142223363684e-06,0.00047334826718170575,400,20.0,1e-13,1e-13,/home/tinkerer/.codex/worktrees/a93c/meanfi/build/periodic-study/convergence/runs/bdg_nodal48--T0.01--gauss--n20--mu0a98c798fc.json,
bdg_nodal48,0.01,gauss,24,success,0.8164874762296677,True,3.7484042674784668e-06,0.0001799234048149856,576,24.0,1e-13,1e-13,/home/tinkerer/.codex/worktrees/a93c/meanfi/build/periodic-study/convergence/runs/bdg_nodal48--T0.01--gauss--n24--mu0a98c798fc.json,
bdg_nodal48,0.01,gauss,32,success,1.4635086711496115,True,5.740837457635095e-07,2.7556019812635668e-05,1024,32.0,1e-13,1e-13,/home/tinkerer/.codex/worktrees/a93c/meanfi/build/periodic-study/convergence/runs/bdg_nodal48--T0.01--gauss--n32--mu0a98c798fc.json,
bdg_nodal48,0.01,gauss,40,success,2.2791258189827204,True,6.095875579315013e-08,2.9255077933498796e-06,1600,40.0,1e-13,1e-13,/home/tinkerer/.codex/worktrees/a93c/meanfi/build/periodic-study/convergence/runs/bdg_nodal48--T0.01--gauss--n40--mu0a98c798fc.json,
bdg_nodal48,0.01,gauss,48,success,3.2763547017239034,True,2.669024373735951e-08,1.281131666530655e-06,2304,48.0,1e-13,1e-13,/home/tinkerer/.codex/worktrees/a93c/meanfi/build/periodic-study/convergence/runs/bdg_nodal48--T0.01--gauss--n48--mu0a98c798fc.json,
bdg_nodal48,0.01,gauss,64,success,5.816791297402233,True,8.693555875183279e-10,4.172908418809129e-08,4096,64.0,1e-13,1e-13,/home/tinkerer/.codex/worktrees/a93c/meanfi/build/periodic-study/convergence/runs/bdg_nodal48--T0.01--gauss--n64--mu0a98c798fc.json,
bdg_nodal48,0.01,gauss,96,success,13.041475041769445,True,2.5018875859927903e-13,1.199040866595169e-11,9216,96.0,1e-13,1e-13,/home/tinkerer/.codex/worktrees/a93c/meanfi/build/periodic-study/convergence/runs/bdg_nodal48--T0.01--gauss--n96--mu0a98c798fc.json,
bdg_nodal48,0.01,gauss,128,success,23.19829114805907,True,2.886579864025407e-15,1.1723955140041653e-13,16384,128.0,1e-13,1e-13,/home/tinkerer/.codex/worktrees/a93c/meanfi/build/periodic-study/convergence/runs/bdg_nodal48--T0.01--gauss--n128--mu0a98c798fc.json,
bdg_nodal48,0.01,clenshaw-curtis,2,success,0.02414277708157897,True,0.0033927994091214053,0.16285437163783456,9,3.0,1e-13,1e-13,/home/tinkerer/.codex/worktrees/a93c/meanfi/build/periodic-study/convergence/runs/bdg_nodal48--T0.01--clenshaw-curtis--n2--mu0a98c798fc.json,
bdg_nodal48,0.01,clenshaw-curtis,3,success,0.025059513747692108,True,0.0016092996406759652,0.07724638275241702,16,4.0,1e-13,1e-13,/home/tinkerer/.codex/worktrees/a93c/meanfi/build/periodic-study/convergence/runs/bdg_nodal48--T0.01--clenshaw-curtis--n3--mu0a98c798fc.json,
bdg_nodal48,0.01,clenshaw-curtis,4,success,0.045644812285900116,True,0.0016138447969600844,0.06613409081803212,25,5.0,1e-13,1e-13,/home/tinkerer/.codex/worktrees/a93c/meanfi/build/periodic-study/convergence/runs/bdg_nodal48--T0.01--clenshaw-curtis--n4--mu0a98c798fc.json,
bdg_nodal48,0.01,clenshaw-curtis,5,success,0.0510478587821126,True,0.00039437705255529476,0.018930098522666583,36,6.0,1e-13,1e-13,/home/tinkerer/.codex/worktrees/a93c/meanfi/build/periodic-study/convergence/runs/bdg_nodal48--T0.01--clenshaw-curtis--n5--mu0a98c798fc.json,
bdg_nodal48,0.01,clenshaw-curtis,6,success,0.07651268085464835,True,0.0003768728146674172,0.018089895104051124,49,7.0,1e-13,1e-13,/home/tinkerer/.codex/worktrees/a93c/meanfi/build/periodic-study/convergence/runs/bdg_nodal48--T0.01--clenshaw-curtis--n6--mu0a98c798fc.json,
bdg_nodal48,0.01,clenshaw-curtis,8,success,0.12098846258595586,True,0.0001871903123323304,0.008901138370308814,81,9.0,1e-13,1e-13,/home/tinkerer/.codex/worktrees/a93c/meanfi/build/periodic-study/convergence/runs/bdg_nodal48--T0.01--clenshaw-curtis--n8--mu0a98c798fc.json,
bdg_nodal48,0.01,clenshaw-curtis,10,success,0.1702738651074469,True,9.602227241498063e-05,0.00458607606447714,121,11.0,1e-13,1e-13,/home/tinkerer/.codex/worktrees/a93c/meanfi/build/periodic-study/convergence/runs/bdg_nodal48--T0.01--clenshaw-curtis--n10--mu0a98c798fc.json,
bdg_nodal48,0.01,clenshaw-curtis,12,success,0.23650883976370096,True,5.661703035203525e-06,0.0002322564042813724,169,13.0,1e-13,1e-13,/home/tinkerer/.codex/worktrees/a93c/meanfi/build/periodic-study/convergence/runs/bdg_nodal48--T0.01--clenshaw-curtis--n12--mu0a98c798fc.json,
bdg_nodal48,0.01,clenshaw-curtis,16,success,0.41104358714073896,True,2.1533993361189108e-05,0.001033631681341518,289,17.0,1e-13,1e-13,/home/tinkerer/.codex/worktrees/a93c/meanfi/build/periodic-study/convergence/runs/bdg_nodal48--T0.01--clenshaw-curtis--n16--mu0a98c798fc.json,
bdg_nodal48,0.01,clenshaw-curtis,20,success,0.6231329469010234,True,1.1720957436067714e-05,0.0005626059569472375,441,21.0,1e-13,1e-13,/home/tinkerer/.codex/worktrees/a93c/meanfi/build/periodic-study/convergence/runs/bdg_nodal48--T0.01--clenshaw-curtis--n20--mu0a98c798fc.json,
bdg_nodal48,0.01,clenshaw-curtis,24,success,0.8779238970018923,True,1.913192539421127e-06,9.176613935224509e-05,625,25.0,1e-13,1e-13,/home/tinkerer/.codex/worktrees/a93c/meanfi/build/periodic-study/convergence/runs/bdg_nodal48--T0.01--clenshaw-curtis--n24--mu0a98c798fc.json,
bdg_nodal48,0.01,clenshaw-curtis,32,success,1.5268174451775849,True,8.651741484899667e-07,4.1528359101761225e-05,1089,33.0,1e-13,1e-13,/home/tinkerer/.codex/worktrees/a93c/meanfi/build/periodic-study/convergence/runs/bdg_nodal48--T0.01--clenshaw-curtis--n32--mu0a98c798fc.json,
bdg_nodal48,0.01,clenshaw-curtis,40,success,2.385857403744012,True,3.703855028236447e-08,1.7778504286525276e-06,1681,41.0,1e-13,1e-13,/home/tinkerer/.codex/worktrees/a93c/meanfi/build/periodic-study/convergence/runs/bdg_nodal48--T0.01--clenshaw-curtis--n40--mu0a98c798fc.json,
bdg_nodal48,0.01,clenshaw-curtis,48,success,3.3714026561938226,True,2.5668353553776058e-08,1.232080990121176e-06,2401,49.0,1e-13,1e-13,/home/tinkerer/.codex/worktrees/a93c/meanfi/build/periodic-study/convergence/runs/bdg_nodal48--T0.01--clenshaw-curtis--n48--mu0a98c798fc.json,
bdg_nodal48,0.01,clenshaw-curtis,64,success,5.972833544015884,True,4.412854803792534e-10,2.1179570097729083e-08,4225,65.0,1e-13,1e-13,/home/tinkerer/.codex/worktrees/a93c/meanfi/build/periodic-study/convergence/runs/bdg_nodal48--T0.01--clenshaw-curtis--n64--mu0a98c798fc.json,
bdg_nodal48,0.01,clenshaw-curtis,96,success,13.270194769371301,True,1.2800871473928055e-12,6.145484121589107e-11,9409,97.0,1e-13,1e-13,/home/tinkerer/.codex/worktrees/a93c/meanfi/build/periodic-study/convergence/runs/bdg_nodal48--T0.01--clenshaw-curtis--n96--mu0a98c798fc.json,
bdg_nodal48,0.01,clenshaw-curtis,128,success,23.536337675061077,True,1.333400910267869e-15,6.394884621840902e-14,16641,129.0,1e-13,1e-13,/home/tinkerer/.codex/worktrees/a93c/meanfi/build/periodic-study/convergence/runs/bdg_nodal48--T0.01--clenshaw-curtis--n128--mu0a98c798fc.json,
bdg_nodal48,0.01,gm,0.01,success,0.7629088391549885,True,5.714314937229962e-06,0.0002331959374117787,561,23.68543856465402,1e-13,1e-13,/home/tinkerer/.codex/worktrees/a93c/meanfi/build/periodic-study/convergence/runs/bdg_nodal48--T0.01--gm--e0.01--mu0a98c798fc.json,
bdg_nodal48,0.01,gm,0.001,success,1.9410273008979857,True,8.813243251859504e-08,4.2303567155954624e-06,1445,38.01315561749642,1e-13,1e-13,/home/tinkerer/.codex/worktrees/a93c/meanfi/build/periodic-study/convergence/runs/bdg_nodal48--T0.01--gm--e0.001--mu0a98c798fc.json,
bdg_nodal48,0.01,gm,0.0001,success,4.016539970878512,True,1.0140006001524426e-08,4.867202143543636e-07,3009,54.85435260760991,1e-13,1e-13,/home/tinkerer/.codex/worktrees/a93c/meanfi/build/periodic-study/convergence/runs/bdg_nodal48--T0.01--gm--e0.0001--mu0a98c798fc.json,
bdg_nodal48,0.01,gm,1e-05,success,10.579331958200783,True,1.1763957891489797e-09,2.4518179486676672e-08,7089,84.19619943916709,1e-13,1e-13,/home/tinkerer/.codex/worktrees/a93c/meanfi/build/periodic-study/convergence/runs/bdg_nodal48--T0.01--gm--e1e-05--mu0a98c798fc.json,
bdg_nodal48,0.01,gm,1e-06,success,24.54252583300695,True,6.029152810290672e-11,2.877868610084988e-09,18377,135.56179402766844,1e-13,1e-13,/home/tinkerer/.codex/worktrees/a93c/meanfi/build/periodic-study/convergence/runs/bdg_nodal48--T0.01--gm--e1e-06--mu0a98c798fc.json,
bdg_nodal48,0.01,gm,1e-07,timeout,44.69315994577482,False,,,,,,,/home/tinkerer/.codex/worktrees/a93c/meanfi/build/periodic-study/convergence/runs/bdg_nodal48--T0.01--gm--e1e-07--mu0a98c798fc.json,timeout
bdg_nodal48,0.01,gk21,0.01,success,3.2138317548669875,True,3.245829046094606e-07,1.55798593546308e-05,2205,46.95742752749558,1e-13,1e-13,/home/tinkerer/.codex/worktrees/a93c/meanfi/build/periodic-study/convergence/runs/bdg_nodal48--T0.01--gk21--e0.01--mu0a98c798fc.json,
bdg_nodal48,0.01,gk21,0.001,success,13.162766613997519,True,1.0275691408878629e-10,4.932310559979669e-09,9261,96.23408959407264,1e-13,1e-13,/home/tinkerer/.codex/worktrees/a93c/meanfi/build/periodic-study/convergence/runs/bdg_nodal48--T0.01--gk21--e0.001--mu0a98c798fc.json,
bdg_nodal48,0.01,gk21,0.0001,success,13.122583365999162,True,1.0275696959993752e-10,4.932310559979669e-09,9261,96.23408959407264,1e-13,1e-13,/home/tinkerer/.codex/worktrees/a93c/meanfi/build/periodic-study/convergence/runs/bdg_nodal48--T0.01--gk21--e0.0001--mu0a98c798fc.json,
bdg_nodal48,0.01,gk21,1e-05,success,23.129476864356548,True,6.328271240363392e-15,2.6290081223123707e-13,16317,127.73801313626261,1e-13,1e-13,/home/tinkerer/.codex/worktrees/a93c/meanfi/build/periodic-study/convergence/runs/bdg_nodal48--T0.01--gk21--e1e-05--mu0a98c798fc.json,
bdg_nodal48,0.01,gk21,1e-06,success,23.09736368106678,True,6.2727600891321345e-15,2.8066438062523957e-13,16317,127.73801313626261,1e-13,1e-13,/home/tinkerer/.codex/worktrees/a93c/meanfi/build/periodic-study/convergence/runs/bdg_nodal48--T0.01--gk21--e1e-06--mu0a98c798fc.json,
bdg_nodal48,0.01,gk21,1e-07,success,27.95378464786336,True,3.4972025275731933e-15,1.2789769243681803e-13,19845,140.87228258248675,1e-13,1e-13,/home/tinkerer/.codex/worktrees/a93c/meanfi/build/periodic-study/convergence/runs/bdg_nodal48--T0.01--gk21--e1e-07--mu0a98c798fc.json,
bdg_gapped48,0.05,periodic,2,success,0.018007772974669933,True,0.001405455964840041,0.0674618863123122,4,2.0,1e-13,1e-13,/home/tinkerer/.codex/worktrees/a93c/meanfi/build/periodic-study/convergence/runs/bdg_gapped48--T0.05--periodic--n2--mu90a6ffdfb7.json,
bdg_gapped48,0.05,periodic,3,success,0.026386102195829153,True,0.00023350010022094025,0.011208004810590921,9,3.0,1e-13,1e-13,/home/tinkerer/.codex/worktrees/a93c/meanfi/build/periodic-study/convergence/runs/bdg_gapped48--T0.05--periodic--n3--mu90a6ffdfb7.json,
bdg_gapped48,0.05,periodic,4,success,0.02590885804966092,True,4.274355965933063e-05,0.002051690863645206,16,4.0,1e-13,1e-13,/home/tinkerer/.codex/worktrees/a93c/meanfi/build/periodic-study/convergence/runs/bdg_gapped48--T0.05--periodic--n4--mu90a6ffdfb7.json,
bdg_gapped48,0.05,periodic,5,success,0.04562650993466377,True,8.30103756785383e-06,0.00033695268008671064,25,5.0,1e-13,1e-13,/home/tinkerer/.codex/worktrees/a93c/meanfi/build/periodic-study/convergence/runs/bdg_gapped48--T0.05--periodic--n5--mu90a6ffdfb7.json,
bdg_gapped48,0.05,periodic,6,success,0.09137279726564884,True,2.278197589120068e-06,3.913662452958988e-05,36,6.0,1e-13,1e-13,/home/tinkerer/.codex/worktrees/a93c/meanfi/build/periodic-study/convergence/runs/bdg_gapped48--T0.05--periodic--n6--mu90a6ffdfb7.json,
bdg_gapped48,0.05,periodic,8,success,0.10307282861322165,True,1.212614709616977e-07,3.1678794769618435e-06,64,8.0,1e-13,1e-13,/home/tinkerer/.codex/worktrees/a93c/meanfi/build/periodic-study/convergence/runs/bdg_gapped48--T0.05--periodic--n8--mu90a6ffdfb7.json,
bdg_gapped48,0.05,periodic,10,success,0.13784200511872768,True,9.429605041244571e-09,4.526210375388473e-07,100,10.0,1e-13,1e-13,/home/tinkerer/.codex/worktrees/a93c/meanfi/build/periodic-study/convergence/runs/bdg_gapped48--T0.05--periodic--n10--mu90a6ffdfb7.json,
bdg_gapped48,0.05,periodic,12,success,0.20345146907493472,True,6.467638369311863e-10,3.102835677282201e-08,144,12.0,1e-13,1e-13,/home/tinkerer/.codex/worktrees/a93c/meanfi/build/periodic-study/convergence/runs/bdg_gapped48--T0.05--periodic--n12--mu90a6ffdfb7.json,
bdg_gapped48,0.05,periodic,16,success,0.37280271062627435,True,2.3705482021804453e-12,2.049205249932129e-11,256,16.0,1e-13,1e-13,/home/tinkerer/.codex/worktrees/a93c/meanfi/build/periodic-study/convergence/runs/bdg_gapped48--T0.05--periodic--n16--mu90a6ffdfb7.json,
bdg_gapped48,0.05,periodic,20,success,0.5787970079109073,True,1.2934108729486999e-14,6.217248937900877e-13,400,20.0,1e-13,1e-13,/home/tinkerer/.codex/worktrees/a93c/meanfi/build/periodic-study/convergence/runs/bdg_gapped48--T0.05--periodic--n20--mu90a6ffdfb7.json,
bdg_gapped48,0.05,periodic,24,success,0.8201895896345377,True,1.6690645057087283e-16,7.105427357601002e-15,576,24.0,1e-13,1e-13,/home/tinkerer/.codex/worktrees/a93c/meanfi/build/periodic-study/convergence/runs/bdg_gapped48--T0.05--periodic--n24--mu90a6ffdfb7.json,
bdg_gapped48,0.05,periodic,32,success,1.8525601592846215,True,8.389866982801362e-17,7.105427357601002e-15,1024,32.0,1e-13,1e-13,/home/tinkerer/.codex/worktrees/a93c/meanfi/build/periodic-study/convergence/runs/bdg_gapped48--T0.05--periodic--n32--mu90a6ffdfb7.json,
bdg_gapped48,0.05,periodic,40,success,2.2615451710298657,True,1.110223441284243e-16,0.0,1600,40.0,1e-13,1e-13,/home/tinkerer/.codex/worktrees/a93c/meanfi/build/periodic-study/convergence/runs/bdg_gapped48--T0.05--periodic--n40--mu90a6ffdfb7.json,
bdg_gapped48,0.05,periodic,48,success,3.255653904285282,True,1.6653345863174362e-16,3.552713678800501e-15,2304,48.0,1e-13,1e-13,/home/tinkerer/.codex/worktrees/a93c/meanfi/build/periodic-study/convergence/runs/bdg_gapped48--T0.05--periodic--n48--mu90a6ffdfb7.json,
bdg_gapped48,0.05,periodic,64,success,5.806761252693832,True,1.665334612695421e-16,7.105427357601002e-15,4096,64.0,1e-13,1e-13,/home/tinkerer/.codex/worktrees/a93c/meanfi/build/periodic-study/convergence/runs/bdg_gapped48--T0.05--periodic--n64--mu90a6ffdfb7.json,
bdg_gapped48,0.05,gauss,2,success,0.0319017400033772,True,0.003443974914355663,0.15008596406307362,4,2.0,1e-13,1e-13,/home/tinkerer/.codex/worktrees/a93c/meanfi/build/periodic-study/convergence/runs/bdg_gapped48--T0.05--gauss--n2--mu90a6ffdfb7.json,
bdg_gapped48,0.05,gauss,3,success,0.017331637907773256,True,0.000998142742844571,0.043330459277818534,9,3.0,1e-13,1e-13,/home/tinkerer/.codex/worktrees/a93c/meanfi/build/periodic-study/convergence/runs/bdg_gapped48--T0.05--gauss--n3--mu90a6ffdfb7.json,
bdg_gapped48,0.05,gauss,4,success,0.035771050956100225,True,0.00034723594626884235,0.016416661070579153,16,4.0,1e-13,1e-13,/home/tinkerer/.codex/worktrees/a93c/meanfi/build/periodic-study/convergence/runs/bdg_gapped48--T0.05--gauss--n4--mu90a6ffdfb7.json,
bdg_gapped48,0.05,gauss,5,success,0.047429334837943316,True,0.00012430992139805808,0.0059668762271058995,25,5.0,1e-13,1e-13,/home/tinkerer/.codex/worktrees/a93c/meanfi/build/periodic-study/convergence/runs/bdg_gapped48--T0.05--gauss--n5--mu90a6ffdfb7.json,
bdg_gapped48,0.05,gauss,6,success,0.05340365273877978,True,4.4149542773652684e-05,0.0021191780531282234,36,6.0,1e-13,1e-13,/home/tinkerer/.codex/worktrees/a93c/meanfi/build/periodic-study/convergence/runs/bdg_gapped48--T0.05--gauss--n6--mu90a6ffdfb7.json,
bdg_gapped48,0.05,gauss,8,success,0.09287297585979104,True,5.584255320795206e-06,0.00024137477660701734,64,8.0,1e-13,1e-13,/home/tinkerer/.codex/worktrees/a93c/meanfi/build/periodic-study/convergence/runs/bdg_gapped48--T0.05--gauss--n8--mu90a6ffdfb7.json,
bdg_gapped48,0.05,gauss,10,success,0.15004615625366569,True,1.1119550363397623e-06,1.6996546623460063e-05,100,10.0,1e-13,1e-13,/home/tinkerer/.codex/worktrees/a93c/meanfi/build/periodic-study/convergence/runs/bdg_gapped48--T0.05--gauss--n10--mu90a6ffdfb7.json,
bdg_gapped48,0.05,gauss,12,success,0.3797616860829294,True,1.8924937886244386e-07,1.6826547195591957e-06,144,12.0,1e-13,1e-13,/home/tinkerer/.codex/worktrees/a93c/meanfi/build/periodic-study/convergence/runs/bdg_gapped48--T0.05--gauss--n12--mu90a6ffdfb7.json,
bdg_gapped48,0.05,gauss,16,success,0.3779280320741236,True,6.210321923383333e-09,2.980954718623252e-07,256,16.0,1e-13,1e-13,/home/tinkerer/.codex/worktrees/a93c/meanfi/build/periodic-study/convergence/runs/bdg_gapped48--T0.05--gauss--n16--mu90a6ffdfb7.json,
bdg_gapped48,0.05,gauss,20,success,0.5686098909936845,True,2.359126227702299e-10,1.1322228488097608e-08,400,20.0,1e-13,1e-13,/home/tinkerer/.codex/worktrees/a93c/meanfi/build/periodic-study/convergence/runs/bdg_gapped48--T0.05--gauss--n20--mu90a6ffdfb7.json,
bdg_gapped48,0.05,gauss,24,success,1.2477360349148512,True,6.621786452500242e-12,1.7407941754754575e-10,576,24.0,1e-13,1e-13,/home/tinkerer/.codex/worktrees/a93c/meanfi/build/periodic-study/convergence/runs/bdg_gapped48--T0.05--gauss--n24--mu90a6ffdfb7.json,
bdg_gapped48,0.05,gauss,32,success,1.4582210597582161,True,9.214862545917815e-15,4.369837824924616e-13,1024,32.0,1e-13,1e-13,/home/tinkerer/.codex/worktrees/a93c/meanfi/build/periodic-study/convergence/runs/bdg_gapped48--T0.05--gauss--n32--mu90a6ffdfb7.json,
bdg_gapped48,0.05,gauss,40,success,2.278133996296674,True,2.775557561725426e-16,1.0658141036401503e-14,1600,40.0,1e-13,1e-13,/home/tinkerer/.codex/worktrees/a93c/meanfi/build/periodic-study/convergence/runs/bdg_gapped48--T0.05--gauss--n40--mu90a6ffdfb7.json,
bdg_gapped48,0.05,gauss,48,success,3.283224997110665,True,1.6653345374499082e-16,0.0,2304,48.0,1e-13,1e-13,/home/tinkerer/.codex/worktrees/a93c/meanfi/build/periodic-study/convergence/runs/bdg_gapped48--T0.05--gauss--n48--mu90a6ffdfb7.json,
bdg_gapped48,0.05,gauss,64,success,6.6932668020017445,True,8.454863295006318e-17,7.105427357601002e-15,4096,64.0,1e-13,1e-13,/home/tinkerer/.codex/worktrees/a93c/meanfi/build/periodic-study/convergence/runs/bdg_gapped48--T0.05--gauss--n64--mu90a6ffdfb7.json,
bdg_gapped48,0.05,clenshaw-curtis,2,success,0.024738915730267763,True,0.004538249084893586,0.12348740301658268,9,3.0,1e-13,1e-13,/home/tinkerer/.codex/worktrees/a93c/meanfi/build/periodic-study/convergence/runs/bdg_gapped48--T0.05--clenshaw-curtis--n2--mu90a6ffdfb7.json,
bdg_gapped48,0.05,clenshaw-curtis,3,success,0.034485462587326765,True,0.0022291292447007838,0.08950031765179745,16,4.0,1e-13,1e-13,/home/tinkerer/.codex/worktrees/a93c/meanfi/build/periodic-study/convergence/runs/bdg_gapped48--T0.05--clenshaw-curtis--n3--mu90a6ffdfb7.json,
bdg_gapped48,0.05,clenshaw-curtis,4,success,0.044435231015086174,True,0.0006813912675794898,0.02930649165132948,25,5.0,1e-13,1e-13,/home/tinkerer/.codex/worktrees/a93c/meanfi/build/periodic-study/convergence/runs/bdg_gapped48--T0.05--clenshaw-curtis--n4--mu90a6ffdfb7.json,
bdg_gapped48,0.05,clenshaw-curtis,5,success,0.05076839309185743,True,0.0002008134102572945,0.009639043692349247,36,6.0,1e-13,1e-13,/home/tinkerer/.codex/worktrees/a93c/meanfi/build/periodic-study/convergence/runs/bdg_gapped48--T0.05--clenshaw-curtis--n5--mu90a6ffdfb7.json,
bdg_gapped48,0.05,clenshaw-curtis,6,success,0.07690330687910318,True,7.000096692172386e-05,0.003360046412236528,49,7.0,1e-13,1e-13,/home/tinkerer/.codex/worktrees/a93c/meanfi/build/periodic-study/convergence/runs/bdg_gapped48--T0.05--clenshaw-curtis--n6--mu90a6ffdfb7.json,
bdg_gapped48,0.05,clenshaw-curtis,8,success,0.12083302298560739,True,1.00456896393597e-05,0.00048219310268393656,81,9.0,1e-13,1e-13,/home/tinkerer/.codex/worktrees/a93c/meanfi/build/periodic-study/convergence/runs/bdg_gapped48--T0.05--clenshaw-curtis--n8--mu90a6ffdfb7.json,
bdg_gapped48,0.05,clenshaw-curtis,10,success,0.17921752529218793,True,1.6412155014050578e-06,2.7927082829393157e-05,121,11.0,1e-13,1e-13,/home/tinkerer/.codex/worktrees/a93c/meanfi/build/periodic-study/convergence/runs/bdg_gapped48--T0.05--clenshaw-curtis--n10--mu90a6ffdfb7.json,
bdg_gapped48,0.05,clenshaw-curtis,12,success,0.25364176789298654,True,3.22453069287465e-07,1.0763397497726146e-06,169,13.0,1e-13,1e-13,/home/tinkerer/.codex/worktrees/a93c/meanfi/build/periodic-study/convergence/runs/bdg_gapped48--T0.05--clenshaw-curtis--n12--mu90a6ffdfb7.json,
bdg_gapped48,0.05,clenshaw-curtis,16,success,0.40599032677710056,True,7.26728514865993e-09,3.385687463719478e-07,289,17.0,1e-13,1e-13,/home/tinkerer/.codex/worktrees/a93c/meanfi/build/periodic-study/convergence/runs/bdg_gapped48--T0.05--clenshaw-curtis--n16--mu90a6ffdfb7.json,
bdg_gapped48,0.05,clenshaw-curtis,20,success,0.6239173873327672,True,3.09057390790457e-10,1.4834750317049838e-08,441,21.0,1e-13,1e-13,/home/tinkerer/.codex/worktrees/a93c/meanfi/build/periodic-study/convergence/runs/bdg_gapped48--T0.05--clenshaw-curtis--n20--mu90a6ffdfb7.json,
bdg_gapped48,0.05,clenshaw-curtis,24,success,0.8925094720907509,True,1.1131262578345513e-11,5.343032682958437e-10,625,25.0,1e-13,1e-13,/home/tinkerer/.codex/worktrees/a93c/meanfi/build/periodic-study/convergence/runs/bdg_gapped48--T0.05--clenshaw-curtis--n24--mu90a6ffdfb7.json,
bdg_gapped48,0.05,clenshaw-curtis,32,success,1.531144174747169,True,2.795541576006176e-13,1.340794142379309e-11,1089,33.0,1e-13,1e-13,/home/tinkerer/.codex/worktrees/a93c/meanfi/build/periodic-study/convergence/runs/bdg_gapped48--T0.05--clenshaw-curtis--n32--mu90a6ffdfb7.json,
bdg_gapped48,0.05,clenshaw-curtis,40,success,2.3731162580661476,True,5.634399057262008e-15,2.6290081223123707e-13,1681,41.0,1e-13,1e-13,/home/tinkerer/.codex/worktrees/a93c/meanfi/build/periodic-study/convergence/runs/bdg_gapped48--T0.05--clenshaw-curtis--n40--mu90a6ffdfb7.json,
bdg_gapped48,0.05,clenshaw-curtis,48,success,3.391990585718304,True,1.804801138741471e-16,0.0,2401,49.0,1e-13,1e-13,/home/tinkerer/.codex/worktrees/a93c/meanfi/build/periodic-study/convergence/runs/bdg_gapped48--T0.05--clenshaw-curtis--n48--mu90a6ffdfb7.json,
bdg_gapped48,0.05,clenshaw-curtis,64,success,5.968548943754286,True,1.6653346031754307e-16,3.552713678800501e-15,4225,65.0,1e-13,1e-13,/home/tinkerer/.codex/worktrees/a93c/meanfi/build/periodic-study/convergence/runs/bdg_gapped48--T0.05--clenshaw-curtis--n64--mu90a6ffdfb7.json,
bdg_gapped48,0.05,gm,0.01,success,0.12189092393964529,True,1.2931182214293013e-05,0.0006206967462851765,85,9.219544457292887,1e-13,1e-13,/home/tinkerer/.codex/worktrees/a93c/meanfi/build/periodic-study/convergence/runs/bdg_gapped48--T0.05--gm--e0.01--mu90a6ffdfb7.json,
bdg_gapped48,0.05,gm,0.001,success,0.4930279767140746,True,1.3186029157452595e-08,6.329293924522972e-07,357,18.894443627691185,1e-13,1e-13,/home/tinkerer/.codex/worktrees/a93c/meanfi/build/periodic-study/convergence/runs/bdg_gapped48--T0.05--gm--e0.001--mu90a6ffdfb7.json,
bdg_gapped48,0.05,gm,0.0001,success,0.854728243779391,True,1.7415568487333388e-08,8.359472829511105e-07,629,25.079872407968907,1e-13,1e-13,/home/tinkerer/.codex/worktrees/a93c/meanfi/build/periodic-study/convergence/runs/bdg_gapped48--T0.05--gm--e0.0001--mu90a6ffdfb7.json,
bdg_gapped48,0.05,gm,1e-05,success,3.682797946035862,True,4.226852935937405e-11,7.545253311036504e-11,2737,52.316345438113316,1e-13,1e-13,/home/tinkerer/.codex/worktrees/a93c/meanfi/build/periodic-study/convergence/runs/bdg_gapped48--T0.05--gm--e1e-05--mu90a6ffdfb7.json,
bdg_gapped48,0.05,gm,1e-06,success,6.650670146103948,True,4.559108646162713e-11,2.1883330703076354e-09,4981,70.57619995437555,1e-13,1e-13,/home/tinkerer/.codex/worktrees/a93c/meanfi/build/periodic-study/convergence/runs/bdg_gapped48--T0.05--gm--e1e-06--mu90a6ffdfb7.json,
bdg_gapped48,0.05,gm,1e-07,success,17.612610530108213,True,1.354472090042736e-13,6.487255177489715e-12,13209,114.9304137293519,1e-13,1e-13,/home/tinkerer/.codex/worktrees/a93c/meanfi/build/periodic-study/convergence/runs/bdg_gapped48--T0.05--gm--e1e-07--mu90a6ffdfb7.json,
bdg_gapped48,0.05,gk21,0.01,success,1.1340310759842396,True,1.5332626834840911e-10,7.357300546573242e-09,441,21.0,1e-13,1e-13,/home/tinkerer/.codex/worktrees/a93c/meanfi/build/periodic-study/convergence/runs/bdg_gapped48--T0.05--gk21--e0.01--mu90a6ffdfb7.json,
bdg_gapped48,0.05,gk21,0.001,success,0.641304078977555,True,1.5332621283725737e-10,7.357282783004848e-09,441,21.0,1e-13,1e-13,/home/tinkerer/.codex/worktrees/a93c/meanfi/build/periodic-study/convergence/runs/bdg_gapped48--T0.05--gk21--e0.001--mu90a6ffdfb7.json,
bdg_gapped48,0.05,gk21,0.0001,success,0.6275621890090406,True,1.533263516151355e-10,7.357300546573242e-09,441,21.0,1e-13,1e-13,/home/tinkerer/.codex/worktrees/a93c/meanfi/build/periodic-study/convergence/runs/bdg_gapped48--T0.05--gk21--e0.0001--mu90a6ffdfb7.json,
bdg_gapped48,0.05,gk21,1e-05,success,3.1175124594010413,True,2.775557602672416e-16,7.105427357601002e-15,2205,46.95742752749558,1e-13,1e-13,/home/tinkerer/.codex/worktrees/a93c/meanfi/build/periodic-study/convergence/runs/bdg_gapped48--T0.05--gk21--e1e-05--mu90a6ffdfb7.json,
bdg_gapped48,0.05,gk21,1e-06,success,3.1350387637503445,True,2.77555764169194e-16,7.105427357601002e-15,2205,46.95742752749558,1e-13,1e-13,/home/tinkerer/.codex/worktrees/a93c/meanfi/build/periodic-study/convergence/runs/bdg_gapped48--T0.05--gk21--e1e-06--mu90a6ffdfb7.json,
bdg_gapped48,0.05,gk21,1e-07,success,3.158709376119077,True,1.122805698407683e-16,3.552713678800501e-15,2205,46.95742752749558,1e-13,1e-13,/home/tinkerer/.codex/worktrees/a93c/meanfi/build/periodic-study/convergence/runs/bdg_gapped48--T0.05--gk21--e1e-07--mu90a6ffdfb7.json,
pocket1,0.002,periodic,2,success,0.000399160198867321,True,0.011954698811707043,0.011954698811707049,4,2.0,1.3096687241973921e-09,1.6787266021722758e-12,/home/tinkerer/.codex/worktrees/a93c/meanfi/build/periodic-study/convergence/runs/pocket1--T0.002--periodic--n2--mua6079a9d94.json,
pocket1,0.002,periodic,3,success,0.0004269080236554146,True,0.011999999999999997,0.012000000000000002,9,3.0,1.3096687241973921e-09,1.6787266021722758e-12,/home/tinkerer/.codex/worktrees/a93c/meanfi/build/periodic-study/convergence/runs/pocket1--T0.002--periodic--n3--mua6079a9d94.json,
pocket1,0.002,periodic,4,success,0.000410265289247036,True,0.011988674702926758,0.011988674702926763,16,4.0,1.3096687241973921e-09,1.6787266021722758e-12,/home/tinkerer/.codex/worktrees/a93c/meanfi/build/periodic-study/convergence/runs/pocket1--T0.002--periodic--n4--mua6079a9d94.json,
pocket1,0.002,periodic,5,success,0.0004267711192369461,True,0.01199999994593055,0.011999999945930555,25,5.0,1.3096687241973921e-09,1.6787266021722758e-12,/home/tinkerer/.codex/worktrees/a93c/meanfi/build/periodic-study/convergence/runs/pocket1--T0.002--periodic--n5--mua6079a9d94.json,
pocket1,0.002,periodic,6,success,0.0004079211503267288,True,0.011994966534634112,0.011994966534634117,36,6.0,1.3096687241973921e-09,1.6787266021722758e-12,/home/tinkerer/.codex/worktrees/a93c/meanfi/build/periodic-study/convergence/runs/pocket1--T0.002--periodic--n6--mua6079a9d94.json,
pocket1,0.002,periodic,8,success,0.00045105814933776855,True,0.011997167974240145,0.01199716797424015,64,8.0,1.3096687241973921e-09,1.6787266021722758e-12,/home/tinkerer/.codex/worktrees/a93c/meanfi/build/periodic-study/convergence/runs/pocket1--T0.002--periodic--n8--mua6079a9d94.json,
pocket1,0.002,periodic,10,success,0.0004272451624274254,True,0.003300930472943213,0.0019994987089236183,100,10.0,1.3096687241973921e-09,1.6787266021722758e-12,/home/tinkerer/.codex/worktrees/a93c/meanfi/build/periodic-study/convergence/runs/pocket1--T0.002--periodic--n10--mua6079a9d94.json,
pocket1,0.002,periodic,12,success,0.00046822475269436836,True,0.002875248304403324,0.001888758988530104,144,12.0,1.3096687241973921e-09,1.6787266021722758e-12,/home/tinkerer/.codex/worktrees/a93c/meanfi/build/periodic-study/convergence/runs/pocket1--T0.002--periodic--n12--mua6079a9d94.json,
pocket1,0.002,periodic,16,success,0.0004779188893735409,True,0.004128906629281729,0.004128906629281734,256,16.0,1.3096687241973921e-09,1.6787266021722758e-12,/home/tinkerer/.codex/worktrees/a93c/meanfi/build/periodic-study/convergence/runs/pocket1--T0.002--periodic--n16--mua6079a9d94.json,
pocket1,0.002,periodic,20,success,0.0011638570576906204,True,0.0004287597425465737,0.00011987935947641894,400,20.0,1.3096687241973921e-09,1.6787266021722758e-12,/home/tinkerer/.codex/worktrees/a93c/meanfi/build/periodic-study/convergence/runs/pocket1--T0.002--periodic--n20--mua6079a9d94.json,
pocket1,0.002,periodic,24,success,0.000767149031162262,True,0.0005079879061418162,6.701066536925031e-05,576,24.0,1.3096687241973921e-09,1.6787266021722758e-12,/home/tinkerer/.codex/worktrees/a93c/meanfi/build/periodic-study/convergence/runs/pocket1--T0.002--periodic--n24--mua6079a9d94.json,
pocket1,0.002,periodic,32,success,0.0009123282507061958,True,0.001286736955333453,0.0012867369553334566,1024,32.0,1.3096687241973921e-09,1.6787266021722758e-12,/home/tinkerer/.codex/worktrees/a93c/meanfi/build/periodic-study/convergence/runs/pocket1--T0.002--periodic--n32--mua6079a9d94.json,
pocket1,0.002,periodic,40,success,0.0011988230980932713,True,0.00021978932525207052,0.00014461580833566474,1600,40.0,1.3096687241973921e-09,1.6787266021722758e-12,/home/tinkerer/.codex/worktrees/a93c/meanfi/build/periodic-study/convergence/runs/pocket1--T0.002--periodic--n40--mua6079a9d94.json,
pocket1,0.002,periodic,48,success,0.0014638248831033707,True,0.00021828653216300216,0.00016149739485305827,2304,48.0,1.3096687241973921e-09,1.6787266021722758e-12,/home/tinkerer/.codex/worktrees/a93c/meanfi/build/periodic-study/convergence/runs/pocket1--T0.002--periodic--n48--mua6079a9d94.json,
pocket1,0.002,periodic,64,success,0.002199203707277775,True,0.00010035237890201715,8.988807027360962e-05,4096,64.0,1.3096687241973921e-09,1.6787266021722758e-12,/home/tinkerer/.codex/worktrees/a93c/meanfi/build/periodic-study/convergence/runs/pocket1--T0.002--periodic--n64--mua6079a9d94.json,
pocket1,0.002,periodic,96,success,0.004735879134386778,True,0.00015307266910040591,0.0001530726691004007,9216,96.0,1.3096687241973921e-09,1.6787266021722758e-12,/home/tinkerer/.codex/worktrees/a93c/meanfi/build/periodic-study/convergence/runs/pocket1--T0.002--periodic--n96--mua6079a9d94.json,
pocket1,0.002,periodic,128,success,0.0072173080407083035,True,0.00010916345972344921,0.000109163459723444,16384,128.0,1.3096687241973921e-09,1.6787266021722758e-12,/home/tinkerer/.codex/worktrees/a93c/meanfi/build/periodic-study/convergence/runs/pocket1--T0.002--periodic--n128--mua6079a9d94.json,
pocket1,0.002,periodic,192,success,0.015470670070499182,True,1.3087662016684695e-05,1.3087662016679491e-05,36864,192.0,1.3096687241973921e-09,1.6787266021722758e-12,/home/tinkerer/.codex/worktrees/a93c/meanfi/build/periodic-study/convergence/runs/pocket1--T0.002--periodic--n192--mua6079a9d94.json,
pocket1,0.002,periodic,256,success,0.0268935258500278,True,6.61599333914159e-06,6.615993339150264e-06,65536,256.0,1.3096687241973921e-09,1.6787266021722758e-12,/home/tinkerer/.codex/worktrees/a93c/meanfi/build/periodic-study/convergence/runs/pocket1--T0.002--periodic--n256--mua6079a9d94.json,
pocket1,0.002,periodic,384,success,0.06262439303100109,True,4.825859152707279e-07,4.82585915263789e-07,147456,384.0,1.3096687241973921e-09,1.6787266021722758e-12,/home/tinkerer/.codex/worktrees/a93c/meanfi/build/periodic-study/convergence/runs/pocket1--T0.002--periodic--n384--mua6079a9d94.json,
pocket1,0.002,periodic,512,success,0.20264409109950066,True,2.3134728550164255e-08,1.7908151026327368e-08,262144,512.0,1.3096687241973921e-09,1.6787266021722758e-12,/home/tinkerer/.codex/worktrees/a93c/meanfi/build/periodic-study/convergence/runs/pocket1--T0.002--periodic--n512--mua6079a9d94.json,
pocket1,0.002,periodic,768,success,0.3836403056047857,True,2.1972748512084878e-10,7.505553990816427e-11,589824,768.0,1.3096687241973921e-09,1.6787266021722758e-12,/home/tinkerer/.codex/worktrees/a93c/meanfi/build/periodic-study/convergence/runs/pocket1--T0.002--periodic--n768--mua6079a9d94.json,
pocket1,0.002,periodic,1024,success,0.4169979221187532,True,8.63121726868421e-12,8.631220738131162e-12,1048576,1024.0,1.3096687241973921e-09,1.6787266021722758e-12,/home/tinkerer/.codex/worktrees/a93c/meanfi/build/periodic-study/convergence/runs/pocket1--T0.002--periodic--n1024--mua6079a9d94.json,
pocket1,0.002,gauss,2,success,0.0006049447692930698,True,0.011999999999999997,0.012000000000000002,4,2.0,1.3096687241973921e-09,1.6787266021722758e-12,/home/tinkerer/.codex/worktrees/a93c/meanfi/build/periodic-study/convergence/runs/pocket1--T0.002--gauss--n2--mua6079a9d94.json,
pocket1,0.002,gauss,3,success,0.0013867472298443317,True,0.011964206468509268,0.011964206468509273,9,3.0,1.3096687241973921e-09,1.6787266021722758e-12,/home/tinkerer/.codex/worktrees/a93c/meanfi/build/periodic-study/convergence/runs/pocket1--T0.002--gauss--n3--mua6079a9d94.json,
pocket1,0.002,gauss,4,success,0.000649759080260992,True,0.011999999999999997,0.012000000000000002,16,4.0,1.3096687241973921e-09,1.6787266021722758e-12,/home/tinkerer/.codex/worktrees/a93c/meanfi/build/periodic-study/convergence/runs/pocket1--T0.002--gauss--n4--mua6079a9d94.json,
pocket1,0.002,gauss,5,success,0.0006345710717141628,True,0.011985338969501394,0.0119853389695014,25,5.0,1.3096687241973921e-09,1.6787266021722758e-12,/home/tinkerer/.codex/worktrees/a93c/meanfi/build/periodic-study/convergence/runs/pocket1--T0.002--gauss--n5--mua6079a9d94.json,
pocket1,0.002,gauss,6,success,0.0006302963010966778,True,0.011999999999999997,0.012000000000000002,36,6.0,1.3096687241973921e-09,1.6787266021722758e-12,/home/tinkerer/.codex/worktrees/a93c/meanfi/build/periodic-study/convergence/runs/pocket1--T0.002--gauss--n6--mua6079a9d94.json,
pocket1,0.002,gauss,8,success,0.0006585870869457722,True,0.011711519982141268,0.011711519982141273,64,8.0,1.3096687241973921e-09,1.6787266021722758e-12,/home/tinkerer/.codex/worktrees/a93c/meanfi/build/periodic-study/convergence/runs/pocket1--T0.002--gauss--n8--mua6079a9d94.json,
pocket1,0.002,gauss,10,success,0.0006300797685980797,True,0.010816753233479118,0.009833641782793183,100,10.0,1.3096687241973921e-09,1.6787266021722758e-12,/home/tinkerer/.codex/worktrees/a93c/meanfi/build/periodic-study/convergence/runs/pocket1--T0.002--gauss--n10--mua6079a9d94.json,
pocket1,0.002,gauss,12,success,0.0007357052527368069,True,0.004422923201371528,0.0035185626093843306,144,12.0,1.3096687241973921e-09,1.6787266021722758e-12,/home/tinkerer/.codex/worktrees/a93c/meanfi/build/periodic-study/convergence/runs/pocket1--T0.002--gauss--n12--mua6079a9d94.json,
pocket1,0.002,gauss,16,success,0.0007009091787040234,True,0.003027116549546259,0.0030271165495462642,256,16.0,1.3096687241973921e-09,1.6787266021722758e-12,/home/tinkerer/.codex/worktrees/a93c/meanfi/build/periodic-study/convergence/runs/pocket1--T0.002--gauss--n16--mua6079a9d94.json,
pocket1,0.002,gauss,20,success,0.0008345451205968857,True,0.0013243243678372255,0.0004721883576579069,400,20.0,1.3096687241973921e-09,1.6787266021722758e-12,/home/tinkerer/.codex/worktrees/a93c/meanfi/build/periodic-study/convergence/runs/pocket1--T0.002--gauss--n20--mua6079a9d94.json,
pocket1,0.002,gauss,24,success,0.0009985044598579407,True,0.0038705960661940004,0.0038705960661940056,576,24.0,1.3096687241973921e-09,1.6787266021722758e-12,/home/tinkerer/.codex/worktrees/a93c/meanfi/build/periodic-study/convergence/runs/pocket1--T0.002--gauss--n24--mua6079a9d94.json,
pocket1,0.002,gauss,32,success,0.0011965921148657799,True,0.00053177751901194,0.0005317775190119348,1024,32.0,1.3096687241973921e-09,1.6787266021722758e-12,/home/tinkerer/.codex/worktrees/a93c/meanfi/build/periodic-study/convergence/runs/pocket1--T0.002--gauss--n32--mua6079a9d94.json,
pocket1,0.002,gauss,40,success,0.0015702750533819199,True,0.0006815678872734935,0.0006815678872734952,1600,40.0,1.3096687241973921e-09,1.6787266021722758e-12,/home/tinkerer/.codex/worktrees/a93c/meanfi/build/periodic-study/convergence/runs/pocket1--T0.002--gauss--n40--mua6079a9d94.json,
pocket1,0.002,gauss,48,success,0.0018264660611748695,True,0.0007083917955599,0.0006456534884535566,2304,48.0,1.3096687241973921e-09,1.6787266021722758e-12,/home/tinkerer/.codex/worktrees/a93c/meanfi/build/periodic-study/convergence/runs/pocket1--T0.002--gauss--n48--mua6079a9d94.json,
pocket1,0.002,gauss,64,success,0.0026442273519933224,True,0.0002968903225912866,0.0002812687057097349,4096,64.0,1.3096687241973921e-09,1.6787266021722758e-12,/home/tinkerer/.codex/worktrees/a93c/meanfi/build/periodic-study/convergence/runs/pocket1--T0.002--gauss--n64--mua6079a9d94.json,
pocket1,0.002,gauss,96,success,0.0050192479975521564,True,0.00010282460276264507,9.473703583520385e-05,9216,96.0,1.3096687241973921e-09,1.6787266021722758e-12,/home/tinkerer/.codex/worktrees/a93c/meanfi/build/periodic-study/convergence/runs/pocket1--T0.002--gauss--n96--mua6079a9d94.json,
pocket1,0.002,gauss,128,success,0.008241099305450916,True,5.4836223947737695e-05,5.4362860083806766e-05,16384,128.0,1.3096687241973921e-09,1.6787266021722758e-12,/home/tinkerer/.codex/worktrees/a93c/meanfi/build/periodic-study/convergence/runs/pocket1--T0.002--gauss--n128--mua6079a9d94.json,
pocket1,0.002,gauss,192,success,0.032646500039845705,True,2.6871918820938453e-05,1.5098129638178512e-05,36864,192.0,1.3096687241973921e-09,1.6787266021722758e-12,/home/tinkerer/.codex/worktrees/a93c/meanfi/build/periodic-study/convergence/runs/pocket1--T0.002--gauss--n192--mua6079a9d94.json,
pocket1,0.002,gauss,256,success,0.031407007947564125,True,1.009090955149803e-05,1.7104385838222907e-06,65536,256.0,1.3096687241973921e-09,1.6787266021722758e-12,/home/tinkerer/.codex/worktrees/a93c/meanfi/build/periodic-study/convergence/runs/pocket1--T0.002--gauss--n256--mua6079a9d94.json,
pocket1,0.002,gauss,384,success,0.06849033432081342,True,7.712610656481975e-06,7.712610656475036e-06,147456,384.0,1.3096687241973921e-09,1.6787266021722758e-12,/home/tinkerer/.codex/worktrees/a93c/meanfi/build/periodic-study/convergence/runs/pocket1--T0.002--gauss--n384--mua6079a9d94.json,
pocket1,0.002,gauss,512,success,0.12060952698811889,True,2.1837315199915025e-06,2.1837315199845636e-06,262144,512.0,1.3096687241973921e-09,1.6787266021722758e-12,/home/tinkerer/.codex/worktrees/a93c/meanfi/build/periodic-study/convergence/runs/pocket1--T0.002--gauss--n512--mua6079a9d94.json,
pocket1,0.002,gauss,768,success,0.2625547950156033,True,3.8979806717286995e-08,3.279643864644022e-08,589824,768.0,1.3096687241973921e-09,1.6787266021722758e-12,/home/tinkerer/.codex/worktrees/a93c/meanfi/build/periodic-study/convergence/runs/pocket1--T0.002--gauss--n768--mua6079a9d94.json,
pocket1,0.002,gauss,1024,success,0.4773465059697628,True,2.658554777488841e-09,2.5989962421785195e-09,1048576,1024.0,1.3096687241973921e-09,1.6787266021722758e-12,/home/tinkerer/.codex/worktrees/a93c/meanfi/build/periodic-study/convergence/runs/pocket1--T0.002--gauss--n1024--mua6079a9d94.json,
pocket1,0.002,clenshaw-curtis,2,success,0.00047128787264227867,True,0.011919464554145854,0.011919464554145859,9,3.0,1.3096687241973921e-09,1.6787266021722758e-12,/home/tinkerer/.codex/worktrees/a93c/meanfi/build/periodic-study/convergence/runs/pocket1--T0.002--clenshaw-curtis--n2--mua6079a9d94.json,
pocket1,0.002,clenshaw-curtis,3,success,0.00043170806020498276,True,0.011999999999999997,0.012000000000000002,16,4.0,1.3096687241973921e-09,1.6787266021722758e-12,/home/tinkerer/.codex/worktrees/a93c/meanfi/build/periodic-study/convergence/runs/pocket1--T0.002--clenshaw-curtis--n3--mua6079a9d94.json,
pocket1,0.002,clenshaw-curtis,4,success,0.00045490730553865433,True,0.011971007239492504,0.01197100723949251,25,5.0,1.3096687241973921e-09,1.6787266021722758e-12,/home/tinkerer/.codex/worktrees/a93c/meanfi/build/periodic-study/convergence/runs/pocket1--T0.002--clenshaw-curtis--n4--mua6079a9d94.json,
pocket1,0.002,clenshaw-curtis,5,success,0.0004784921184182167,True,0.011999999999999997,0.012000000000000002,36,6.0,1.3096687241973921e-09,1.6787266021722758e-12,/home/tinkerer/.codex/worktrees/a93c/meanfi/build/periodic-study/convergence/runs/pocket1--T0.002--clenshaw-curtis--n5--mua6079a9d94.json,
pocket1,0.002,clenshaw-curtis,6,success,0.00047158636152744293,True,0.011987720627257973,0.011987720627257979,49,7.0,1.3096687241973921e-09,1.6787266021722758e-12,/home/tinkerer/.codex/worktrees/a93c/meanfi/build/periodic-study/convergence/runs/pocket1--T0.002--clenshaw-curtis--n6--mua6079a9d94.json,
pocket1,0.002,clenshaw-curtis,8,success,0.00046509411185979843,True,0.011992980084946406,0.011992980084946411,81,9.0,1.3096687241973921e-09,1.6787266021722758e-12,/home/tinkerer/.codex/worktrees/a93c/meanfi/build/periodic-study/convergence/runs/pocket1--T0.002--clenshaw-curtis--n8--mua6079a9d94.json,
pocket1,0.002,clenshaw-curtis,10,success,0.0004997407086193562,True,0.011995540132013278,0.011995540132013283,121,11.0,1.3096687241973921e-09,1.6787266021722758e-12,/home/tinkerer/.codex/worktrees/a93c/meanfi/build/periodic-study/convergence/runs/pocket1--T0.002--clenshaw-curtis--n10--mua6079a9d94.json,
pocket1,0.002,clenshaw-curtis,12,success,0.0005191909149289131,True,0.011996890583521925,0.01199689058352193,169,13.0,1.3096687241973921e-09,1.6787266021722758e-12,/home/tinkerer/.codex/worktrees/a93c/meanfi/build/periodic-study/convergence/runs/pocket1--T0.002--clenshaw-curtis--n12--mua6079a9d94.json,
pocket1,0.002,clenshaw-curtis,16,success,0.0012750979512929916,True,0.0034439961654127134,0.00254551702328667,289,17.0,1.3096687241973921e-09,1.6787266021722758e-12,/home/tinkerer/.codex/worktrees/a93c/meanfi/build/periodic-study/convergence/runs/pocket1--T0.002--clenshaw-curtis--n16--mua6079a9d94.json,
pocket1,0.002,clenshaw-curtis,20,success,0.0006969179958105087,True,0.0014753055865082824,0.00010921255967960737,441,21.0,1.3096687241973921e-09,1.6787266021722758e-12,/home/tinkerer/.codex/worktrees/a93c/meanfi/build/periodic-study/convergence/runs/pocket1--T0.002--clenshaw-curtis--n20--mua6079a9d94.json,
pocket1,0.002,clenshaw-curtis,24,success,0.0008316789753735065,True,0.003529102705533178,0.003529102705533185,625,25.0,1.3096687241973921e-09,1.6787266021722758e-12,/home/tinkerer/.codex/worktrees/a93c/meanfi/build/periodic-study/convergence/runs/pocket1--T0.002--clenshaw-curtis--n24--mua6079a9d94.json,
pocket1,0.002,clenshaw-curtis,32,success,0.001087954267859459,True,0.00040718886741509624,0.0002997253787106642,1089,33.0,1.3096687241973921e-09,1.6787266021722758e-12,/home/tinkerer/.codex/worktrees/a93c/meanfi/build/periodic-study/convergence/runs/pocket1--T0.002--clenshaw-curtis--n32--mua6079a9d94.json,
pocket1,0.002,clenshaw-curtis,40,success,0.0026504122652113438,True,0.0003387634681171783,9.059945754832932e-05,1681,41.0,1.3096687241973921e-09,1.6787266021722758e-12,/home/tinkerer/.codex/worktrees/a93c/meanfi/build/periodic-study/convergence/runs/pocket1--T0.002--clenshaw-curtis--n40--mua6079a9d94.json,
pocket1,0.002,clenshaw-curtis,48,success,0.0017270417883992195,True,0.001238950046314519,0.0012389500463145225,2401,49.0,1.3096687241973921e-09,1.6787266021722758e-12,/home/tinkerer/.codex/worktrees/a93c/meanfi/build/periodic-study/convergence/runs/pocket1--T0.002--clenshaw-curtis--n48--mua6079a9d94.json,
pocket1,0.002,clenshaw-curtis,64,success,0.0025460985489189625,True,0.0003503800456421786,0.00028655020583889107,4225,65.0,1.3096687241973921e-09,1.6787266021722758e-12,/home/tinkerer/.codex/worktrees/a93c/meanfi/build/periodic-study/convergence/runs/pocket1--T0.002--clenshaw-curtis--n64--mua6079a9d94.json,
pocket1,0.002,clenshaw-curtis,96,success,0.004779423121362925,True,0.00013938805508114809,0.00013011341079515598,9409,97.0,1.3096687241973921e-09,1.6787266021722758e-12,/home/tinkerer/.codex/worktrees/a93c/meanfi/build/periodic-study/convergence/runs/pocket1--T0.002--clenshaw-curtis--n96--mua6079a9d94.json,
pocket1,0.002,clenshaw-curtis,128,success,0.007955301087349653,True,8.327629955910527e-05,4.093673765994364e-05,16641,129.0,1.3096687241973921e-09,1.6787266021722758e-12,/home/tinkerer/.codex/worktrees/a93c/meanfi/build/periodic-study/convergence/runs/pocket1--T0.002--clenshaw-curtis--n128--mua6079a9d94.json,
pocket1,0.002,clenshaw-curtis,192,success,0.016627961304038763,True,2.381328222036589e-05,3.416889645578569e-06,37249,193.0,1.3096687241973921e-09,1.6787266021722758e-12,/home/tinkerer/.codex/worktrees/a93c/meanfi/build/periodic-study/convergence/runs/pocket1--T0.002--clenshaw-curtis--n192--mua6079a9d94.json,
pocket1,0.002,clenshaw-curtis,256,success,0.02895673317834735,True,9.342521494540281e-06,1.3407299949280693e-06,66049,257.0,1.3096687241973921e-09,1.6787266021722758e-12,/home/tinkerer/.codex/worktrees/a93c/meanfi/build/periodic-study/convergence/runs/pocket1--T0.002--clenshaw-curtis--n256--mua6079a9d94.json,
pocket1,0.002,clenshaw-curtis,384,success,0.0638348562642932,True,4.952244619379348e-06,4.9522446193880215e-06,148225,385.0,1.3096687241973921e-09,1.6787266021722758e-12,/home/tinkerer/.codex/worktrees/a93c/meanfi/build/periodic-study/convergence/runs/pocket1--T0.002--clenshaw-curtis--n384--mua6079a9d94.json,
pocket1,0.002,clenshaw-curtis,512,success,0.11044632503762841,True,2.173421878238352e-06,2.173421878243556e-06,263169,513.0,1.3096687241973921e-09,1.6787266021722758e-12,/home/tinkerer/.codex/worktrees/a93c/meanfi/build/periodic-study/convergence/runs/pocket1--T0.002--clenshaw-curtis--n512--mua6079a9d94.json,
pocket1,0.002,clenshaw-curtis,768,success,0.24684600392356515,True,4.1507115307983975e-08,3.699168539712805e-08,591361,769.0,1.3096687241973921e-09,1.6787266021722758e-12,/home/tinkerer/.codex/worktrees/a93c/meanfi/build/periodic-study/convergence/runs/pocket1--T0.002--clenshaw-curtis--n768--mua6079a9d94.json,
pocket1,0.002,clenshaw-curtis,1024,success,0.4369256147183478,True,2.04655461498452e-09,1.91465530235968e-09,1050625,1025.0,1.3096687241973921e-09,1.6787266021722758e-12,/home/tinkerer/.codex/worktrees/a93c/meanfi/build/periodic-study/convergence/runs/pocket1--T0.002--clenshaw-curtis--n1024--mua6079a9d94.json,
pocket1,0.002,gm,0.01,success,0.0014231246896088123,True,0.01203513068831497,0.012035130688314976,17,4.123105625617661,1.3096687241973921e-09,1.6787266021722758e-12,/home/tinkerer/.codex/worktrees/a93c/meanfi/build/periodic-study/convergence/runs/pocket1--T0.002--gm--e0.01--mua6079a9d94.json,
pocket1,0.002,gm,0.001,success,0.0014688014052808285,True,0.01203513068831497,0.012035130688314976,17,4.123105625617661,1.3096687241973921e-09,1.6787266021722758e-12,/home/tinkerer/.codex/worktrees/a93c/meanfi/build/periodic-study/convergence/runs/pocket1--T0.002--gm--e0.001--mua6079a9d94.json,
pocket1,0.002,gm,0.0001,success,0.03441990492865443,True,7.806153812396632e-05,7.806153812397153e-05,4777,69.1158447825099,1.3096687241973921e-09,1.6787266021722758e-12,/home/tinkerer/.codex/worktrees/a93c/meanfi/build/periodic-study/convergence/runs/pocket1--T0.002--gm--e0.0001--mua6079a9d94.json,
pocket1,0.002,gm,1e-05,success,0.07960278214886785,True,7.823893438508277e-05,7.823893438508797e-05,10013,100.0649788887201,1.3096687241973921e-09,1.6787266021722758e-12,/home/tinkerer/.codex/worktrees/a93c/meanfi/build/periodic-study/convergence/runs/pocket1--T0.002--gm--e1e-05--mua6079a9d94.json,
pocket1,0.002,gm,1e-06,success,0.1544913211837411,True,7.825446125351264e-05,7.825446125351784e-05,20553,143.36317518805168,1.3096687241973921e-09,1.6787266021722758e-12,/home/tinkerer/.codex/worktrees/a93c/meanfi/build/periodic-study/convergence/runs/pocket1--T0.002--gm--e1e-06--mua6079a9d94.json,
pocket1,0.002,gm,1e-07,success,0.39059086004272103,True,9.61064744835205e-08,9.610647448872467e-08,54417,233.2745163964551,1.3096687241973921e-09,1.6787266021722758e-12,/home/tinkerer/.codex/worktrees/a93c/meanfi/build/periodic-study/convergence/runs/pocket1--T0.002--gm--e1e-07--mua6079a9d94.json,
pocket1,0.002,gk21,0.01,success,0.005739767104387283,True,0.0003430822846290033,0.00033721593277771973,2205,46.95742752749558,1.3096687241973921e-09,1.6787266021722758e-12,/home/tinkerer/.codex/worktrees/a93c/meanfi/build/periodic-study/convergence/runs/pocket1--T0.002--gk21--e0.01--mua6079a9d94.json,
pocket1,0.002,gk21,0.001,success,0.01910501392558217,True,3.804817243102706e-05,3.732462917007545e-05,9261,96.23408959407264,1.3096687241973921e-09,1.6787266021722758e-12,/home/tinkerer/.codex/worktrees/a93c/meanfi/build/periodic-study/convergence/runs/pocket1--T0.002--gk21--e0.001--mua6079a9d94.json,
pocket1,0.002,gk21,0.0001,success,0.06062415800988674,True,1.6334596292828083e-06,1.5974041199084271e-06,16317,127.73801313626261,1.3096687241973921e-09,1.6787266021722758e-12,/home/tinkerer/.codex/worktrees/a93c/meanfi/build/periodic-study/convergence/runs/pocket1--T0.002--gk21--e0.0001--mua6079a9d94.json,
pocket1,0.002,gk21,1e-05,success,0.06141111999750137,True,1.4216845624359653e-08,1.4216845619155483e-08,30429,174.43910112127958,1.3096687241973921e-09,1.6787266021722758e-12,/home/tinkerer/.codex/worktrees/a93c/meanfi/build/periodic-study/convergence/runs/pocket1--T0.002--gk21--e1e-05--mua6079a9d94.json,
pocket1,0.002,gk21,1e-06,success,0.09928380325436592,True,5.331151089227546e-09,5.222295229936891e-09,51597,227.14973035423134,1.3096687241973921e-09,1.6787266021722758e-12,/home/tinkerer/.codex/worktrees/a93c/meanfi/build/periodic-study/convergence/runs/pocket1--T0.002--gk21--e1e-06--mua6079a9d94.json,
pocket1,0.002,gk21,1e-07,success,0.1544501632452011,True,4.5278214588412905e-12,4.526677643834631e-12,79821,282.5261049885479,1.3096687241973921e-09,1.6787266021722758e-12,/home/tinkerer/.codex/worktrees/a93c/meanfi/build/periodic-study/convergence/runs/pocket1--T0.002--gk21--e1e-07--mua6079a9d94.json,
wire48,0.05,periodic,2,success,0.001584620214998722,True,0.23429212596187826,3.358870838061236,2,2.0,2.3282093889300213e-09,3.3569591550985933e-09,/home/tinkerer/.codex/worktrees/a93c/meanfi/build/periodic-study/convergence/runs/wire48--T0.05--periodic--n2--mu1e37762bfb.json,
wire48,0.05,periodic,3,success,0.001966996118426323,True,0.18370921909228527,4.979902638656991,3,3.0,2.3282093889300213e-09,3.3569591550985933e-09,/home/tinkerer/.codex/worktrees/a93c/meanfi/build/periodic-study/convergence/runs/wire48--T0.05--periodic--n3--mu1e37762bfb.json,
wire48,0.05,periodic,4,success,0.002321327105164528,True,0.10484511979195349,1.9658467329283198,4,4.0,2.3282093889300213e-09,3.3569591550985933e-09,/home/tinkerer/.codex/worktrees/a93c/meanfi/build/periodic-study/convergence/runs/wire48--T0.05--periodic--n4--mu1e37762bfb.json,
wire48,0.05,periodic,5,success,0.003004838712513447,True,0.07283995117984987,0.8175469986144535,5,5.0,2.3282093889300213e-09,3.3569591550985933e-09,/home/tinkerer/.codex/worktrees/a93c/meanfi/build/periodic-study/convergence/runs/wire48--T0.05--periodic--n5--mu1e37762bfb.json,
wire48,0.05,periodic,6,success,0.002986786887049675,True,0.051077584911907614,0.18934570753287971,6,6.0,2.3282093889300213e-09,3.3569591550985933e-09,/home/tinkerer/.codex/worktrees/a93c/meanfi/build/periodic-study/convergence/runs/wire48--T0.05--periodic--n6--mu1e37762bfb.json,
wire48,0.05,periodic,8,success,0.004097623750567436,True,0.025769741502176105,0.06341849805047062,8,8.0,2.3282093889300213e-09,3.3569591550985933e-09,/home/tinkerer/.codex/worktrees/a93c/meanfi/build/periodic-study/convergence/runs/wire48--T0.05--periodic--n8--mu1e37762bfb.json,
wire48,0.05,periodic,10,success,0.004800624679774046,True,0.02352206010765933,0.0975402740075495,10,10.0,2.3282093889300213e-09,3.3569591550985933e-09,/home/tinkerer/.codex/worktrees/a93c/meanfi/build/periodic-study/convergence/runs/wire48--T0.05--periodic--n10--mu1e37762bfb.json,
wire48,0.05,periodic,12,success,0.005724840331822634,True,0.02030298385514963,0.04261507742440429,12,12.0,2.3282093889300213e-09,3.3569591550985933e-09,/home/tinkerer/.codex/worktrees/a93c/meanfi/build/periodic-study/convergence/runs/wire48--T0.05--periodic--n12--mu1e37762bfb.json,
wire48,0.05,periodic,16,success,0.007007259875535965,True,0.01168339982807981,0.03708145307930266,16,16.0,2.3282093889300213e-09,3.3569591550985933e-09,/home/tinkerer/.codex/worktrees/a93c/meanfi/build/periodic-study/convergence/runs/wire48--T0.05--periodic--n16--mu1e37762bfb.json,
wire48,0.05,periodic,20,success,0.00849781883880496,True,0.006140887244337999,0.016477271474542476,20,20.0,2.3282093889300213e-09,3.3569591550985933e-09,/home/tinkerer/.codex/worktrees/a93c/meanfi/build/periodic-study/convergence/runs/wire48--T0.05--periodic--n20--mu1e37762bfb.json,
wire48,0.05,periodic,24,success,0.010417742189019918,True,0.0041067096326726504,0.010459584425543511,24,24.0,2.3282093889300213e-09,3.3569591550985933e-09,/home/tinkerer/.codex/worktrees/a93c/meanfi/build/periodic-study/convergence/runs/wire48--T0.05--periodic--n24--mu1e37762bfb.json,
wire48,0.05,periodic,32,success,0.013057420961558819,True,0.0022423118297525413,0.001914972034882112,32,32.0,2.3282093889300213e-09,3.3569591550985933e-09,/home/tinkerer/.codex/worktrees/a93c/meanfi/build/periodic-study/convergence/runs/wire48--T0.05--periodic--n32--mu1e37762bfb.json,
wire48,0.05,periodic,40,success,0.016212111804634333,True,0.0012273863443502675,0.0077988857818809265,40,40.0,2.3282093889300213e-09,3.3569591550985933e-09,/home/tinkerer/.codex/worktrees/a93c/meanfi/build/periodic-study/convergence/runs/wire48--T0.05--periodic--n40--mu1e37762bfb.json,
wire48,0.05,periodic,48,success,0.017964572180062532,True,0.0008449417066087594,0.00996821245305668,48,48.0,2.3282093889300213e-09,3.3569591550985933e-09,/home/tinkerer/.codex/worktrees/a93c/meanfi/build/periodic-study/convergence/runs/wire48--T0.05--periodic--n48--mu1e37762bfb.json,
wire48,0.05,periodic,64,success,0.023708286229521036,True,0.00021171454945673185,0.0013632614065031134,64,64.0,2.3282093889300213e-09,3.3569591550985933e-09,/home/tinkerer/.codex/worktrees/a93c/meanfi/build/periodic-study/convergence/runs/wire48--T0.05--periodic--n64--mu1e37762bfb.json,
wire48,0.05,periodic,96,success,0.03340191766619682,True,1.2000236050746516e-05,4.100983670696223e-05,96,96.0,2.3282093889300213e-09,3.3569591550985933e-09,/home/tinkerer/.codex/worktrees/a93c/meanfi/build/periodic-study/convergence/runs/wire48--T0.05--periodic--n96--mu1e37762bfb.json,
wire48,0.05,periodic,128,success,0.043283706065267324,True,9.108368083654561e-07,3.5824888193758397e-06,128,128.0,2.3282093889300213e-09,3.3569591550985933e-09,/home/tinkerer/.codex/worktrees/a93c/meanfi/build/periodic-study/convergence/runs/wire48--T0.05--periodic--n128--mu1e37762bfb.json,
wire48,0.05,periodic,192,success,0.06364274816587567,True,7.51743661764337e-09,1.0130772665206678e-08,192,192.0,2.3282093889300213e-09,3.3569591550985933e-09,/home/tinkerer/.codex/worktrees/a93c/meanfi/build/periodic-study/convergence/runs/wire48--T0.05--periodic--n192--mu1e37762bfb.json,
wire48,0.05,periodic,256,success,0.08954822504892945,True,5.4939552907029565e-11,8.65405525019014e-10,256,256.0,2.3282093889300213e-09,3.3569591550985933e-09,/home/tinkerer/.codex/worktrees/a93c/meanfi/build/periodic-study/convergence/runs/wire48--T0.05--periodic--n256--mu1e37762bfb.json,
wire48,0.05,periodic,384,success,0.12275280011817813,True,1.9984014443252818e-15,1.0658141036401503e-14,384,384.0,2.3282093889300213e-09,3.3569591550985933e-09,/home/tinkerer/.codex/worktrees/a93c/meanfi/build/periodic-study/convergence/runs/wire48--T0.05--periodic--n384--mu1e37762bfb.json,
wire48,0.05,periodic,512,success,0.16817516600713134,True,4.47120740279839e-16,0.0,512,512.0,2.3282093889300213e-09,3.3569591550985933e-09,/home/tinkerer/.codex/worktrees/a93c/meanfi/build/periodic-study/convergence/runs/wire48--T0.05--periodic--n512--mu1e37762bfb.json,
wire48,0.05,gauss,2,success,0.0017240019515156746,True,0.4323785327097,16.323097313641192,2,2.0,2.3282093889300213e-09,3.3569591550985933e-09,/home/tinkerer/.codex/worktrees/a93c/meanfi/build/periodic-study/convergence/runs/wire48--T0.05--gauss--n2--mu1e37762bfb.json,
wire48,0.05,gauss,3,success,0.0021772892214357853,True,0.1787442968004258,0.692332103744274,3,3.0,2.3282093889300213e-09,3.3569591550985933e-09,/home/tinkerer/.codex/worktrees/a93c/meanfi/build/periodic-study/convergence/runs/wire48--T0.05--gauss--n3--mu1e37762bfb.json,
wire48,0.05,gauss,4,success,0.0026146280579268932,True,0.16397564664068048,3.983013443910462,4,4.0,2.3282093889300213e-09,3.3569591550985933e-09,/home/tinkerer/.codex/worktrees/a93c/meanfi/build/periodic-study/convergence/runs/wire48--T0.05--gauss--n4--mu1e37762bfb.json,
wire48,0.05,gauss,5,success,0.002923981286585331,True,0.12016698047564933,2.888779503263816,5,5.0,2.3282093889300213e-09,3.3569591550985933e-09,/home/tinkerer/.codex/worktrees/a93c/meanfi/build/periodic-study/convergence/runs/wire48--T0.05--gauss--n5--mu1e37762bfb.json,
wire48,0.05,gauss,6,success,0.003189259674400091,True,0.0695336241536269,0.6881236463866536,6,6.0,2.3282093889300213e-09,3.3569591550985933e-09,/home/tinkerer/.codex/worktrees/a93c/meanfi/build/periodic-study/convergence/runs/wire48--T0.05--gauss--n6--mu1e37762bfb.json,
wire48,0.05,gauss,8,success,0.0045064170844852924,True,0.04508534262866393,0.2770856209493999,8,8.0,2.3282093889300213e-09,3.3569591550985933e-09,/home/tinkerer/.codex/worktrees/a93c/meanfi/build/periodic-study/convergence/runs/wire48--T0.05--gauss--n8--mu1e37762bfb.json,
wire48,0.05,gauss,10,success,0.004928576294332743,True,0.03546756788650694,0.0031063425194162164,10,10.0,2.3282093889300213e-09,3.3569591550985933e-09,/home/tinkerer/.codex/worktrees/a93c/meanfi/build/periodic-study/convergence/runs/wire48--T0.05--gauss--n10--mu1e37762bfb.json,
wire48,0.05,gauss,12,success,0.005976867862045765,True,0.023768241561425867,0.14035531392158873,12,12.0,2.3282093889300213e-09,3.3569591550985933e-09,/home/tinkerer/.codex/worktrees/a93c/meanfi/build/periodic-study/convergence/runs/wire48--T0.05--gauss--n12--mu1e37762bfb.json,
wire48,0.05,gauss,16,success,0.0071457442827522755,True,0.01308943748898661,0.08304080308900552,16,16.0,2.3282093889300213e-09,3.3569591550985933e-09,/home/tinkerer/.codex/worktrees/a93c/meanfi/build/periodic-study/convergence/runs/wire48--T0.05--gauss--n16--mu1e37762bfb.json,
wire48,0.05,gauss,20,success,0.008706064894795418,True,0.012467675899663078,0.033530268216654946,20,20.0,2.3282093889300213e-09,3.3569591550985933e-09,/home/tinkerer/.codex/worktrees/a93c/meanfi/build/periodic-study/convergence/runs/wire48--T0.05--gauss--n20--mu1e37762bfb.json,
wire48,0.05,gauss,24,success,0.010318254120647907,True,0.00808783010025782,0.023859490855524967,24,24.0,2.3282093889300213e-09,3.3569591550985933e-09,/home/tinkerer/.codex/worktrees/a93c/meanfi/build/periodic-study/convergence/runs/wire48--T0.05--gauss--n24--mu1e37762bfb.json,
wire48,0.05,gauss,32,success,0.013490105047821999,True,0.004978418662050746,0.01815589136438689,32,32.0,2.3282093889300213e-09,3.3569591550985933e-09,/home/tinkerer/.codex/worktrees/a93c/meanfi/build/periodic-study/convergence/runs/wire48--T0.05--gauss--n32--mu1e37762bfb.json,
wire48,0.05,gauss,40,success,0.016871921252459288,True,0.0030524439456413935,0.011694572375620993,40,40.0,2.3282093889300213e-09,3.3569591550985933e-09,/home/tinkerer/.codex/worktrees/a93c/meanfi/build/periodic-study/convergence/runs/wire48--T0.05--gauss--n40--mu1e37762bfb.json,
wire48,0.05,gauss,48,success,0.017861289903521538,True,0.0016703362709239444,0.005543029107222708,48,48.0,2.3282093889300213e-09,3.3569591550985933e-09,/home/tinkerer/.codex/worktrees/a93c/meanfi/build/periodic-study/convergence/runs/wire48--T0.05--gauss--n48--mu1e37762bfb.json,
wire48,0.05,gauss,64,success,0.02297739638015628,True,0.0008506219805244353,0.004234066978934692,64,64.0,2.3282093889300213e-09,3.3569591550985933e-09,/home/tinkerer/.codex/worktrees/a93c/meanfi/build/periodic-study/convergence/runs/wire48--T0.05--gauss--n64--mu1e37762bfb.json,
wire48,0.05,gauss,96,success,0.03368691308423877,True,0.00010254232984213685,0.00016913231927873085,96,96.0,2.3282093889300213e-09,3.3569591550985933e-09,/home/tinkerer/.codex/worktrees/a93c/meanfi/build/periodic-study/convergence/runs/wire48--T0.05--gauss--n96--mu1e37762bfb.json,
wire48,0.05,gauss,128,success,0.043156536761671305,True,1.6652953765017298e-05,0.00011372232214057476,128,128.0,2.3282093889300213e-09,3.3569591550985933e-09,/home/tinkerer/.codex/worktrees/a93c/meanfi/build/periodic-study/convergence/runs/wire48--T0.05--gauss--n128--mu1e37762bfb.json,
wire48,0.05,gauss,192,success,0.0656331111676991,True,3.8761739340476e-07,4.506337781151615e-06,192,192.0,2.3282093889300213e-09,3.3569591550985933e-09,/home/tinkerer/.codex/worktrees/a93c/meanfi/build/periodic-study/convergence/runs/wire48--T0.05--gauss--n192--mu1e37762bfb.json,
wire48,0.05,gauss,256,success,0.15184979001060128,True,1.90226049356923e-08,1.1850559644699388e-07,256,256.0,2.3282093889300213e-09,3.3569591550985933e-09,/home/tinkerer/.codex/worktrees/a93c/meanfi/build/periodic-study/convergence/runs/wire48--T0.05--gauss--n256--mu1e37762bfb.json,
wire48,0.05,gauss,384,success,0.1262540454044938,True,1.8339108009968186e-11,1.581206277023739e-10,384,384.0,2.3282093889300213e-09,3.3569591550985933e-09,/home/tinkerer/.codex/worktrees/a93c/meanfi/build/periodic-study/convergence/runs/wire48--T0.05--gauss--n384--mu1e37762bfb.json,
wire48,0.05,gauss,512,success,0.3209853391163051,True,1.8318679906315083e-14,6.110667527536862e-13,512,512.0,2.3282093889300213e-09,3.3569591550985933e-09,/home/tinkerer/.codex/worktrees/a93c/meanfi/build/periodic-study/convergence/runs/wire48--T0.05--gauss--n512--mu1e37762bfb.json,
wire48,0.05,clenshaw-curtis,2,success,0.0019622561521828175,True,0.40093558303794585,11.358494450486198,3,3.0,2.3282093889300213e-09,3.3569591550985933e-09,/home/tinkerer/.codex/worktrees/a93c/meanfi/build/periodic-study/convergence/runs/wire48--T0.05--clenshaw-curtis--n2--mu1e37762bfb.json,
wire48,0.05,clenshaw-curtis,3,success,0.0023743798956274986,True,0.3092481515541977,8.773834936728507,4,4.0,2.3282093889300213e-09,3.3569591550985933e-09,/home/tinkerer/.codex/worktrees/a93c/meanfi/build/periodic-study/convergence/runs/wire48--T0.05--clenshaw-curtis--n3--mu1e37762bfb.json,
wire48,0.05,clenshaw-curtis,4,success,0.004837320651859045,True,0.1343041337695386,1.4402459553255298,5,5.0,2.3282093889300213e-09,3.3569591550985933e-09,/home/tinkerer/.codex/worktrees/a93c/meanfi/build/periodic-study/convergence/runs/wire48--T0.05--clenshaw-curtis--n4--mu1e37762bfb.json,
wire48,0.05,clenshaw-curtis,5,success,0.003170609939843416,True,0.1639821114396114,3.815760004496113,6,6.0,2.3282093889300213e-09,3.3569591550985933e-09,/home/tinkerer/.codex/worktrees/a93c/meanfi/build/periodic-study/convergence/runs/wire48--T0.05--clenshaw-curtis--n5--mu1e37762bfb.json,
wire48,0.05,clenshaw-curtis,6,success,0.003756326623260975,True,0.09967745758010099,2.042750606216515,7,7.0,2.3282093889300213e-09,3.3569591550985933e-09,/home/tinkerer/.codex/worktrees/a93c/meanfi/build/periodic-study/convergence/runs/wire48--T0.05--clenshaw-curtis--n6--mu1e37762bfb.json,
wire48,0.05,clenshaw-curtis,8,success,0.004418345168232918,True,0.06518031625719126,0.6579066296125369,9,9.0,2.3282093889300213e-09,3.3569591550985933e-09,/home/tinkerer/.codex/worktrees/a93c/meanfi/build/periodic-study/convergence/runs/wire48--T0.05--clenshaw-curtis--n8--mu1e37762bfb.json,
wire48,0.05,clenshaw-curtis,10,success,0.005212981253862381,True,0.041452703819683634,0.017842124346849175,11,11.0,2.3282093889300213e-09,3.3569591550985933e-09,/home/tinkerer/.codex/worktrees/a93c/meanfi/build/periodic-study/convergence/runs/wire48--T0.05--clenshaw-curtis--n10--mu1e37762bfb.json,
wire48,0.05,clenshaw-curtis,12,success,0.005869757849723101,True,0.025256781001042814,0.09279374220353276,13,13.0,2.3282093889300213e-09,3.3569591550985933e-09,/home/tinkerer/.codex/worktrees/a93c/meanfi/build/periodic-study/convergence/runs/wire48--T0.05--clenshaw-curtis--n12--mu1e37762bfb.json,
wire48,0.05,clenshaw-curtis,16,success,0.007668356876820326,True,0.018570420040010582,0.13335662010279137,17,17.0,2.3282093889300213e-09,3.3569591550985933e-09,/home/tinkerer/.codex/worktrees/a93c/meanfi/build/periodic-study/convergence/runs/wire48--T0.05--clenshaw-curtis--n16--mu1e37762bfb.json,
wire48,0.05,clenshaw-curtis,20,success,0.01578535418957472,True,0.009737451140052034,0.008237215097878448,21,21.0,2.3282093889300213e-09,3.3569591550985933e-09,/home/tinkerer/.codex/worktrees/a93c/meanfi/build/periodic-study/convergence/runs/wire48--T0.05--clenshaw-curtis--n20--mu1e37762bfb.json,
wire48,0.05,clenshaw-curtis,24,success,0.018882328178733587,True,0.009652842051039001,0.04126302479585675,25,25.0,2.3282093889300213e-09,3.3569591550985933e-09,/home/tinkerer/.codex/worktrees/a93c/meanfi/build/periodic-study/convergence/runs/wire48--T0.05--clenshaw-curtis--n24--mu1e37762bfb.json,
wire48,0.05,clenshaw-curtis,32,success,0.014166484121233225,True,0.005023054383451825,0.0036378967576382593,33,33.0,2.3282093889300213e-09,3.3569591550985933e-09,/home/tinkerer/.codex/worktrees/a93c/meanfi/build/periodic-study/convergence/runs/wire48--T0.05--clenshaw-curtis--n32--mu1e37762bfb.json,
wire48,0.05,clenshaw-curtis,40,success,0.0170173910446465,True,0.0027012019644025997,0.017992060491913264,41,41.0,2.3282093889300213e-09,3.3569591550985933e-09,/home/tinkerer/.codex/worktrees/a93c/meanfi/build/periodic-study/convergence/runs/wire48--T0.05--clenshaw-curtis--n40--mu1e37762bfb.json,
wire48,0.05,clenshaw-curtis,48,success,0.01842381712049246,True,0.0017583371092237954,0.003354473618990994,49,49.0,2.3282093889300213e-09,3.3569591550985933e-09,/home/tinkerer/.codex/worktrees/a93c/meanfi/build/periodic-study/convergence/runs/wire48--T0.05--clenshaw-curtis--n48--mu1e37762bfb.json,
wire48,0.05,clenshaw-curtis,64,success,0.02355433627963066,True,0.0008216033595062622,0.010421618040187042,65,65.0,2.3282093889300213e-09,3.3569591550985933e-09,/home/tinkerer/.codex/worktrees/a93c/meanfi/build/periodic-study/convergence/runs/wire48--T0.05--clenshaw-curtis--n64--mu1e37762bfb.json,
wire48,0.05,clenshaw-curtis,96,success,0.0336752007715404,True,0.0001298749723386769,7.827684436989557e-05,97,97.0,2.3282093889300213e-09,3.3569591550985933e-09,/home/tinkerer/.codex/worktrees/a93c/meanfi/build/periodic-study/convergence/runs/wire48--T0.05--clenshaw-curtis--n96--mu1e37762bfb.json,
wire48,0.05,clenshaw-curtis,128,success,0.04308992205187678,True,1.6077813124404372e-05,6.558408559698137e-05,129,129.0,2.3282093889300213e-09,3.3569591550985933e-09,/home/tinkerer/.codex/worktrees/a93c/meanfi/build/periodic-study/convergence/runs/wire48--T0.05--clenshaw-curtis--n128--mu1e37762bfb.json,
wire48,0.05,clenshaw-curtis,192,success,0.06458155112341046,True,3.085521737000718e-07,2.2093608968987155e-06,193,193.0,2.3282093889300213e-09,3.3569591550985933e-09,/home/tinkerer/.codex/worktrees/a93c/meanfi/build/periodic-study/convergence/runs/wire48--T0.05--clenshaw-curtis--n192--mu1e37762bfb.json,
wire48,0.05,clenshaw-curtis,256,success,0.08732836181297898,True,1.9401182271838735e-08,2.9064781159604536e-07,257,257.0,2.3282093889300213e-09,3.3569591550985933e-09,/home/tinkerer/.codex/worktrees/a93c/meanfi/build/periodic-study/convergence/runs/wire48--T0.05--clenshaw-curtis--n256--mu1e37762bfb.json,
wire48,0.05,clenshaw-curtis,384,success,0.12354215793311596,True,1.2089329537445792e-11,3.645084234449314e-12,385,385.0,2.3282093889300213e-09,3.3569591550985933e-09,/home/tinkerer/.codex/worktrees/a93c/meanfi/build/periodic-study/convergence/runs/wire48--T0.05--clenshaw-curtis--n384--mu1e37762bfb.json,
wire48,0.05,clenshaw-curtis,512,success,0.18805275578051805,True,1.099120794378905e-14,4.973799150320701e-14,513,513.0,2.3282093889300213e-09,3.3569591550985933e-09,/home/tinkerer/.codex/worktrees/a93c/meanfi/build/periodic-study/convergence/runs/wire48--T0.05--clenshaw-curtis--n512--mu1e37762bfb.json,
wire48,0.05,gm,0.01,success,0.16153915924951434,True,1.1940310407076993e-09,1.1896691631818612e-08,483,483.0,2.3282093889300213e-09,3.3569591550985933e-09,/home/tinkerer/.codex/worktrees/a93c/meanfi/build/periodic-study/convergence/runs/wire48--T0.05--gm--e0.01--mu1e37762bfb.json,
wire48,0.05,gm,0.001,success,0.18557929806411266,True,1.0699588437468321e-09,8.222027503279605e-09,567,567.0,2.3282093889300213e-09,3.3569591550985933e-09,/home/tinkerer/.codex/worktrees/a93c/meanfi/build/periodic-study/convergence/runs/wire48--T0.05--gm--e0.001--mu1e37762bfb.json,
wire48,0.05,gm,0.0001,success,0.25131066190078855,True,2.3527345026473923e-10,1.0262546368267067e-09,777,777.0,2.3282093889300213e-09,3.3569591550985933e-09,/home/tinkerer/.codex/worktrees/a93c/meanfi/build/periodic-study/convergence/runs/wire48--T0.05--gm--e0.0001--mu1e37762bfb.json,
wire48,0.05,gm,1e-05,success,0.26487202383577824,True,3.479994070687553e-13,1.6413537196058314e-12,819,819.0,2.3282093889300213e-09,3.3569591550985933e-09,/home/tinkerer/.codex/worktrees/a93c/meanfi/build/periodic-study/convergence/runs/wire48--T0.05--gm--e1e-05--mu1e37762bfb.json,
wire48,0.05,gm,1e-06,success,0.2890451508574188,True,1.7571236181573646e-13,7.887024366937112e-13,861,861.0,2.3282093889300213e-09,3.3569591550985933e-09,/home/tinkerer/.codex/worktrees/a93c/meanfi/build/periodic-study/convergence/runs/wire48--T0.05--gm--e1e-06--mu1e37762bfb.json,
wire48,0.05,gm,1e-07,success,0.38181116012856364,True,8.881784197001252e-16,7.105427357601002e-15,1155,1155.0,2.3282093889300213e-09,3.3569591550985933e-09,/home/tinkerer/.codex/worktrees/a93c/meanfi/build/periodic-study/convergence/runs/wire48--T0.05--gm--e1e-07--mu1e37762bfb.json,
wire48,0.05,gk21,0.01,success,0.15867099212482572,True,1.1940310407076993e-09,1.1896691631818612e-08,483,483.0,2.3282093889300213e-09,3.3569591550985933e-09,/home/tinkerer/.codex/worktrees/a93c/meanfi/build/periodic-study/convergence/runs/wire48--T0.05--gk21--e0.01--mu1e37762bfb.json,
wire48,0.05,gk21,0.001,success,0.18552719289436936,True,1.0699588437468321e-09,8.222027503279605e-09,567,567.0,2.3282093889300213e-09,3.3569591550985933e-09,/home/tinkerer/.codex/worktrees/a93c/meanfi/build/periodic-study/convergence/runs/wire48--T0.05--gk21--e0.001--mu1e37762bfb.json,
wire48,0.05,gk21,0.0001,success,0.25111193070188165,True,2.3527345026473923e-10,1.0262546368267067e-09,777,777.0,2.3282093889300213e-09,3.3569591550985933e-09,/home/tinkerer/.codex/worktrees/a93c/meanfi/build/periodic-study/convergence/runs/wire48--T0.05--gk21--e0.0001--mu1e37762bfb.json,
wire48,0.05,gk21,1e-05,success,0.5252592260949314,True,3.479994070687553e-13,1.6413537196058314e-12,819,819.0,2.3282093889300213e-09,3.3569591550985933e-09,/home/tinkerer/.codex/worktrees/a93c/meanfi/build/periodic-study/convergence/runs/wire48--T0.05--gk21--e1e-05--mu1e37762bfb.json,
wire48,0.05,gk21,1e-06,success,0.28324019303545356,True,1.7571236181573646e-13,7.887024366937112e-13,861,861.0,2.3282093889300213e-09,3.3569591550985933e-09,/home/tinkerer/.codex/worktrees/a93c/meanfi/build/periodic-study/convergence/runs/wire48--T0.05--gk21--e1e-06--mu1e37762bfb.json,
wire48,0.05,gk21,1e-07,success,0.3721521319821477,True,8.881784197001252e-16,7.105427357601002e-15,1155,1155.0,2.3282093889300213e-09,3.3569591550985933e-09,/home/tinkerer/.codex/worktrees/a93c/meanfi/build/periodic-study/convergence/runs/wire48--T0.05--gk21--e1e-07--mu1e37762bfb.json,
